Date,adj close,close,high,low,open,volume
2021-03-30,330.1639709472656,361.1000061035156,364.20001220703125,356.3500061035156,360.6499938964844,1544258
2021-03-31,333.13555908203125,364.3500061035156,367.8999938964844,358.20001220703125,361.1000061035156,2608055
2021-04-01,338.80438232421875,370.54998779296875,371.79998779296875,363.0,366.6499938964844,1939410
2021-04-05,323.3521728515625,353.6499938964844,368.95001220703125,349.1000061035156,366.0,3261535
2021-04-06,320.517822265625,350.54998779296875,357.0,349.29998779296875,355.0,2255552
2021-04-07,327.74102783203125,358.45001220703125,363.20001220703125,347.8999938964844,351.0,2318862
2021-04-08,325.13519287109375,355.6000061035156,363.45001220703125,354.3500061035156,361.1000061035156,2298645
2021-04-09,322.8035888671875,353.04998779296875,364.5,351.1000061035156,355.0,2032207
2021-04-12,300.63116455078125,328.79998779296875,344.6499938964844,322.54998779296875,344.0,5872031
2021-04-13,311.74029541015625,340.95001220703125,342.25,330.6499938964844,331.0,2107512
2021-04-15,313.0660400390625,342.3999938964844,347.6000061035156,335.8500061035156,341.20001220703125,3576685
2021-04-16,310.7801818847656,339.8999938964844,345.45001220703125,338.70001220703125,343.70001220703125,2949986
2021-04-19,302.8713073730469,331.25,332.1499938964844,321.1499938964844,328.0,2375620
2021-04-20,301.3626708984375,329.6000061035156,339.79998779296875,326.54998779296875,335.0,2784525
2021-04-22,307.762939453125,336.6000061035156,337.3500061035156,323.79998779296875,324.5,3308502
2021-04-23,307.62579345703125,336.45001220703125,339.95001220703125,331.5,332.0,2056875
2021-04-26,314.8489685058594,344.3500061035156,347.20001220703125,338.1499938964844,338.1499938964844,3355835
2021-04-27,322.66650390625,352.8999938964844,354.79998779296875,342.95001220703125,344.8500061035156,3737338
2021-04-28,332.1755065917969,363.29998779296875,364.20001220703125,355.45001220703125,355.45001220703125,3348589
2021-04-29,328.47247314453125,359.25,369.8999938964844,355.45001220703125,365.70001220703125,4703255
2021-04-30,323.1694030761719,353.45001220703125,362.45001220703125,350.54998779296875,355.0,3335513
2021-05-03,320.42645263671875,350.45001220703125,352.3500061035156,341.70001220703125,350.0,2636599
2021-05-04,321.4778747558594,351.6000061035156,362.75,350.20001220703125,355.0,2939675
2021-05-05,324.9066162109375,355.3500061035156,357.6000061035156,348.0,356.8999938964844,2923596
2021-05-06,325.0437316894531,355.5,359.3999938964844,350.5,357.8500061035156,2161771
2021-05-07,327.5124816894531,358.20001220703125,362.1499938964844,353.04998779296875,356.1000061035156,1531067
2021-05-10,330.8039855957031,361.79998779296875,367.0,359.0,360.0,2555563
2021-05-11,333.22698974609375,364.45001220703125,366.25,354.6499938964844,356.5,3107271
2021-05-12,336.3357238769531,367.8500061035156,373.3999938964844,362.0,363.70001220703125,3505968
2021-05-14,329.6153564453125,360.5,372.6000061035156,359.6000061035156,370.5,3228608
2021-05-17,350.5534973144531,383.3999938964844,385.5,363.8500061035156,363.8500061035156,8745463
2021-05-18,349.59344482421875,382.3500061035156,392.5,380.0,389.0,5210220
2021-05-19,351.3307189941406,384.25,389.5,381.0,382.5,4267872
2021-05-20,351.60498046875,384.54998779296875,388.0,382.0,387.79998779296875,1887433
2021-05-21,366.7371520996094,401.1000061035156,404.3999938964844,378.1000061035156,390.45001220703125,9416849
2021-05-24,376.7489929199219,412.04998779296875,418.8999938964844,405.29998779296875,417.1499938964844,6879567
2021-05-25,376.9318542480469,412.25,415.79998779296875,408.45001220703125,414.5,2794577
2021-05-26,378.1205139160156,413.54998779296875,418.70001220703125,410.8500061035156,414.1000061035156,2942741
2021-05-27,388.8638610839844,425.29998779296875,428.95001220703125,412.0,414.0,3154678
2021-05-28,385.8923034667969,422.04998779296875,433.6000061035156,420.0,429.70001220703125,4506252
2021-05-31,387.9038391113281,424.25,426.0,418.0,421.79998779296875,1965311
2021-06-01,395.5384521484375,432.6000061035156,435.20001220703125,425.3500061035156,426.3999938964844,3328821
2021-06-02,399.744384765625,437.20001220703125,437.8999938964844,429.0,431.8500061035156,2580545
2021-06-03,405.6962585449219,439.6499938964844,442.0,433.5,437.3999938964844,1776953
2021-06-04,403.7872009277344,433.6000061035156,441.8500061035156,431.70001220703125,437.5,1618456
2021-06-07,402.6697082519531,432.3999938964844,437.3500061035156,430.54998779296875,435.45001220703125,996934
2021-06-08,397.78070068359375,427.1499938964844,432.5,423.79998779296875,432.5,1995333
2021-06-09,392.4726257324219,421.45001220703125,432.29998779296875,418.1499938964844,428.0,1375395
2021-06-10,402.530029296875,432.25,433.29998779296875,422.5,424.54998779296875,1082322
2021-06-11,400.0156555175781,429.54998779296875,435.5,425.25,435.0,1273286
2021-06-14,400.76068115234375,430.3500061035156,432.3999938964844,416.79998779296875,427.3999938964844,1310929
2021-06-15,399.9690856933594,429.5,432.8500061035156,428.3500061035156,430.0,711897
2021-06-16,396.6632080078125,425.95001220703125,432.6499938964844,425.0,429.5,821648
2021-06-17,391.3085632324219,420.20001220703125,425.8999938964844,416.70001220703125,420.5,1133990
2021-06-18,384.41729736328125,412.79998779296875,424.29998779296875,402.6499938964844,424.29998779296875,2301956
2021-06-21,390.70318603515625,419.54998779296875,421.0,400.29998779296875,406.95001220703125,1650018
2021-06-22,389.9582214355469,418.75,426.29998779296875,417.3999938964844,423.25,957968
2021-06-23,390.0979309082031,418.8999938964844,424.75,415.0,420.8999938964844,1885815
2021-06-24,388.42169189453125,417.1000061035156,422.70001220703125,416.3999938964844,421.04998779296875,1165768
2021-06-25,399.2706604003906,428.75,430.95001220703125,418.8500061035156,420.04998779296875,1349402
2021-06-28,397.3150329589844,426.6499938964844,433.0,424.54998779296875,431.0,1228981
2021-06-29,392.5191345214844,421.5,429.0,420.75,427.3999938964844,2536574
2021-06-30,390.4238586425781,419.25,425.0,418.3999938964844,423.8999938964844,1150665
2021-07-01,391.4947814941406,420.3999938964844,423.5,417.25,420.0,1155524
2021-07-02,395.3594665527344,424.54998779296875,425.3999938964844,419.1499938964844,421.0,735480
2021-07-05,402.9490966796875,432.70001220703125,434.3999938964844,424.3999938964844,426.6000061035156,1721996
2021-07-06,400.1087646484375,429.6499938964844,436.5,428.1499938964844,432.1499938964844,2258713
2021-07-07,402.8094177246094,432.54998779296875,433.8999938964844,427.54998779296875,429.8999938964844,681203
2021-07-08,395.2197570800781,424.3999938964844,435.3999938964844,422.1000061035156,433.20001220703125,887493
2021-07-09,394.47479248046875,423.6000061035156,427.45001220703125,421.1499938964844,424.8500061035156,640939
2021-07-12,398.10662841796875,427.5,430.29998779296875,424.70001220703125,427.25,1385756
2021-07-13,399.6431579589844,429.1499938964844,431.6000061035156,428.29998779296875,429.6000061035156,961510
2021-07-14,401.3194274902344,430.95001220703125,432.20001220703125,426.5,429.20001220703125,895065
2021-07-15,401.9712829589844,431.6499938964844,432.8999938964844,429.79998779296875,432.04998779296875,464402
2021-07-16,400.6210021972656,430.20001220703125,432.29998779296875,427.75,431.70001220703125,504644
2021-07-19,398.2928466796875,427.70001220703125,429.3500061035156,420.25,423.5,1781263
2021-07-20,391.8672790527344,420.79998779296875,426.8500061035156,419.0,426.20001220703125,814158
2021-07-22,392.98480224609375,422.0,426.70001220703125,420.8999938964844,424.29998779296875,441258
2021-07-23,399.6431579589844,429.1499938964844,430.0,419.5,423.3999938964844,753824
2021-07-26,394.19537353515625,423.29998779296875,428.75,422.5,428.75,671109
2021-07-27,399.9225769042969,429.45001220703125,433.1499938964844,424.04998779296875,424.5,1375764
2021-07-28,396.19757080078125,425.45001220703125,430.5,421.0,430.5,647349
2021-07-29,411.3768615722656,441.75,443.75,425.5,425.5,2141040
2021-07-30,402.0178527832031,431.70001220703125,444.3500061035156,430.75,441.75,2202999
2021-08-02,404.9512634277344,434.8500061035156,436.6000061035156,431.8500061035156,435.3999938964844,1172231
2021-08-03,415.7536926269531,446.45001220703125,447.79998779296875,433.75,434.95001220703125,2095353
2021-08-04,425.6248474121094,457.04998779296875,467.29998779296875,441.5,447.8999938964844,5851611
2021-08-05,411.469970703125,441.8500061035156,462.6000061035156,438.5,460.20001220703125,3082205
2021-08-06,405.6962585449219,435.6499938964844,447.0,434.0,444.79998779296875,1140087
2021-08-09,403.6009216308594,433.3999938964844,441.79998779296875,431.0,438.8999938964844,874686
2021-08-10,397.0822448730469,426.3999938964844,436.3999938964844,421.70001220703125,434.8999938964844,1015030
2021-08-11,398.572265625,428.0,432.95001220703125,423.1499938964844,429.1499938964844,1256503
2021-08-12,397.734130859375,427.1000061035156,430.3999938964844,424.8999938964844,430.3999938964844,728877
2021-08-13,401.69189453125,431.3500061035156,432.1499938964844,424.8500061035156,428.0,1071640
2021-08-16,395.6388244628906,424.8500061035156,433.8999938964844,424.0,430.54998779296875,924073
2021-08-17,392.37945556640625,421.3500061035156,425.8999938964844,415.29998779296875,424.95001220703125,937046
2021-08-18,390.9826354980469,419.8500061035156,424.29998779296875,418.0,422.25,582401
2021-08-20,378.9695739746094,406.95001220703125,417.29998779296875,405.25,415.8999938964844,1549721
2021-08-23,381.157958984375,409.29998779296875,412.8999938964844,401.29998779296875,410.29998779296875,1304589
2021-08-24,388.8407287597656,417.54998779296875,418.79998779296875,408.29998779296875,410.0,610174
2021-08-25,387.58355712890625,416.20001220703125,421.25,414.5,418.5,718145
2021-08-26,382.55487060546875,410.79998779296875,415.79998779296875,410.0,415.0,597448
2021-08-27,383.998291015625,412.3500061035156,414.5,407.5,410.75,784995
2021-08-30,393.63665771484375,422.70001220703125,423.29998779296875,413.75,414.5,674347
2021-08-31,396.7097473144531,426.0,427.0,418.70001220703125,424.29998779296875,667701
2021-09-01,400.1553955078125,429.70001220703125,432.5,425.3999938964844,426.95001220703125,779955
2021-09-02,400.1087646484375,429.6499938964844,433.3999938964844,427.70001220703125,431.70001220703125,538671
2021-09-03,401.73846435546875,431.3999938964844,434.20001220703125,428.29998779296875,431.3999938964844,570467
2021-09-06,401.4125061035156,431.04998779296875,433.75,430.1499938964844,431.5,379495
2021-09-07,399.45697021484375,428.95001220703125,432.0,425.20001220703125,432.0,471095
2021-09-08,401.7850341796875,431.45001220703125,435.29998779296875,427.95001220703125,429.0,660761
2021-09-09,402.48345947265625,432.20001220703125,433.6499938964844,429.8999938964844,430.70001220703125,603452
2021-09-13,402.99566650390625,432.75,433.79998779296875,428.8500061035156,430.70001220703125,336299
2021-09-14,403.2750244140625,433.04998779296875,436.79998779296875,432.25,435.04998779296875,336968
2021-09-15,413.33245849609375,443.8500061035156,445.0,431.54998779296875,433.29998779296875,1880332
2021-09-16,431.7710876464844,463.6499938964844,465.8999938964844,442.79998779296875,445.1000061035156,1619636
2021-09-17,422.8311462402344,454.04998779296875,471.8500061035156,450.5,468.0,1741238
2021-09-20,407.2327880859375,437.29998779296875,453.45001220703125,435.5,449.8999938964844,7500730
2021-09-21,408.7693786621094,438.95001220703125,441.45001220703125,432.70001220703125,439.5,829404
2021-09-22,408.8158874511719,439.0,442.75,436.25,439.3999938964844,1009951
2021-09-23,418.8733215332031,449.79998779296875,451.0,442.0,442.0,2981829
2021-09-24,410.49212646484375,440.79998779296875,451.8999938964844,440.04998779296875,450.8999938964844,828337
2021-09-27,415.5208740234375,446.20001220703125,450.3500061035156,442.45001220703125,444.1000061035156,976555
2021-09-28,414.49652099609375,445.1000061035156,455.70001220703125,439.8500061035156,449.0,1161343
2021-09-29,428.4651184082031,460.1000061035156,462.1499938964844,439.04998779296875,441.3500061035156,2230717
2021-09-30,421.89990234375,453.04998779296875,464.79998779296875,451.54998779296875,460.0,1699540
2021-10-01,420.6893005371094,451.75,455.5,444.0,448.8999938964844,782190
2021-10-04,431.2123107910156,463.04998779296875,464.20001220703125,452.3999938964844,453.20001220703125,1260459
2021-10-05,432.7023010253906,464.6499938964844,469.0,458.6000061035156,462.0,575441
2021-10-06,425.7179870605469,457.1499938964844,471.0,453.79998779296875,465.6000061035156,1550391
2021-10-07,426.2767333984375,457.75,463.79998779296875,457.1499938964844,463.0,361785
2021-10-08,426.2301940917969,457.70001220703125,464.0,454.29998779296875,462.79998779296875,621573
2021-10-11,436.9394836425781,469.20001220703125,475.0,458.75,461.8999938964844,2624845
2021-10-12,449.8837585449219,483.1000061035156,484.45001220703125,468.1499938964844,469.8999938964844,1384526
2021-10-13,448.4869079589844,481.6000061035156,486.8999938964844,478.0,486.8999938964844,1086483
2021-10-14,456.77496337890625,490.5,493.95001220703125,482.0,482.3999938964844,891894
2021-10-18,463.61962890625,497.8500061035156,500.8500061035156,491.70001220703125,494.3999938964844,758057
2021-10-19,454.86590576171875,488.45001220703125,504.1000061035156,483.29998779296875,500.0,770638
2021-10-20,465.57525634765625,499.95001220703125,507.3500061035156,483.04998779296875,488.45001220703125,3688585
2021-10-21,468.4620361328125,503.04998779296875,506.79998779296875,492.0,503.5,1267598
2021-10-22,468.36895751953125,502.95001220703125,508.70001220703125,500.04998779296875,504.0,1187527
2021-10-25,471.5351867675781,506.3500061035156,515.5499877929688,498.0,506.8999938964844,1961517
2021-10-26,477.35540771484375,512.5999755859375,518.25,507.29998779296875,508.0,830550
2021-10-27,483.4551086425781,519.1500244140625,526.7000122070312,512.1500244140625,513.0,1415276
2021-10-28,466.9255065917969,501.3999938964844,520.7000122070312,498.0,520.7000122070312,919093
2021-10-29,467.8567810058594,502.3999938964844,512.6500244140625,488.3999938964844,501.70001220703125,1568911
2021-11-01,480.10260009765625,515.5499877929688,516.6500244140625,501.1000061035156,507.70001220703125,1068948
2021-11-02,485.82977294921875,521.7000122070312,524.7999877929688,512.0,515.5499877929688,1005299
2021-11-03,491.37066650390625,527.6500244140625,542.2000122070312,515.4000244140625,524.9000244140625,3590971
2021-11-04,493.9781494140625,530.4500122070312,536.0,528.0,531.9000244140625,425977
2021-11-08,487.1800842285156,523.1500244140625,534.9500122070312,516.6500244140625,534.9500122070312,1315335
2021-11-09,492.81414794921875,529.2000122070312,532.0999755859375,522.4000244140625,526.0,787051
2021-11-10,488.3441467285156,524.4000244140625,528.3499755859375,521.5999755859375,525.0,756785
2021-11-11,474.5151062011719,509.54998779296875,523.2999877929688,507.1499938964844,523.2999877929688,838804
2021-11-12,476.0982666015625,511.25,513.9000244140625,502.95001220703125,512.6500244140625,799018
2021-11-15,471.8611145019531,506.70001220703125,515.9000244140625,505.6000061035156,512.9000244140625,619564
2021-11-16,460.965576171875,495.0,507.0,493.45001220703125,506.75,1132667
2021-11-17,463.89898681640625,498.1499938964844,505.25,490.95001220703125,494.5,802235
2021-11-18,469.3002014160156,503.95001220703125,506.04998779296875,492.45001220703125,499.3999938964844,912338
2021-11-22,453.0034484863281,486.45001220703125,506.04998779296875,477.5,505.20001220703125,1913745
2021-11-23,459.1496276855469,493.04998779296875,495.29998779296875,480.0,485.1000061035156,1193622
2021-11-24,459.3359069824219,493.25,500.0,489.1000061035156,496.8500061035156,560204
2021-11-25,456.82147216796875,490.54998779296875,495.45001220703125,486.5,488.6000061035156,620391
2021-11-26,438.1501159667969,470.5,487.6000061035156,467.25,486.75,1058798
2021-11-29,432.7023010253906,464.6499938964844,477.0,454.3999938964844,469.79998779296875,1550087
2021-11-30,428.9307861328125,460.6000061035156,477.25,458.1499938964844,468.0,1297843
2021-12-01,442.62005615234375,475.29998779296875,477.20001220703125,463.8999938964844,464.3999938964844,1119158
2021-12-02,444.249755859375,477.04998779296875,477.8999938964844,471.0,475.20001220703125,620565
2021-12-03,440.6644592285156,473.20001220703125,481.5,470.1499938964844,477.29998779296875,1115457
2021-12-06,433.35418701171875,465.3500061035156,477.0,463.79998779296875,471.0,995692
2021-12-07,443.8772277832031,476.6499938964844,479.6499938964844,468.25,468.25,880883
2021-12-08,457.65966796875,491.45001220703125,492.0,480.45001220703125,481.95001220703125,1381773
2021-12-09,455.0055847167969,488.6000061035156,493.3999938964844,486.1000061035156,492.79998779296875,549234
2021-12-10,460.6861877441406,494.70001220703125,496.0,484.3500061035156,488.6000061035156,516296
2021-12-13,454.12091064453125,487.6499938964844,500.5,486.3500061035156,498.20001220703125,493489
2021-12-14,454.95904541015625,488.54998779296875,490.25,481.75,486.3999938964844,428009
2021-12-15,451.55999755859375,484.8999938964844,490.95001220703125,483.95001220703125,490.70001220703125,484461
2021-12-16,448.1144104003906,481.20001220703125,490.6499938964844,478.29998779296875,488.70001220703125,551188
2021-12-17,435.58917236328125,467.75,481.0,466.6499938964844,480.5,841124
2021-12-20,418.3146057128906,449.20001220703125,463.95001220703125,443.04998779296875,459.8999938964844,864331
2021-12-21,415.1949157714844,445.8500061035156,458.29998779296875,444.6499938964844,454.54998779296875,1037885
2021-12-22,424.4607849121094,455.79998779296875,457.3500061035156,449.29998779296875,451.70001220703125,411224
2021-12-23,430.18798828125,461.95001220703125,465.0,457.8999938964844,461.70001220703125,566285
2021-12-24,425.4386291503906,456.8500061035156,463.45001220703125,452.20001220703125,463.45001220703125,725349
2021-12-27,426.5561218261719,458.04998779296875,460.5,450.75,454.0,431060
2021-12-28,429.2567138671875,460.95001220703125,462.70001220703125,459.20001220703125,460.8999938964844,358659
2021-12-29,423.0173645019531,454.25,462.1000061035156,451.3500061035156,461.3999938964844,341372
2021-12-30,420.7358093261719,451.79998779296875,454.8500061035156,448.6000061035156,453.29998779296875,570476
2021-12-31,428.7911071777344,460.45001220703125,461.3999938964844,453.04998779296875,454.8999938964844,759285
2022-01-03,438.4760437011719,470.8500061035156,472.0,460.0,461.0,903996
2022-01-04,450.2562561035156,483.5,484.5,470.8999938964844,473.0,1414630
2022-01-05,458.35809326171875,492.20001220703125,494.95001220703125,479.3999938964844,482.0,1440504
2022-01-06,457.9389953613281,491.75,494.3500061035156,485.70001220703125,486.5,625841
2022-01-07,457.51995849609375,491.29998779296875,501.8500061035156,489.5,492.6000061035156,1593547
2022-01-10,468.9277038574219,503.54998779296875,504.8999938964844,492.1000061035156,492.1000061035156,1396089
2022-01-11,471.1626892089844,505.95001220703125,507.95001220703125,499.3500061035156,503.0,744196
2022-01-12,475.0738830566406,510.1499938964844,513.5,508.3500061035156,510.0,824367
2022-01-13,476.14483642578125,511.29998779296875,512.7999877929688,507.04998779296875,510.5,429874
2022-01-14,473.3045349121094,508.25,510.29998779296875,505.5,509.79998779296875,299655
2022-01-17,478.70574951171875,514.0499877929688,518.9000244140625,508.0,509.0,584692
2022-01-18,471.8145446777344,506.6499938964844,517.4000244140625,505.0,514.0499877929688,778697
2022-01-19,480.4285583496094,515.9000244140625,517.5,500.45001220703125,506.75,702233
2022-01-20,476.37762451171875,511.54998779296875,518.9000244140625,508.0,515.3499755859375,823123
2022-01-21,468.229248046875,502.79998779296875,507.3999938964844,498.04998779296875,506.5,747603
2022-01-24,460.12744140625,494.1000061035156,506.6499938964844,488.04998779296875,502.1000061035156,1283253
2022-01-25,479.45074462890625,514.8499755859375,517.5499877929688,489.45001220703125,491.3500061035156,921453
2022-01-27,492.6278381347656,529.0,531.0,503.54998779296875,504.20001220703125,2493441
2022-01-28,487.3663024902344,523.3499755859375,536.2999877929688,521.2000122070312,534.0999755859375,1545736
2022-01-31,501.3349304199219,538.3499755859375,540.8499755859375,528.4000244140625,529.2000122070312,968984
2022-02-01,495.6543884277344,532.25,545.0,519.75,545.0,1954988
2022-02-02,502.7318420410156,539.8499755859375,544.0499877929688,531.3499755859375,536.4500122070312,830652
2022-02-03,502.964599609375,540.0999755859375,544.5499877929688,536.9500122070312,537.9500122070312,997114
2022-02-04,493.745361328125,530.2000122070312,546.3499755859375,527.25,540.2999877929688,1520407
2022-02-07,496.5390319824219,533.2000122070312,549.0499877929688,525.6500244140625,534.0,2100024
2022-02-08,494.58343505859375,531.0999755859375,537.5499877929688,519.25,536.9000244140625,1263083
2022-02-09,498.35498046875,535.1500244140625,536.5,527.7999877929688,535.7000122070312,667959
2022-02-10,503.29058837890625,540.4500122070312,543.7999877929688,534.5,537.7000122070312,782033
2022-02-11,492.9071960449219,529.2999877929688,537.5999755859375,527.25,535.0999755859375,853832
2022-02-15,488.57696533203125,524.6500244140625,526.5999755859375,497.20001220703125,502.25,1804027
2022-02-16,480.84759521484375,516.3499755859375,527.9500122070312,514.0999755859375,527.0,734595
2022-02-17,477.54168701171875,512.7999877929688,519.9500122070312,511.20001220703125,519.4000244140625,939495
2022-02-18,480.009521484375,515.4500122070312,520.8499755859375,510.3999938964844,510.5,954624
2022-02-21,476.6570129394531,511.8500061035156,517.4500122070312,504.70001220703125,511.0,808216
2022-02-22,463.945556640625,498.20001220703125,505.3999938964844,495.54998779296875,500.3500061035156,1149937
2022-02-23,464.2714538574219,498.54998779296875,505.3999938964844,497.1499938964844,503.6499938964844,588247
2022-02-24,440.1522521972656,472.6499938964844,488.8500061035156,468.0,484.0,1309977
2022-02-25,449.65093994140625,482.8500061035156,491.79998779296875,478.1000061035156,478.1000061035156,1080494
2022-02-28,450.0699768066406,483.29998779296875,485.20001220703125,473.29998779296875,479.0,993482
2022-03-02,441.7819519042969,474.3999938964844,479.8999938964844,467.0,479.70001220703125,2238754
2022-03-03,435.17010498046875,467.29998779296875,484.0,464.70001220703125,479.1000061035156,2432850
2022-03-04,430.18798828125,461.95001220703125,470.79998779296875,458.1499938964844,463.5,863898
2022-03-07,410.0730895996094,440.3500061035156,453.3500061035156,433.5,447.75,1912924
2022-03-08,409.9334411621094,440.20001220703125,442.0,425.0,438.0,4531090
2022-03-09,420.8289489746094,451.8999938964844,454.20001220703125,438.54998779296875,444.54998779296875,1214373
2022-03-10,436.3807067871094,468.6000061035156,476.5,461.8500061035156,468.70001220703125,2110077
2022-03-11,438.05694580078125,470.3999938964844,474.79998779296875,462.04998779296875,467.3999938964844,1561384
2022-03-14,451.7928161621094,485.1499938964844,486.0,470.3999938964844,470.3999938964844,2147933
2022-03-15,452.4912414550781,485.8999938964844,490.3999938964844,480.6499938964844,489.5,1065720
2022-03-16,458.6839904785156,492.54998779296875,494.1000061035156,489.45001220703125,492.5,915455
2022-03-17,467.25146484375,501.75,503.45001220703125,497.95001220703125,497.95001220703125,573310
2022-03-21,456.86810302734375,490.6000061035156,502.6000061035156,489.04998779296875,502.29998779296875,553338
2022-03-22,459.941162109375,493.8999938964844,495.6000061035156,477.3500061035156,490.6000061035156,1375243
2022-03-23,456.9146423339844,490.6499938964844,502.29998779296875,489.1000061035156,498.0,1190281
2022-03-24,453.5155944824219,487.0,494.70001220703125,483.8500061035156,485.5,810390
2022-03-25,456.6352844238281,490.3500061035156,493.1499938964844,486.75,491.29998779296875,511009
2022-03-28,463.2005310058594,497.3999938964844,498.79998779296875,482.1000061035156,492.0,595404
2022-03-29,460.9189758300781,494.95001220703125,501.3999938964844,491.8999938964844,499.1000061035156,461843
2022-03-30,460.2205810546875,494.20001220703125,500.3500061035156,492.29998779296875,500.20001220703125,344125
2022-03-31,459.4755554199219,493.3999938964844,497.3999938964844,492.20001220703125,495.3999938964844,354982
2022-04-01,473.2579650878906,508.20001220703125,509.5,491.70001220703125,492.29998779296875,600796
2022-04-04,477.3088684082031,512.5499877929688,514.6500244140625,506.1499938964844,510.0,1013630
2022-04-05,474.2823181152344,509.29998779296875,516.2999877929688,508.0,513.5,864684
2022-04-06,478.70574951171875,514.0499877929688,515.25,506.3500061035156,507.04998779296875,582561
2022-04-07,479.68353271484375,515.0999755859375,519.9000244140625,511.0,511.79998779296875,1137060
2022-04-08,480.6147766113281,516.0999755859375,518.75,512.5999755859375,518.5,802473
2022-04-11,479.54388427734375,514.9500122070312,522.0,513.0499877929688,514.0,624986
2022-04-12,477.44854736328125,512.7000122070312,516.4500122070312,504.29998779296875,513.9500122070312,781283
2022-04-13,481.9185485839844,517.5,520.75,513.8499755859375,514.9000244140625,346944
2022-04-18,474.3754577636719,509.3999938964844,515.0999755859375,504.25,512.5999755859375,387773
2022-04-19,476.47076416015625,511.6499938964844,520.9000244140625,505.04998779296875,514.7000122070312,345906
2022-04-20,474.32891845703125,509.3500061035156,513.6500244140625,507.0,512.7999877929688,346641
2022-04-21,480.801025390625,516.2999877929688,517.75,512.7000122070312,512.7000122070312,451039
2022-04-22,465.9942932128906,500.3999938964844,513.9500122070312,499.20001220703125,513.9000244140625,464903
2022-04-25,460.6861877441406,494.70001220703125,499.1499938964844,490.0,496.0,386460
2022-04-26,471.209228515625,506.0,510.0,499.25,499.6000061035156,321411
2022-04-27,462.8280334472656,497.0,503.0,491.8500061035156,500.0,626412
2022-04-28,472.1870422363281,507.04998779296875,509.8999938964844,496.5,499.70001220703125,347902
2022-04-29,462.3623962402344,496.5,512.4500122070312,494.1499938964844,507.5,400939
2022-05-04,446.6244201660156,479.6000061035156,496.29998779296875,477.5,494.70001220703125,2528612
2022-05-05,446.9503479003906,479.95001220703125,494.1000061035156,478.79998779296875,488.0,480032
2022-05-06,451.0478210449219,484.3500061035156,486.0,472.1499938964844,474.0,616822
2022-05-09,442.9925537109375,475.70001220703125,483.6000061035156,473.6499938964844,475.6000061035156,699232
2022-05-10,442.433837890625,475.1000061035156,482.54998779296875,473.5,479.8999938964844,316684
2022-05-11,443.6444091796875,476.3999938964844,479.0,463.79998779296875,476.0,448239
2022-05-12,430.6535949707031,462.45001220703125,473.0,456.1499938964844,472.1499938964844,591337
2022-05-13,414.4499206542969,445.04998779296875,477.0,440.0,470.0,2162733
2022-05-16,423.8554992675781,455.1499938964844,461.3500061035156,439.04998779296875,445.3500061035156,1147347
2022-05-17,435.2166748046875,467.3500061035156,469.29998779296875,456.20001220703125,458.70001220703125,734829
2022-05-18,426.4630126953125,457.95001220703125,468.5,457.25,468.3999938964844,603406
2022-05-19,416.91778564453125,447.70001220703125,450.5,444.5,450.5,426219
2022-05-20,430.70013427734375,462.5,464.0,454.0,455.0,667957
2022-05-23,429.2567138671875,460.95001220703125,471.29998779296875,459.45001220703125,464.70001220703125,677212
2022-05-24,430.56048583984375,462.3500061035156,466.70001220703125,460.20001220703125,462.0,449676
2022-05-25,429.5674133300781,454.20001220703125,464.54998779296875,452.1499938964844,461.3999938964844,473896
2022-05-26,443.5647277832031,469.0,470.0,452.54998779296875,457.3999938964844,916936
2022-05-27,443.5647277832031,469.0,474.95001220703125,467.1499938964844,471.95001220703125,817811
2022-05-30,448.71917724609375,474.45001220703125,476.70001220703125,471.20001220703125,473.79998779296875,533868
2022-05-31,442.4298095703125,467.79998779296875,476.45001220703125,465.04998779296875,473.95001220703125,327190
2022-06-01,442.8081359863281,468.20001220703125,471.79998779296875,464.75,467.79998779296875,278790
2022-06-02,444.2740783691406,469.75,472.29998779296875,466.3500061035156,468.1000061035156,241276
2022-06-03,439.11962890625,464.29998779296875,475.45001220703125,463.5,473.6000061035156,263871
2022-06-06,438.4103088378906,463.54998779296875,465.6000061035156,456.5,464.29998779296875,245798
2022-06-07,438.2211608886719,463.3500061035156,465.95001220703125,461.04998779296875,462.0,180831
2022-06-08,445.5035400390625,471.04998779296875,475.5,463.25,467.3999938964844,1182307
2022-06-09,441.5313415527344,466.8500061035156,471.1499938964844,462.6499938964844,469.70001220703125,425573
2022-06-10,436.75518798828125,461.79998779296875,465.0,458.79998779296875,465.0,244332
2022-06-13,421.717529296875,445.8999938964844,456.5,442.3500061035156,456.5,942513
2022-06-14,423.51446533203125,447.79998779296875,449.29998779296875,443.29998779296875,445.0,1101886
2022-06-15,427.0138244628906,451.5,455.29998779296875,448.54998779296875,449.5,607019
2022-06-16,417.414306640625,441.3500061035156,457.8500061035156,440.20001220703125,454.5,1217230
2022-06-17,417.0832824707031,441.0,447.45001220703125,437.25,440.0,895050
2022-06-20,410.6993408203125,434.25,443.6499938964844,430.79998779296875,442.5,661319
2022-06-21,426.2572326660156,450.70001220703125,454.79998779296875,437.70001220703125,439.70001220703125,621344
2022-06-22,423.419921875,447.70001220703125,451.0,444.75,449.5,989313
2022-06-23,426.8719787597656,451.3500061035156,456.5,446.1000061035156,448.25,912612
2022-06-24,429.7092590332031,454.3500061035156,460.1000061035156,453.29998779296875,454.04998779296875,602969
2022-06-27,436.1877746582031,461.20001220703125,464.70001220703125,458.0,459.20001220703125,601964
2022-06-28,439.16693115234375,464.3500061035156,465.0,458.0,459.5,854729
2022-06-29,434.5326843261719,459.45001220703125,462.70001220703125,458.04998779296875,460.0,677227
2022-06-30,440.53826904296875,465.79998779296875,469.3500061035156,459.0,459.5,496650
2022-07-01,441.5786437988281,466.8999938964844,468.79998779296875,460.70001220703125,465.0,799663
2022-07-04,447.7734069824219,473.45001220703125,474.29998779296875,466.0,466.0,640405
2022-07-05,446.54388427734375,472.1499938964844,479.8500061035156,471.0,475.0,618975
2022-07-06,453.63714599609375,479.6499938964844,481.0,474.1000061035156,474.25,701008
2022-07-07,460.35211181640625,486.75,488.20001220703125,481.70001220703125,483.75,369392
2022-07-08,461.95989990234375,488.45001220703125,489.8500061035156,485.04998779296875,488.95001220703125,435819
2022-07-11,461.72344970703125,488.20001220703125,491.3999938964844,485.3999938964844,485.3999938964844,247612
2022-07-12,458.5078430175781,484.79998779296875,491.1000061035156,483.0,485.70001220703125,330405
2022-07-13,460.25750732421875,486.6499938964844,492.45001220703125,484.5,487.1000061035156,188583
2022-07-14,453.4480285644531,479.45001220703125,488.8500061035156,476.75,488.0,354773
2022-07-15,453.02239990234375,479.0,484.5,474.8500061035156,482.1000061035156,498088
2022-07-18,463.66229248046875,490.25,491.3500061035156,482.1000061035156,484.0,3415104
2022-07-19,470.99200439453125,498.0,498.6000061035156,488.04998779296875,489.5,471493
2022-07-20,481.0171203613281,508.6000061035156,510.5,500.0,500.0,1484210
2022-07-21,484.2799987792969,512.0499877929688,513.5,506.6000061035156,509.0,805396
2022-07-22,485.84051513671875,513.7000122070312,520.0,511.20001220703125,513.5,779806
2022-07-25,489.52899169921875,517.5999755859375,519.0,509.20001220703125,513.7000122070312,672074
2022-07-26,486.2661437988281,514.1500244140625,520.6500244140625,513.2999877929688,518.0,271857
2022-07-27,499.6960144042969,528.3499755859375,529.7999877929688,512.2999877929688,514.2999877929688,539235
2022-07-28,503.4317932128906,532.2999877929688,537.75,529.5,531.5499877929688,767500
2022-07-29,499.5541687011719,528.2000122070312,536.7000122070312,526.8499755859375,534.5499877929688,337009
2022-08-01,504.6612548828125,533.5999755859375,535.0,526.1500244140625,528.2999877929688,3033471
2022-08-02,512.4638671875,541.8499755859375,545.0,531.0999755859375,532.5999755859375,564728
2022-08-03,511.4707946777344,540.7999877929688,546.2999877929688,535.0,541.8499755859375,596673
2022-08-04,503.999267578125,532.9000244140625,544.25,524.2999877929688,543.9000244140625,579133
2022-08-05,501.8713073730469,530.6500244140625,542.75,529.0,535.0,530720
2022-08-08,492.08258056640625,520.2999877929688,525.0,514.0,525.0,826104
2022-08-10,486.59710693359375,514.5,523.4000244140625,513.5499877929688,522.7000122070312,390323
2022-08-11,496.1020812988281,524.5499877929688,525.9500122070312,517.0999755859375,520.0,348550
2022-08-12,501.8713073730469,530.6500244140625,531.5499877929688,525.0999755859375,525.0999755859375,353214
2022-08-16,497.37890625,525.9000244140625,534.0,525.0,532.0,283045
2022-08-17,499.3650207519531,528.0,530.5,524.2999877929688,526.9000244140625,331229
2022-08-18,503.5263671875,532.4000244140625,534.8499755859375,526.0499877929688,526.0499877929688,289749
2022-08-19,492.1772155761719,520.4000244140625,533.2999877929688,518.5,532.0,564022
2022-08-22,483.47613525390625,511.20001220703125,519.0,510.0,518.0999755859375,462814
2022-08-23,493.7376708984375,522.0499877929688,523.9000244140625,506.20001220703125,506.20001220703125,306013
2022-08-24,490.9949645996094,519.1500244140625,523.0,512.0999755859375,519.5,433428
2022-08-25,492.31903076171875,520.5499877929688,528.25,518.6500244140625,521.5,372408
2022-08-26,495.39276123046875,523.7999877929688,529.4500122070312,522.2000122070312,523.0499877929688,540353
2022-08-29,486.7862854003906,514.7000122070312,516.75,508.20001220703125,508.20001220703125,468398
2022-08-30,502.3442077636719,531.1500244140625,532.5499877929688,517.3499755859375,517.3499755859375,443811
2022-09-01,504.3775634765625,533.2999877929688,540.9500122070312,522.0,522.0,651439
2022-09-02,507.356689453125,536.4500122070312,537.9500122070312,531.25,536.0,688692
2022-09-05,509.7211608886719,538.9500122070312,540.7999877929688,536.4500122070312,536.5,378017
2022-09-06,508.5862121582031,537.75,542.75,534.0999755859375,538.8499755859375,655266
2022-09-07,503.7628479003906,532.6500244140625,537.4500122070312,531.5999755859375,535.0,343228
2022-09-08,515.1593017578125,544.7000122070312,546.2999877929688,535.0,535.0,534476
2022-09-09,523.4347534179688,553.4500122070312,557.0,548.0,549.0,1059122
2022-09-12,524.7587890625,554.8499755859375,558.3499755859375,551.1500244140625,555.0,532628
2022-09-13,527.9744873046875,558.25,559.9500122070312,553.9500122070312,557.8499755859375,372210
2022-09-14,540.6004028320312,571.5999755859375,574.75,548.2999877929688,548.2999877929688,1306487
2022-09-15,541.12060546875,572.1500244140625,578.6500244140625,567.8499755859375,575.0,507102
2022-09-16,531.1427612304688,561.5999755859375,573.9000244140625,560.2999877929688,567.7999877929688,295284
2022-09-19,541.3570556640625,572.4000244140625,574.4000244140625,559.4000244140625,561.0,1928071
2022-09-20,542.9647827148438,574.0999755859375,578.0,572.75,575.5,397222
2022-09-21,538.8980712890625,569.7999877929688,577.0999755859375,565.5499877929688,574.5499877929688,450751
2022-09-22,536.6282348632812,567.4000244140625,574.0,562.0,566.0499877929688,440248
2022-09-23,520.5974731445312,550.4500122070312,568.0,549.5,564.4000244140625,515453
2022-09-26,514.30810546875,543.7999877929688,549.0,533.0999755859375,546.5,661959
2022-09-27,507.1676025390625,536.25,550.75,533.2000122070312,544.0,675627
2022-09-28,496.8114013671875,525.2999877929688,539.75,520.7000122070312,533.0,1189112
2022-09-29,493.64312744140625,521.9500122070312,535.5499877929688,519.6500244140625,528.0,1020982
2022-09-30,502.24957275390625,531.0499877929688,536.9500122070312,516.2999877929688,524.0,906209
2022-10-03,491.4678649902344,519.6500244140625,531.4000244140625,518.2999877929688,528.7000122070312,444614
2022-10-04,503.81011962890625,532.7000122070312,535.7999877929688,528.0,531.0,283557
2022-10-06,508.1133728027344,537.25,541.7000122070312,533.0499877929688,533.0499877929688,408934
2022-10-07,501.5875549316406,530.3499755859375,535.7999877929688,526.6500244140625,535.7999877929688,301605
2022-10-10,501.5402526855469,530.2999877929688,533.9000244140625,522.1500244140625,525.0,408969
2022-10-11,498.6083984375,527.2000122070312,533.5999755859375,525.5999755859375,530.2999877929688,227126
2022-10-12,504.99237060546875,533.9500122070312,535.0999755859375,526.0499877929688,528.1500244140625,187354
2022-10-13,493.07562255859375,521.3499755859375,533.7000122070312,520.3499755859375,533.0,379867
2022-10-14,498.46649169921875,527.0499877929688,534.7000122070312,525.9500122070312,530.0,216543
2022-10-17,514.4027099609375,543.9000244140625,544.7999877929688,524.9500122070312,526.0499877929688,402075
2022-10-18,531.9466552734375,562.4500122070312,563.4000244140625,546.0999755859375,546.0999755859375,940655
2022-10-19,523.1983642578125,553.2000122070312,563.4000244140625,551.4500122070312,562.4500122070312,458561
2022-10-20,525.2789916992188,555.4000244140625,556.75,545.4000244140625,555.6500244140625,366493
2022-10-21,530.3861694335938,560.7999877929688,565.5499877929688,556.9500122070312,557.9000244140625,718300
2022-10-24,539.418212890625,570.3499755859375,572.4000244140625,566.25,566.25,139821
2022-10-25,546.7952270507812,578.1500244140625,586.0999755859375,568.0499877929688,571.2000122070312,1011296
2022-10-27,548.1192626953125,579.5499877929688,584.9500122070312,577.75,582.5,643193
2022-10-28,539.7965698242188,570.75,582.5,567.0,579.75,299442
2022-10-31,542.6810913085938,573.7999877929688,577.0999755859375,568.4000244140625,573.4000244140625,507867
2022-11-01,545.4711303710938,576.75,585.5,574.5,575.2000122070312,876313
2022-11-02,542.8229370117188,573.9500122070312,578.9500122070312,570.0,575.0999755859375,281391
2022-11-03,553.0845947265625,584.7999877929688,587.9000244140625,568.7999877929688,568.7999877929688,777934
2022-11-04,561.5491943359375,593.75,596.75,580.5999755859375,586.0,797243
2022-11-07,580.89013671875,614.2000122070312,622.9000244140625,607.8499755859375,614.0,1680075
2022-11-09,582.1668701171875,615.5499877929688,620.5499877929688,610.7000122070312,620.0,935161
2022-11-10,572.85107421875,605.7000122070312,615.0,602.2000122070312,610.0999755859375,605727
2022-11-11,568.5006103515625,601.0999755859375,618.2999877929688,598.75,616.0,579483
2022-11-14,560.4142456054688,592.5499877929688,604.0,591.5999755859375,604.0,344882
2022-11-15,568.3114624023438,600.9000244140625,602.0,592.75,593.25,423802
2022-11-16,567.0819091796875,599.5999755859375,603.4500122070312,595.8499755859375,600.9000244140625,546720
2022-11-17,566.6563110351562,599.1500244140625,602.7999877929688,596.4000244140625,598.0999755859375,247446
2022-11-18,569.966552734375,602.6500244140625,605.5,597.2999877929688,600.25,571317
2022-11-21,565.615966796875,598.0499877929688,602.0,595.5999755859375,602.0,143937
2022-11-22,566.6090087890625,599.0999755859375,600.7000122070312,596.2000122070312,598.0499877929688,156754
2022-11-23,574.7899169921875,607.75,609.3499755859375,601.0499877929688,603.0,511676
2022-11-24,576.3031616210938,609.3499755859375,611.2000122070312,605.6500244140625,610.0,410001
2022-11-25,574.5062255859375,607.4500122070312,613.5,606.4500122070312,610.0999755859375,437639
2022-11-28,575.6884155273438,608.7000122070312,610.9500122070312,602.5499877929688,605.0499877929688,315208
2022-11-29,575.4046630859375,608.4000244140625,611.6500244140625,607.1500244140625,609.9500122070312,390586
2022-11-30,569.8246459960938,602.5,611.5,598.4000244140625,609.2999877929688,291093
2022-12-01,575.0736083984375,608.0499877929688,609.7000122070312,601.5999755859375,607.5,564599
2022-12-02,574.6007690429688,607.5499877929688,609.5999755859375,604.5499877929688,608.0,176480
2022-12-05,583.6801147460938,617.1500244140625,618.0,605.0499877929688,605.0499877929688,585041
2022-12-06,575.9721069335938,609.0,619.7999877929688,608.0,614.7000122070312,298737
2022-12-07,574.08056640625,607.0,612.9000244140625,604.7000122070312,610.0999755859375,346921
2022-12-08,578.5256958007812,611.7000122070312,613.9000244140625,607.2999877929688,610.0,379325
2022-12-09,583.01806640625,616.4500122070312,618.0,609.0,614.0,628573
2022-12-12,579.802490234375,613.0499877929688,618.6500244140625,611.0499877929688,615.8499755859375,281485
2022-12-13,583.207275390625,616.6500244140625,617.25,612.5999755859375,614.4000244140625,2344503
2022-12-14,591.62451171875,625.5499877929688,626.5,617.3499755859375,619.4000244140625,657396
2022-12-15,582.1195678710938,615.5,629.6500244140625,614.0,625.0,494386
2022-12-16,570.5812377929688,603.2999877929688,615.5,593.5999755859375,612.7999877929688,331847
2022-12-19,572.1417846679688,604.9500122070312,609.4500122070312,602.9000244140625,608.2999877929688,207743
2022-12-20,571.8107299804688,604.5999755859375,606.5999755859375,599.4500122070312,603.5,383924
2022-12-21,561.2182006835938,593.4000244140625,609.1500244140625,589.7000122070312,604.6500244140625,450475
2022-12-22,561.1708374023438,593.3499755859375,599.0499877929688,587.5,595.2000122070312,523610
2022-12-23,542.8229370117188,573.9500122070312,590.4500122070312,572.0,590.0,439245
2022-12-26,564.386474609375,596.75,601.75,570.7000122070312,573.5999755859375,368995
2022-12-27,569.2098999023438,601.8499755859375,603.0999755859375,593.3499755859375,600.9000244140625,343276
2022-12-28,568.59521484375,601.2000122070312,606.9500122070312,598.8499755859375,602.0,258405
2022-12-29,579.0932006835938,612.2999877929688,616.3499755859375,597.3499755859375,601.2000122070312,621617
2022-12-30,579.9443359375,613.2000122070312,620.5,611.5,615.7000122070312,544009
2023-01-02,579.0458984375,612.25,619.25,611.5,615.0,189984
2023-01-03,579.140380859375,612.3499755859375,616.6500244140625,610.0499877929688,612.5499877929688,322698
2023-01-04,572.4254760742188,605.25,615.0,603.7999877929688,612.3499755859375,212339
2023-01-05,572.378173828125,605.2000122070312,611.5,602.0499877929688,607.9000244140625,319390
2023-01-06,568.0277099609375,600.5999755859375,607.4500122070312,597.0,606.0999755859375,362496
2023-01-09,574.8844604492188,607.8499755859375,609.0,600.5,605.9500122070312,477133
2023-01-10,562.873291015625,595.1500244140625,608.7999877929688,590.7000122070312,607.8499755859375,599806
2023-01-11,564.197265625,596.5499877929688,599.4000244140625,592.3499755859375,596.0,332770
2023-01-12,562.7313842773438,595.0,597.7999877929688,590.2999877929688,597.7999877929688,405611
2023-01-13,567.5074462890625,600.0499877929688,602.7000122070312,593.7000122070312,596.5999755859375,284458
2023-01-16,570.2975463867188,603.0,606.0,600.7000122070312,601.1500244140625,245456
2023-01-17,560.7926025390625,592.9500122070312,606.0,586.2000122070312,603.4000244140625,408441
2023-01-18,559.3265991210938,591.4000244140625,597.0999755859375,587.8499755859375,596.8499755859375,322537
2023-01-19,557.907958984375,589.9000244140625,591.5,587.7999877929688,591.5,168181
2023-01-20,559.9887084960938,592.0999755859375,596.5,590.5,592.0,259570
2023-01-23,567.8858032226562,600.4500122070312,601.5,592.5,598.1500244140625,138245
2023-01-24,562.1166381835938,594.3499755859375,604.5999755859375,593.0,602.4500122070312,217501
2023-01-25,537.9522705078125,568.7999877929688,595.8499755859375,567.2999877929688,595.0499877929688,936393
2023-01-27,510.9033508300781,540.2000122070312,572.1500244140625,532.3499755859375,572.1500244140625,1346646
2023-01-30,509.1536560058594,538.3499755859375,554.5,525.0499877929688,530.3499755859375,1702096
2023-01-31,523.6712646484375,553.7000122070312,556.9500122070312,538.0,545.75,1085214
2023-02-01,498.5137939453125,527.0999755859375,564.9500122070312,499.3500061035156,562.8499755859375,2394144
2023-02-02,499.3650207519531,528.0,532.7000122070312,502.54998779296875,516.7999877929688,1602831
2023-02-03,514.9228515625,544.4500122070312,546.0,519.4000244140625,535.0,1735194
2023-02-06,515.7740478515625,545.3499755859375,558.25,536.75,554.0,1473575
2023-02-07,517.4290771484375,547.0999755859375,551.6500244140625,541.25,548.0,647852
2023-02-08,519.7462768554688,549.5499877929688,554.6500244140625,545.5499877929688,548.1500244140625,738413
2023-02-09,520.78662109375,550.6500244140625,553.0,542.7999877929688,553.0,674156
2023-02-10,522.9619140625,552.9500122070312,557.0499877929688,546.6500244140625,547.4500122070312,361598
2023-02-13,508.1606140136719,537.2999877929688,556.7999877929688,533.4000244140625,554.7000122070312,577180
2023-02-14,511.3290100097656,540.6500244140625,544.5999755859375,530.7999877929688,539.7000122070312,330324
2023-02-15,512.794921875,542.2000122070312,544.6500244140625,537.0,541.4500122070312,294189
2023-02-16,510.8087463378906,540.0999755859375,546.75,539.0,546.0499877929688,263883
2023-02-17,502.10772705078125,530.9000244140625,539.5,527.7999877929688,539.1500244140625,771367
2023-02-20,496.62225341796875,525.0999755859375,534.0,522.0999755859375,532.4000244140625,507031
2023-02-21,494.87261962890625,523.25,529.0,522.5,527.2000122070312,317073
2023-02-22,488.3468017578125,516.3499755859375,521.75,512.5,521.2000122070312,355801
2023-02-23,492.55548095703125,520.7999877929688,524.0,511.25,518.6500244140625,674569
2023-02-24,492.6973571777344,520.9500122070312,527.5999755859375,517.4000244140625,526.75,351252
2023-02-27,499.3177185058594,527.9500122070312,529.5999755859375,519.0499877929688,520.9500122070312,397605
2023-02-28,494.39971923828125,522.75,528.0,521.7000122070312,527.9500122070312,589521
2023-03-01,507.68768310546875,536.7999877929688,537.5,523.0499877929688,523.0499877929688,384155
2023-03-02,504.8504638671875,533.7999877929688,539.9500122070312,532.4500122070312,536.0,480134
2023-03-03,530.6698608398438,561.0999755859375,564.0,541.2000122070312,541.2000122070312,2188942
2023-03-06,531.1901245117188,561.6500244140625,568.0,559.0499877929688,565.0,378483
2023-03-08,534.169189453125,564.7999877929688,565.5499877929688,556.5499877929688,560.0,415660
2023-03-09,528.7783203125,559.0999755859375,565.9000244140625,558.0999755859375,565.0,350522
2023-03-10,517.5709838867188,547.25,554.9500122070312,545.0,553.9000244140625,603505
2023-03-13,500.9728088378906,529.7000122070312,553.2000122070312,528.25,545.0999755859375,535464
2023-03-14,496.76416015625,525.25,532.9500122070312,520.0,528.9500122070312,545071
2023-03-15,489.38714599609375,517.4500122070312,531.8499755859375,515.5,530.4000244140625,393683
2023-03-16,496.007568359375,524.4500122070312,529.2999877929688,514.4000244140625,517.4500122070312,686944
2023-03-17,500.4999694824219,529.2000122070312,531.5999755859375,520.0999755859375,529.7000122070312,454773
2023-03-20,490.9476318359375,519.0999755859375,527.0,515.0,527.0,435403
2023-03-21,493.4539489746094,521.75,523.4000244140625,516.5499877929688,522.0,413466
2023-03-22,493.2174987792969,521.5,526.9000244140625,520.25,522.7000122070312,282783
2023-03-23,484.8947448730469,512.7000122070312,521.0,511.8999938964844,519.9000244140625,455428
2023-03-24,478.1798095703125,505.6000061035156,515.0999755859375,503.75,514.0999755859375,407127
2023-03-27,482.3411865234375,510.0,514.0,501.8500061035156,507.1000061035156,750504
2023-03-28,480.54425048828125,508.1000061035156,512.0,504.0,512.0,323998
2023-03-29,488.3468017578125,516.3499755859375,518.0,506.3999938964844,508.1000061035156,736275
2023-03-31,495.29815673828125,523.7000122070312,524.9000244140625,519.5499877929688,520.0499877929688,438019
2023-04-03,498.0882263183594,526.6500244140625,528.5,522.0499877929688,524.5499877929688,308599
2023-04-05,494.4469909667969,522.7999877929688,527.5999755859375,519.0,527.0,302349
2023-04-06,499.3177185058594,527.9500122070312,533.5999755859375,521.9000244140625,523.9500122070312,468140
2023-04-10,497.7571716308594,526.2999877929688,530.3499755859375,525.0,528.2999877929688,377867
2023-04-11,503.1480407714844,532.0,535.5,527.2000122070312,530.5499877929688,623590
2023-04-12,499.6014709472656,528.25,534.0499877929688,526.0499877929688,532.0999755859375,238741
2023-04-13,504.23577880859375,533.1500244140625,534.4500122070312,527.0999755859375,527.6500244140625,733247
2023-04-17,514.4972534179688,544.0,544.7000122070312,525.25,525.25,1042487
2023-04-18,516.1996459960938,545.7999877929688,548.2999877929688,540.4500122070312,542.0,652827
2023-04-19,511.0451354980469,540.3499755859375,547.25,538.5,544.4500122070312,317082
2023-04-20,515.1593017578125,544.7000122070312,545.3499755859375,536.9000244140625,540.5499877929688,454958
2023-04-21,513.5042724609375,542.9500122070312,546.4500122070312,539.7999877929688,544.1500244140625,199894
2023-04-24,524.4750366210938,554.5499877929688,555.5,542.9500122070312,542.9500122070312,512613
2023-04-25,531.1901245117188,561.6500244140625,568.0,554.5499877929688,555.0,655814
2023-04-26,535.587890625,566.2999877929688,567.0,556.4000244140625,562.0999755859375,302034
2023-04-27,534.31103515625,564.9500122070312,567.2999877929688,561.25,564.0999755859375,268175
2023-04-28,546.7006225585938,578.0499877929688,580.0,565.5499877929688,565.5499877929688,878199
2023-05-02,543.9579467773438,575.1500244140625,580.9500122070312,573.2999877929688,578.0999755859375,300302
2023-05-03,539.2763671875,570.2000122070312,575.0,569.0999755859375,571.0,428064
2023-05-04,548.5448608398438,580.0,581.0,569.0,571.5,443304
2023-05-05,545.0927734375,576.3499755859375,587.9500122070312,575.0499877929688,579.5,786758
2023-05-08,551.7605590820312,583.4000244140625,587.5,576.3499755859375,576.3499755859375,414153
2023-05-09,542.35009765625,573.4500122070312,586.6500244140625,572.1500244140625,585.0,401946
2023-05-10,541.0260009765625,572.0499877929688,574.3499755859375,563.3499755859375,574.0,382363
2023-05-11,542.3028564453125,573.4000244140625,577.5,572.5,574.8499755859375,243093
2023-05-12,546.7479248046875,578.0999755859375,580.7999877929688,571.75,574.9000244140625,240806
2023-05-15,550.341796875,581.9000244140625,583.9500122070312,574.5499877929688,578.7999877929688,294489
2023-05-16,554.4086303710938,586.2000122070312,590.0999755859375,582.0,583.75,734987
2023-05-17,554.6923828125,586.5,590.4500122070312,579.6500244140625,585.3499755859375,435714
2023-05-19,543.8633422851562,575.0499877929688,586.0499877929688,569.75,579.0999755859375,1090537
2023-05-22,545.8494873046875,577.1500244140625,580.25,573.7000122070312,578.2999877929688,359477
2023-05-23,550.0108032226562,581.5499877929688,583.5,577.0,579.7999877929688,652471
2023-05-24,550.95654296875,582.5499877929688,585.1500244140625,578.2999877929688,581.25,252785
2023-05-25,549.7743530273438,581.2999877929688,582.7000122070312,577.0,582.5499877929688,239193
2023-05-26,554.0775756835938,585.8499755859375,587.6500244140625,580.25,581.0,559609
2023-05-30,560.697998046875,592.8499755859375,595.5,591.4500122070312,595.0,305614
2023-05-31,559.73388671875,580.5499877929688,584.8499755859375,577.5,584.8499755859375,564194
2023-06-01,561.7103271484375,582.5999755859375,586.2000122070312,580.3499755859375,580.3499755859375,472416
2023-06-02,566.1454467773438,587.2000122070312,588.75,583.0499877929688,583.9000244140625,205626
2023-06-05,565.9525756835938,587.0,589.9000244140625,586.0,587.5499877929688,360723
2023-06-06,564.3135375976562,585.2999877929688,588.6500244140625,583.0499877929688,587.25,407110
2023-06-07,567.8327026367188,588.9500122070312,590.5,585.8499755859375,587.7000122070312,180445
2023-06-08,567.3988037109375,588.5,593.8499755859375,586.2000122070312,590.0,381761
2023-06-09,557.853759765625,578.5999755859375,589.0,577.0,588.0,509412
2023-06-12,557.8055419921875,578.5499877929688,581.5499877929688,577.9000244140625,580.7000122070312,174753
2023-06-13,555.732666015625,576.4000244140625,581.5499877929688,574.2999877929688,578.75,282636
2023-06-14,555.7808837890625,576.4500122070312,578.5,575.2999877929688,577.0,282579
2023-06-15,545.8019409179688,566.0999755859375,576.7999877929688,565.0,575.0,287910
2023-06-16,550.8154907226562,571.2999877929688,574.4000244140625,567.0499877929688,568.5,199410
2023-06-19,548.4051513671875,568.7999877929688,572.5,566.0,571.5,519204
2023-06-20,547.0553588867188,567.4000244140625,569.2999877929688,562.5999755859375,568.7999877929688,212196
2023-06-21,546.0912475585938,566.4000244140625,569.4000244140625,565.4500122070312,567.0,409445
2023-06-22,542.861328125,563.0499877929688,568.9000244140625,561.0999755859375,566.4000244140625,433310
2023-06-23,534.8107299804688,554.7000122070312,562.0,554.0,562.0,563498
2023-06-26,537.1246337890625,557.0999755859375,558.5,554.5999755859375,555.75,252355
2023-06-27,545.6574096679688,565.9500122070312,567.75,555.75,557.5499877929688,428216
2023-06-28,549.5139770507812,569.9500122070312,573.9500122070312,568.7000122070312,573.0,547692
2023-06-30,552.26171875,572.7999877929688,574.0,570.25,571.4000244140625,628114
2023-07-07,572.4605102539062,593.75,595.4000244140625,585.5,590.5999755859375,775540
2023-07-10,571.2554321289062,592.5,599.7999877929688,590.25,594.0,826561
2023-07-14,563.4940185546875,584.4500122070312,591.25,580.7000122070312,585.7999877929688,584518
2023-07-17,579.3541870117188,600.9000244140625,602.5999755859375,584.0999755859375,585.0499877929688,1106906
2023-07-19,579.7880249023438,601.3499755859375,602.2999877929688,592.0,594.0,549745
2023-07-20,588.0796508789062,609.9500122070312,610.75,598.7999877929688,600.5999755859375,844175
2023-07-21,592.9004516601562,614.9500122070312,619.5,609.0,610.7999877929688,1181652
2023-07-24,595.5036010742188,617.6500244140625,621.5,614.0999755859375,614.0999755859375,400927
2023-07-26,592.996826171875,615.0499877929688,616.4000244140625,609.25,611.5,387710
2023-07-28,593.9609375,616.0499877929688,619.7999877929688,613.8499755859375,616.0999755859375,699123
2023-08-03,569.4234619140625,590.5999755859375,600.75,585.2000122070312,598.0,1140437
2023-08-04,552.6956176757812,573.25,598.5,571.5,594.9000244140625,2741570
2023-08-07,547.4891967773438,567.8499755859375,579.75,566.6500244140625,579.75,978860
2023-08-08,552.358154296875,572.9000244140625,574.2999877929688,568.7000122070312,572.4000244140625,507743
2023-08-09,553.1776733398438,573.75,575.0,568.5,575.0,316646
2023-08-10,552.9848022460938,573.5499877929688,577.5999755859375,570.1500244140625,574.4500122070312,759679
2023-08-11,553.611572265625,574.2000122070312,578.7999877929688,572.0,574.5999755859375,401489
2023-08-14,540.4991455078125,560.5999755859375,573.0,558.7999877929688,573.0,1108036
2023-08-16,545.1270751953125,565.4000244140625,566.2000122070312,554.0999755859375,560.5999755859375,330163
2023-08-17,551.5867919921875,572.0999755859375,573.0,564.2000122070312,565.4000244140625,715572
2023-08-18,552.5028076171875,573.0499877929688,575.1500244140625,567.0,571.5,1231108
2023-08-21,550.9601440429688,571.4500122070312,575.5,570.6500244140625,573.0,460081
2023-08-22,547.923095703125,568.2999877929688,574.2999877929688,567.5499877929688,571.5999755859375,316184
2023-08-23,556.2147827148438,576.9000244140625,577.9000244140625,566.0499877929688,571.0,472921
2023-08-24,556.0219116210938,576.7000122070312,581.7999877929688,575.5499877929688,577.5999755859375,638959
2023-08-25,549.8031616210938,570.25,575.0999755859375,567.3499755859375,573.5499877929688,1483930
2023-08-28,552.26171875,572.7999877929688,574.5,569.2000122070312,573.4000244140625,623556
2023-08-29,554.57568359375,575.2000122070312,576.25,571.8499755859375,573.9500122070312,775277
2023-08-30,547.29638671875,567.6500244140625,577.5999755859375,566.2999877929688,575.2999877929688,1187186
2023-08-31,541.174072265625,561.2999877929688,570.25,559.3499755859375,568.6500244140625,1385583
2023-09-01,549.2728881835938,569.7000122070312,571.3499755859375,562.0,563.0,1710220
2023-09-04,554.9130859375,575.5499877929688,576.2999877929688,568.5,570.0499877929688,1590128
2023-09-05,552.358154296875,572.9000244140625,578.25,571.5,574.6500244140625,931075
2023-09-06,549.9959716796875,570.4500122070312,573.9500122070312,568.0999755859375,573.25,406259
2023-09-07,558.5286865234375,579.2999877929688,581.0,568.4500122070312,570.4500122070312,810019
2023-09-08,562.5298461914062,583.4500122070312,588.2000122070312,579.5999755859375,580.4000244140625,1379972
2023-09-11,570.3394165039062,591.5499877929688,592.2999877929688,585.3499755859375,586.2000122070312,884258
2023-09-12,567.1577758789062,588.25,594.1500244140625,584.5,592.25,589937
2023-09-13,575.0637817382812,596.4500122070312,597.9500122070312,583.5499877929688,587.0499877929688,459128
2023-09-14,575.786865234375,597.2000122070312,603.5,595.2999877929688,599.3499755859375,883061
2023-09-15,576.94384765625,598.4000244140625,600.5999755859375,595.2000122070312,599.0,314144
2023-09-18,582.2948608398438,603.9500122070312,608.25,596.5499877929688,596.5499877929688,432537
2023-09-20,579.498779296875,601.0499877929688,606.5499877929688,599.5499877929688,602.3499755859375,399803
2023-09-21,567.2059326171875,588.2999877929688,606.5499877929688,585.0,601.0,440399
2023-09-22,576.654541015625,598.0999755859375,602.0,592.0,593.0,866541
2023-09-25,572.7980346679688,594.0999755859375,601.7000122070312,590.5,600.0499877929688,336421
2023-09-26,572.9908447265625,594.2999877929688,595.1500244140625,591.4000244140625,594.0999755859375,385118
2023-09-27,568.3629150390625,589.5,594.3499755859375,588.2999877929688,594.2999877929688,177685
2023-09-28,568.7968139648438,589.9500122070312,595.2000122070312,589.0,590.7000122070312,227736
2023-09-29,577.2330932617188,598.7000122070312,600.0,591.4500122070312,593.4500122070312,657559
2023-10-03,581.3306884765625,602.9500122070312,604.4500122070312,589.7000122070312,597.5999755859375,640559
2023-10-04,564.9402465820312,585.9500122070312,600.75,584.5,600.75,461669
2023-10-05,571.0143432617188,592.25,594.4000244140625,587.25,590.8499755859375,235839
2023-10-06,572.7980346679688,594.0999755859375,598.9000244140625,592.25,594.0,607912
2023-10-09,564.0243530273438,585.0,588.75,581.5999755859375,588.75,220637
2023-10-10,570.3876342773438,591.5999755859375,594.9000244140625,585.7999877929688,586.4000244140625,188509
2023-10-11,567.2059326171875,588.2999877929688,596.9000244140625,587.75,596.2999877929688,222771
2023-10-12,565.1812744140625,586.2000122070312,592.9500122070312,585.0,591.7000122070312,196449
2023-10-13,555.4916381835938,576.1500244140625,581.3499755859375,575.0,578.7999877929688,1136896
2023-10-16,555.0577392578125,575.7000122070312,578.75,571.5499877929688,576.1500244140625,539887
2023-10-17,555.732666015625,576.4000244140625,579.9500122070312,575.2000122070312,578.0,421451
2023-10-18,552.1171875,572.6500244140625,579.2000122070312,569.4500122070312,577.0499877929688,317937
2023-10-19,550.7672729492188,571.25,573.7999877929688,567.0499877929688,570.5,365001
2023-10-20,543.0541381835938,563.25,570.25,562.1500244140625,570.0,908786
2023-10-23,533.2198486328125,553.0499877929688,566.0,551.0499877929688,563.25,568113
2023-10-25,536.4015502929688,556.3499755859375,560.7999877929688,553.6500244140625,558.0999755859375,646354
2023-10-26,527.5314331054688,547.1500244140625,552.6500244140625,543.1500244140625,552.6500244140625,825405
2023-10-27,540.8848266601562,561.0,562.5,549.8499755859375,552.8499755859375,838984
2023-10-30,544.7896118164062,565.0499877929688,566.7000122070312,556.5999755859375,562.3499755859375,242414
2023-10-31,545.078857421875,565.3499755859375,569.5999755859375,563.0999755859375,568.4500122070312,172015
2023-11-01,545.8983764648438,566.2000122070312,569.7000122070312,563.9000244140625,567.0499877929688,426099
2023-11-02,551.39404296875,571.9000244140625,575.2999877929688,567.75,571.7000122070312,473859
2023-11-03,557.419921875,578.1500244140625,579.25,573.4500122070312,576.0,1406672
2023-11-06,553.8043823242188,574.4000244140625,583.0,573.2000122070312,583.0,1882539
2023-11-07,559.974853515625,580.7999877929688,582.0,572.6500244140625,575.0,1417477
2023-11-08,559.3964233398438,580.2000122070312,582.5,579.0,581.0499877929688,924515
2023-11-09,557.9983520507812,578.75,581.9000244140625,576.5999755859375,580.5,650487
2023-11-10,558.6251220703125,579.4000244140625,580.3499755859375,575.4000244140625,578.6500244140625,601607
2023-11-13,560.5051879882812,581.3499755859375,582.5,575.2000122070312,581.75,1062610
2023-11-15,563.6868286132812,584.6500244140625,589.0,582.5999755859375,586.25,553483
2023-11-16,563.4458618164062,584.4000244140625,588.0,583.0,584.6500244140625,183402
2023-11-17,542.957763671875,563.1500244140625,577.75,562.5,577.75,1489564
2023-11-20,543.488037109375,563.7000122070312,566.7999877929688,560.4500122070312,565.4500122070312,618773
2023-11-21,541.2705078125,561.4000244140625,566.7000122070312,561.0,565.4500122070312,274813
2023-11-22,539.0529174804688,559.0999755859375,564.5,555.25,562.0499877929688,358645
2023-11-23,539.8724975585938,559.9500122070312,563.4500122070312,558.3499755859375,560.5,434822
2023-11-24,540.2099609375,560.2999877929688,562.5499877929688,559.2999877929688,562.5499877929688,808295
2023-11-28,544.3075561523438,564.5499877929688,565.2000122070312,561.0999755859375,562.5,453783
2023-11-29,548.1159057617188,568.5,569.0,565.0499877929688,567.2999877929688,648986
2023-11-30,544.4522094726562,564.7000122070312,570.5,563.5499877929688,570.5,292583
2023-12-01,551.3458251953125,571.8499755859375,574.1500244140625,566.9500122070312,568.25,800596
2023-12-04,573.3283081054688,594.6500244140625,596.0,583.3499755859375,583.3499755859375,3410622
2023-12-05,586.5852661132812,608.4000244140625,611.3499755859375,594.6500244140625,594.6500244140625,951698
2023-12-06,586.2960205078125,608.0999755859375,613.75,604.4000244140625,612.0,1118736
2023-12-07,589.9115600585938,611.8499755859375,612.7999877929688,604.7000122070312,608.1500244140625,373957
2023-12-08,591.9844360351562,614.0,616.5999755859375,605.2999877929688,610.9000244140625,1453429
2023-12-11,592.3218994140625,614.3499755859375,619.7999877929688,613.25,614.9500122070312,820051
2023-12-12,590.3936157226562,612.3499755859375,617.8499755859375,610.8499755859375,617.8499755859375,597252
2023-12-13,597.6246948242188,619.8499755859375,620.5,611.7000122070312,614.2000122070312,339493
2023-12-14,601.1920166015625,623.5499877929688,627.5499877929688,622.3499755859375,625.2999877929688,788104
2023-12-15,625.1510620117188,648.4000244140625,649.9500122070312,619.9000244140625,626.1500244140625,1121894
2023-12-18,625.5848388671875,648.8499755859375,655.5499877929688,642.25,647.4000244140625,1806923
2023-12-19,632.0928344726562,655.5999755859375,659.5,640.2999877929688,649.0,1186201
2023-12-20,613.3402709960938,636.1500244140625,660.4000244140625,633.7000122070312,659.4000244140625,1323717
2023-12-21,620.8124389648438,643.9000244140625,648.75,627.2000122070312,628.25,561723
2023-12-22,613.8223876953125,636.6500244140625,649.4000244140625,635.25,645.4000244140625,1383434
2023-12-26,615.0757446289062,637.9500122070312,641.2999877929688,635.7999877929688,639.8499755859375,284374
2023-12-27,625.102783203125,648.3499755859375,649.5999755859375,639.0499877929688,641.4000244140625,403417
2023-12-28,627.754150390625,651.0999755859375,653.3499755859375,646.4000244140625,650.0,483613
2023-12-29,618.9323120117188,641.9500122070312,649.5,639.5499877929688,646.4500122070312,654616
2024-01-01,618.9323120117188,641.9500122070312,646.9000244140625,637.5999755859375,642.7000122070312,794497
2024-01-02,616.1362915039062,639.0499877929688,647.8499755859375,633.7999877929688,641.7999877929688,860673
2024-01-03,620.330322265625,643.4000244140625,648.0,636.0,639.7000122070312,342400
2024-01-04,619.6554565429688,642.7000122070312,646.2999877929688,639.0,644.1500244140625,323484
2024-01-05,618.8358764648438,641.8499755859375,651.5999755859375,638.0,645.75,667900
2024-01-08,604.5665283203125,627.0499877929688,645.0,625.1500244140625,641.5,848666
2024-01-09,602.9757080078125,625.4000244140625,634.4000244140625,624.5999755859375,632.1500244140625,663360
2024-01-10,599.4083862304688,621.7000122070312,625.8499755859375,618.2000122070312,625.8499755859375,690021
2024-01-11,598.0585327148438,620.2999877929688,627.1500244140625,618.5499877929688,625.2000122070312,322129
2024-01-12,611.0263061523438,633.75,636.5,621.2000122070312,624.2999877929688,1327491
2024-01-15,617.1968383789062,640.1500244140625,645.5,636.0499877929688,639.5499877929688,1699670
2024-01-16,613.9669799804688,636.7999877929688,644.7000122070312,633.5,640.6500244140625,952215
2024-01-17,603.6987915039062,626.1500244140625,636.7000122070312,623.5,627.9000244140625,546363
2024-01-19,605.1932983398438,627.7000122070312,635.4500122070312,624.7999877929688,634.2000122070312,973239
2024-01-23,583.3554077148438,605.0499877929688,635.0,600.7000122070312,627.0,1381220
2024-01-24,596.1302490234375,618.2999877929688,622.3499755859375,603.2999877929688,610.0,469054
2024-01-25,590.9239501953125,612.9000244140625,623.75,606.2999877929688,619.0,1278170
2024-01-29,600.5654296875,622.9000244140625,629.2999877929688,615.75,618.25,1601250
2024-01-30,604.1326293945312,626.5999755859375,633.5,623.7999877929688,627.6500244140625,578645
2024-01-31,617.678955078125,640.6500244140625,643.0499877929688,621.9500122070312,627.6500244140625,607659
2024-02-01,624.6207275390625,647.8499755859375,652.9000244140625,633.25,643.0,1546194
2024-02-02,627.079345703125,650.4000244140625,660.2999877929688,646.5999755859375,651.3499755859375,2299394
2024-02-05,620.0410766601562,643.0999755859375,654.6500244140625,638.5,641.2999877929688,2104792
2024-02-06,627.5614013671875,650.9000244140625,654.9500122070312,637.7999877929688,644.3499755859375,812427
2024-02-07,651.2793579101562,675.5,677.5,654.1500244140625,654.1500244140625,2465455
2024-02-08,674.3223876953125,699.4000244140625,718.7999877929688,678.4000244140625,680.0999755859375,3541277
2024-02-09,698.2813720703125,724.25,728.2000122070312,694.5999755859375,703.9000244140625,2769858
2024-02-12,682.5176391601562,707.9000244140625,726.75,704.4500122070312,726.75,929405
2024-02-13,687.5311279296875,713.0999755859375,718.0,702.0999755859375,708.0499877929688,815219
2024-02-14,716.6964721679688,743.3499755859375,748.4000244140625,705.2999877929688,706.3499755859375,1310761
2024-02-15,734.2921142578125,761.5999755859375,763.9000244140625,741.7000122070312,746.7000122070312,785800
2024-02-16,727.687744140625,754.75,774.7000122070312,753.1500244140625,763.9000244140625,1233883
2024-02-19,731.8817749023438,759.0999755859375,764.9000244140625,750.0,757.0499877929688,702842
2024-02-20,732.8458862304688,760.0999755859375,763.2999877929688,753.9000244140625,759.0,261103
2024-02-21,743.8853759765625,771.5499877929688,777.5,760.0,761.75,1762589
2024-02-22,738.4861450195312,765.9500122070312,773.5499877929688,757.0,773.0,729181
2024-02-23,732.1710815429688,759.4000244140625,770.25,755.2000122070312,766.8499755859375,1157557
2024-02-26,731.785400390625,759.0,766.2000122070312,752.5999755859375,755.0,667473
2024-02-27,722.81884765625,749.7000122070312,762.2999877929688,742.4000244140625,759.0,2136050
2024-02-28,715.7323608398438,742.3499755859375,756.7000122070312,741.0,749.7000122070312,234215
2024-02-29,722.4331665039062,749.2999877929688,754.0,737.3499755859375,744.9000244140625,372531
2024-03-01,741.716064453125,769.2999877929688,771.8499755859375,752.4000244140625,753.9500122070312,1205254
2024-03-04,744.4639282226562,772.1500244140625,776.7999877929688,769.0499877929688,774.9000244140625,553231
2024-03-05,755.7926025390625,783.9000244140625,786.9000244140625,769.0499877929688,770.0,776880
2024-03-06,755.9371337890625,784.0499877929688,790.1500244140625,772.9000244140625,784.75,458020
2024-03-07,759.8901977539062,788.1500244140625,793.5,782.9500122070312,788.3499755859375,773604
2024-03-11,745.7654418945312,773.5,792.7999877929688,770.7000122070312,788.6500244140625,603641
2024-03-12,732.1710815429688,759.4000244140625,777.6500244140625,757.5,770.0,417860
2024-03-13,719.63720703125,746.4000244140625,763.7000122070312,743.2000122070312,759.3499755859375,403736
2024-03-14,714.1897583007812,740.75,750.9000244140625,734.0499877929688,750.9000244140625,388377
2024-03-15,705.7534790039062,732.0,746.5999755859375,723.0499877929688,740.5,855356
2024-03-18,704.5000610351562,730.7000122070312,737.9000244140625,722.2000122070312,726.4000244140625,549342
2024-03-19,697.1725463867188,723.0999755859375,734.2000122070312,721.25,730.9500122070312,176073
2024-03-20,709.8992919921875,736.2999877929688,738.9000244140625,720.0,724.5,342014
2024-03-21,717.13037109375,743.7999877929688,750.5499877929688,740.5499877929688,742.7999877929688,472692
2024-03-22,719.63720703125,746.4000244140625,749.0,741.5499877929688,743.2999877929688,656117
2024-03-26,713.5148315429688,740.0499877929688,747.5,738.1500244140625,744.9500122070312,6074241
2024-03-27,707.72998046875,734.0499877929688,745.7999877929688,730.1500244140625,742.5999755859375,441567
2024-03-28,725.6148071289062,752.5999755859375,759.5499877929688,736.7999877929688,738.7000122070312,873887
2024-04-01,731.0140991210938,758.2000122070312,761.7000122070312,752.0499877929688,759.7999877929688,617725
2024-04-02,739.8359985351562,767.3499755859375,768.7999877929688,753.3499755859375,758.9500122070312,285536
2024-04-03,743.3069458007812,770.9500122070312,772.0,760.0499877929688,765.7000122070312,517017
2024-04-04,732.0264282226562,759.25,775.0,758.0,775.0,321746
2024-04-05,736.9434814453125,764.3499755859375,766.2000122070312,752.7000122070312,758.8499755859375,574320
2024-04-08,740.8483276367188,768.4000244140625,770.0,761.8499755859375,767.6500244140625,391601
2024-04-09,736.750732421875,764.1500244140625,772.4500122070312,761.0999755859375,768.0,1047810
2024-04-10,751.0682373046875,779.0,780.7000122070312,763.9000244140625,767.75,346439
2024-04-12,739.2575073242188,766.75,779.5,764.6500244140625,778.9500122070312,911540
2024-04-15,729.71240234375,756.8499755859375,763.0,748.5,751.5,719175
2024-04-16,724.9400024414062,751.9000244140625,754.9000244140625,744.5,750.5999755859375,539562
2024-04-18,718.0945434570312,744.7999877929688,759.9500122070312,742.2000122070312,752.25,708924
2024-04-19,723.8793334960938,750.7999877929688,752.25,732.0499877929688,735.2999877929688,1018883
2024-04-22,738.3897094726562,765.8499755859375,768.9500122070312,750.4500122070312,754.9500122070312,871015
2024-04-23,745.1387329101562,772.8499755859375,777.5,765.8499755859375,771.8499755859375,255601
2024-04-24,745.4762573242188,773.2000122070312,778.0999755859375,770.3499755859375,778.0999755859375,262806
2024-04-25,783.4634399414062,812.5999755859375,814.4500122070312,769.0,769.0,1634667
2024-04-26,772.6651000976562,801.4000244140625,816.8499755859375,799.0,815.0499877929688,848439
2024-04-29,796.5276489257812,826.1500244140625,831.0,798.75,809.0,1369981
2024-04-30,796.0938110351562,825.7000122070312,834.5999755859375,820.0,827.4000244140625,602010
2024-05-02,800.2877807617188,830.0499877929688,833.9500122070312,825.7000122070312,826.5999755859375,286451
2024-05-03,801.7340087890625,831.5499877929688,836.0,820.0999755859375,834.5,843949
2024-05-06,778.7874145507812,807.75,835.0,803.0499877929688,835.0,1082721
2024-05-07,773.1953735351562,801.9500122070312,814.4500122070312,793.3499755859375,811.2000122070312,352828
2024-05-08,781.3424072265625,810.4000244140625,821.7999877929688,799.6500244140625,802.3499755859375,752735
2024-05-09,790.2606811523438,819.6500244140625,839.5999755859375,803.5499877929688,813.4500122070312,1177161
2024-05-10,789.00732421875,818.3499755859375,832.0999755859375,815.7000122070312,828.7000122070312,855049
2024-05-13,779.8479614257812,808.8499755859375,819.4000244140625,798.6500244140625,819.0,1305149
2024-05-14,788.8145141601562,818.1500244140625,822.0,808.0,812.7000122070312,365478
2024-05-15,790.98388671875,820.4000244140625,825.3499755859375,818.0499877929688,821.9500122070312,282771
2024-05-16,782.7886352539062,811.9000244140625,826.0,797.5,825.0,827240
2024-05-17,788.5252075195312,817.8499755859375,822.4000244140625,811.5,815.1500244140625,742324
2024-05-21,800.7698974609375,830.5499877929688,836.2000122070312,819.5499877929688,824.8499755859375,369412
2024-05-22,803.171630859375,819.2999877929688,827.8499755859375,813.5999755859375,827.8499755859375,594888
2024-05-23,815.9647216796875,832.3499755859375,835.4000244140625,822.0999755859375,825.0,856598
2024-05-24,812.28857421875,828.5999755859375,841.0,826.8499755859375,830.9500122070312,979447
2024-05-27,817.6802978515625,834.0999755859375,839.4000244140625,823.0,833.5,1143699
2024-05-28,814.5433349609375,830.9000244140625,840.4500122070312,823.6500244140625,836.7999877929688,445715
2024-05-29,806.7498168945312,822.9500122070312,834.4500122070312,819.5499877929688,830.8499755859375,2180643
2024-05-30,809.7887573242188,826.0499877929688,836.0,820.4000244140625,822.9500122070312,742252
2024-05-31,813.759033203125,830.0999755859375,834.4500122070312,817.0999755859375,831.7999877929688,1053768
2024-06-03,887.9688720703125,905.7999877929688,912.0999755859375,856.8499755859375,867.9500122070312,3819398
2024-06-04,759.9398193359375,775.2000122070312,905.7999877929688,734.25,905.7999877929688,7900395
2024-06-05,774.1053466796875,789.6500244140625,793.9500122070312,744.0999755859375,793.9500122070312,3953125
2024-06-06,800.867919921875,816.9500122070312,833.0999755859375,795.7000122070312,802.75,1355824
2024-06-07,813.5630493164062,829.9000244140625,831.0,810.2999877929688,820.5,2139387
2024-06-10,815.7687377929688,832.1500244140625,846.0,829.0,834.9000244140625,1655324
2024-06-11,818.8076782226562,835.25,839.4500122070312,829.0999755859375,836.75,890869
2024-06-12,822.6309204101562,839.1500244140625,845.25,833.0,837.7000122070312,610408
2024-06-13,827.2874145507812,843.9000244140625,845.75,836.0,845.0,815906
2024-06-14,823.6602783203125,840.2000122070312,849.75,835.9000244140625,844.0,1706369
2024-06-18,827.9735717773438,844.5999755859375,851.5,840.3499755859375,843.2000122070312,963912
2024-06-19,835.8161010742188,852.5999755859375,860.5,841.0499877929688,846.0499877929688,1066899
2024-06-20,827.1893310546875,843.7999877929688,853.9500122070312,842.4000244140625,853.9500122070312,513158
2024-06-21,819.93505859375,836.4000244140625,848.0,828.6500244140625,845.0,1667384
2024-06-24,816.2589111328125,832.6500244140625,836.0499877929688,820.8499755859375,832.75,2194566
2024-06-25,825.2777099609375,841.8499755859375,845.75,834.9500122070312,838.6500244140625,538485
2024-06-26,828.4147338867188,845.0499877929688,848.5999755859375,836.0,841.7999877929688,543783
2024-06-27,827.5325317382812,844.1500244140625,847.4000244140625,838.4000244140625,845.0499877929688,473372
2024-06-28,832.1399536132812,848.8499755859375,863.75,844.1500244140625,847.5,1916294
2024-07-01,825.5228271484375,842.0999755859375,850.5499877929688,839.9500122070312,850.0,1084488
2024-07-02,810.0828857421875,826.3499755859375,846.4500122070312,822.8499755859375,844.8499755859375,1099939
2024-07-03,823.5621948242188,840.0999755859375,843.7999877929688,825.0499877929688,829.7000122070312,1672011
2024-07-04,822.7289428710938,839.25,844.5999755859375,834.5,844.5999755859375,674690
2024-07-05,843.1194458007812,860.0499877929688,861.5499877929688,837.6500244140625,838.7000122070312,1499246
2024-07-08,839.394287109375,856.25,864.7999877929688,852.9000244140625,859.5,1108215
2024-07-09,844.0017700195312,860.9500122070312,869.9000244140625,855.8499755859375,860.0,758991
2024-07-10,832.385009765625,849.0999755859375,861.0,843.2999877929688,861.0,479702
2024-07-11,839.6883544921875,856.5499877929688,858.0,849.5499877929688,854.7000122070312,481214
2024-07-12,842.7273559570312,859.6500244140625,863.4000244140625,855.5,856.7000122070312,905757
2024-07-15,864.2452392578125,881.5999755859375,886.9000244140625,860.0,860.0,1981455
2024-07-16,863.510009765625,880.8499755859375,888.0,874.5499877929688,882.2000122070312,600861
2024-07-18,875.81298828125,893.4000244140625,894.75,877.0999755859375,880.7000122070312,1064600
2024-07-19,871.6956787109375,889.2000122070312,898.7999877929688,883.0499877929688,896.3499755859375,709711
2024-07-22,861.0592041015625,878.3499755859375,895.2999877929688,873.0,876.3499755859375,1401888
2024-07-23,846.8937377929688,863.9000244140625,884.4000244140625,849.0999755859375,881.3499755859375,958750
2024-07-24,835.4730224609375,852.25,868.0999755859375,847.3499755859375,864.1500244140625,625866
2024-07-25,831.6007690429688,848.2999877929688,850.8499755859375,841.0999755859375,848.9000244140625,490585
2024-07-26,845.96240234375,862.9500122070312,864.5999755859375,844.4500122070312,847.9500122070312,614705
2024-07-29,854.834228515625,872.0,889.0,863.0999755859375,866.9500122070312,2248880
2024-07-30,855.8145751953125,873.0,880.5,869.0999755859375,874.9500122070312,510195
2024-07-31,855.5694580078125,872.75,874.7999877929688,867.7000122070312,874.6500244140625,320361
2024-08-01,845.766357421875,862.75,881.5,861.1500244140625,877.9500122070312,516927
2024-08-02,831.2086791992188,847.9000244140625,859.9500122070312,846.5999755859375,856.2000122070312,1047656
2024-08-05,795.133056640625,811.0999755859375,831.4000244140625,801.0499877929688,827.0499877929688,2389678
2024-08-06,782.0458984375,797.75,826.7999877929688,795.6500244140625,820.5999755859375,582520
2024-08-07,793.1724243164062,809.0999755859375,811.5,800.2999877929688,811.5,604072
2024-08-08,791.7510375976562,807.6500244140625,817.9000244140625,803.0,813.8499755859375,680135
2024-08-09,807.9752197265625,824.2000122070312,829.9000244140625,809.8499755859375,816.7999877929688,822817
2024-08-12,796.9956665039062,813.0,822.5999755859375,810.8499755859375,819.2000122070312,1142861
2024-08-13,781.604736328125,797.2999877929688,819.4000244140625,795.0999755859375,813.0999755859375,641102
2024-08-14,787.1435546875,802.9500122070312,809.0,800.4000244140625,800.7000122070312,287718
2024-08-16,796.45654296875,812.4500122070312,815.0999755859375,803.2000122070312,803.5,768630
2024-08-19,797.6329345703125,813.6500244140625,825.0,812.3499755859375,814.0499877929688,743917
2024-08-20,803.85791015625,820.0,822.9000244140625,813.2000122070312,818.75,308095
2024-08-21,799.7405395507812,815.7999877929688,821.0,811.4000244140625,820.0,248423
2024-08-22,804.0049438476562,820.1500244140625,823.7000122070312,817.4000244140625,819.8499755859375,494896
2024-08-23,799.201416015625,815.25,821.7000122070312,814.2000122070312,821.0499877929688,560060
2024-08-26,799.2993774414062,815.3499755859375,823.3499755859375,814.2000122070312,819.3499755859375,1278721
2024-08-28,793.3685302734375,809.2999877929688,817.0999755859375,806.9000244140625,813.7999877929688,196716
2024-08-29,798.4661254882812,814.5,815.9500122070312,807.2999877929688,809.3499755859375,271349
2024-08-30,799.5935668945312,815.6500244140625,820.3499755859375,814.2999877929688,818.4500122070312,598533
2024-09-02,805.91650390625,822.0999755859375,825.2999877929688,813.0,816.4500122070312,1129356
2024-09-03,808.514404296875,824.75,825.9000244140625,816.75,821.2000122070312,293326
2024-09-04,800.4267578125,816.5,818.6500244140625,813.0,813.0,278846
2024-09-05,802.4854125976562,818.5999755859375,821.9000244140625,814.2999877929688,818.0,318031
2024-09-06,767.194091796875,782.5999755859375,813.9000244140625,777.0499877929688,813.9000244140625,2498701
2024-09-09,768.8606567382812,784.2999877929688,788.0499877929688,771.2999877929688,785.0,1433332
2024-09-10,767.194091796875,782.5999755859375,788.9500122070312,777.6500244140625,788.6500244140625,582017
2024-09-11,753.1755981445312,768.2999877929688,788.0,765.6500244140625,781.6500244140625,521913
2024-09-12,772.5368041992188,788.0499877929688,789.7000122070312,772.9000244140625,775.0,312891
2024-09-13,774.9876098632812,790.5499877929688,795.0,784.8499755859375,790.8499755859375,1064575
2024-09-16,769.988037109375,785.4500122070312,795.2999877929688,784.0999755859375,793.4500122070312,624666
2024-09-17,767.63525390625,783.0499877929688,787.5,780.6500244140625,786.0,240500
2024-09-18,776.7521362304688,792.3499755859375,794.5,781.2999877929688,783.5499877929688,681430
2024-09-19,774.7915649414062,790.3499755859375,801.25,784.0999755859375,794.1500244140625,402071
2024-09-20,766.5079345703125,781.9000244140625,794.4000244140625,779.5,794.0499877929688,1481791
2024-09-23,786.0161743164062,801.7999877929688,804.9000244140625,785.0,785.0499877929688,1415077
2024-09-24,782.634033203125,798.3499755859375,804.0999755859375,796.6500244140625,800.0,427650
2024-09-25,777.3403930664062,792.9500122070312,798.25,788.6500244140625,798.25,524539
2024-09-26,786.1141967773438,801.9000244140625,803.0,791.5499877929688,795.1500244140625,432917
2024-09-27,786.8494262695312,802.6500244140625,807.8499755859375,798.4000244140625,802.0,669965
2024-09-30,772.0956420898438,787.5999755859375,802.5,786.1500244140625,801.1500244140625,1054719
2024-10-01,781.3106689453125,797.0,799.75,788.25,788.9500122070312,227883
2024-10-03,778.7127685546875,794.3499755859375,803.9500122070312,784.3499755859375,787.4000244140625,768391
2024-10-04,780.9185180664062,796.5999755859375,809.6500244140625,785.2000122070312,790.2999877929688,1154183
2024-10-07,754.6460571289062,769.7999877929688,803.9000244140625,765.5499877929688,797.0499877929688,1587972
2024-10-08,766.6549072265625,782.0499877929688,784.5,771.0999755859375,771.0999755859375,295906
2024-10-09,781.3106689453125,797.0,805.0,782.5499877929688,787.9500122070312,807499
2024-10-10,781.2616577148438,796.9500122070312,804.3499755859375,795.0499877929688,799.9000244140625,163966
2024-10-11,784.2515869140625,800.0,802.5,793.0,797.0,381115
2024-10-14,789.3982543945312,805.25,809.0,800.1500244140625,800.1500244140625,755286
2024-10-15,788.7610473632812,804.5999755859375,807.5999755859375,801.5,805.0,314354
2024-10-16,789.9863891601562,805.8499755859375,808.9000244140625,801.0499877929688,801.0499877929688,142406
2024-10-17,794.9370727539062,810.9000244140625,819.25,806.0499877929688,806.0499877929688,948591
2024-10-18,803.8088989257812,819.9500122070312,822.4000244140625,803.0999755859375,811.0,429099
2024-10-21,798.123046875,814.1500244140625,826.3499755859375,809.0999755859375,822.0499877929688,584223
2024-10-22,774.8895874023438,790.4500122070312,816.3499755859375,787.5999755859375,814.1500244140625,604778
2024-10-23,770.4782104492188,785.9500122070312,792.5,779.5999755859375,790.0,467975
2024-10-24,779.0559692382812,794.7000122070312,796.7999877929688,784.5,786.0499877929688,183971
2024-10-25,765.2334594726562,780.5999755859375,800.0,772.0499877929688,798.4500122070312,650630
2024-10-28,776.4580688476562,792.0499877929688,803.9500122070312,783.2000122070312,783.2000122070312,675658
2024-10-29,816.2589111328125,832.6500244140625,834.5,790.5,796.5,1593501
2024-10-31,804.3480224609375,820.5,828.0,813.4500122070312,821.9500122070312,497763
2024-11-01,804.88720703125,821.0499877929688,825.5,818.75,822.9000244140625,160976
2024-11-04,813.5139770507812,829.8499755859375,837.5,807.0499877929688,822.6500244140625,458939
2024-11-06,837.923828125,854.75,861.0,846.2000122070312,850.0,896339
2024-11-07,842.335205078125,859.25,862.4500122070312,846.7000122070312,860.0499877929688,494821
2024-11-08,826.6502075195312,843.25,863.6500244140625,834.2999877929688,860.0,1106664
2024-11-11,831.110595703125,847.7999877929688,853.6500244140625,841.4500122070312,847.0,1417460
2024-11-12,810.1318969726562,826.4000244140625,853.0,824.0999755859375,851.0,467134
2024-11-13,792.4371948242188,808.3499755859375,831.6500244140625,804.4500122070312,822.5,454522
2024-11-14,788.2218627929688,804.0499877929688,817.8499755859375,801.0999755859375,809.9500122070312,720597
2024-11-18,797.681884765625,813.7000122070312,816.6500244140625,799.2000122070312,810.0499877929688,378989
2024-11-19,786.2122192382812,802.0,820.0999755859375,800.0999755859375,817.5499877929688,467072
2024-11-21,765.4785766601562,780.8499755859375,800.0,761.6500244140625,800.0,804079
2024-11-22,799.9856567382812,816.0499877929688,819.75,784.2999877929688,785.6500244140625,1534393
2024-11-25,828.1206665039062,844.75,849.2999877929688,825.9500122070312,826.25,1612713
2024-11-26,822.8269653320312,839.3499755859375,846.7000122070312,835.2000122070312,844.75,448647
2024-11-27,817.7783813476562,834.2000122070312,842.1500244140625,832.0,839.2999877929688,502957
2024-11-28,822.23876953125,838.75,845.7000122070312,830.3499755859375,834.9500122070312,811586
2024-11-29,822.48388671875,839.0,843.8499755859375,831.5,842.0,757635
2024-12-02,819.739013671875,836.2000122070312,842.0,832.7999877929688,836.2000122070312,526054
2024-12-03,837.1395874023438,853.9500122070312,856.5999755859375,836.4500122070312,836.4500122070312,370485
2024-12-04,842.5313110351562,859.4500122070312,863.7999877929688,850.25,854.4000244140625,679548
2024-12-05,847.824951171875,864.8499755859375,871.0,855.6500244140625,861.6500244140625,379508
2024-12-06,846.99169921875,864.0,875.5,856.8499755859375,866.9500122070312,431320
2024-12-09,840.9627685546875,857.8499755859375,866.7999877929688,856.75,862.9500122070312,646144
2024-12-10,850.5208129882812,867.5999755859375,868.8499755859375,858.5,862.0,197287
2024-12-11,844.5899658203125,861.5499877929688,869.75,860.7999877929688,865.75,342069
2024-12-12,836.9434814453125,853.75,864.2000122070312,851.25,862.5,179011
2024-12-13,844.7369995117188,861.7000122070312,863.0,835.0,853.7000122070312,455324
2024-12-16,843.7567138671875,860.7000122070312,866.2000122070312,857.7999877929688,859.0,252691
2024-12-17,833.46337890625,850.2000122070312,862.9500122070312,847.1500244140625,859.75,143409
2024-12-18,822.5328369140625,839.0499877929688,850.7999877929688,836.7000122070312,850.2000122070312,172425
2024-12-19,816.4058837890625,832.7999877929688,837.9000244140625,820.0999755859375,822.0499877929688,309033
2024-12-20,796.5055541992188,812.5,836.4000244140625,810.0,833.7999877929688,467910
2024-12-23,804.7891845703125,820.9500122070312,823.9000244140625,812.4000244140625,818.3499755859375,281649
2024-12-24,795.8682861328125,811.8499755859375,825.5499877929688,809.2000122070312,825.0,431577
2024-12-26,795.6723022460938,811.6500244140625,822.9500122070312,808.0,813.0,194920
2024-12-27,783.8104248046875,799.5499877929688,818.75,797.25,817.25,1061163
2024-12-30,772.7819213867188,788.2999877929688,808.0,785.2000122070312,802.7000122070312,686161
2024-12-31,779.3990478515625,795.0499877929688,798.9500122070312,787.0,788.75,283620
2025-01-01,777.7324829101562,793.3499755859375,798.5,789.5999755859375,796.8499755859375,356031
2025-01-02,785.2808837890625,801.0499877929688,802.4000244140625,786.2999877929688,795.0,711599
2025-01-03,777.8795776367188,793.5,809.7000122070312,792.25,801.9000244140625,387698
2025-01-06,761.4592895507812,776.75,798.0,773.2999877929688,798.0,624836
2025-01-07,763.6649780273438,779.0,783.75,775.0999755859375,778.0499877929688,563547
2025-01-08,756.0185546875,771.2000122070312,782.5,760.0999755859375,781.0,1224097
2025-01-09,745.382080078125,760.3499755859375,771.9500122070312,726.9000244140625,771.9500122070312,803943
2025-01-10,728.520751953125,743.1500244140625,760.7999877929688,742.0,760.3499755859375,454472
2025-01-13,715.2374267578125,729.5999755859375,743.8499755859375,722.5,742.9500122070312,300275
2025-01-14,733.3732299804688,748.0999755859375,756.9000244140625,730.5999755859375,730.5999755859375,687121
2025-01-15,739.1571044921875,754.0,758.8499755859375,750.3499755859375,753.7000122070312,171791
2025-01-16,751.3130493164062,766.4000244140625,776.5499877929688,760.0499877929688,761.6500244140625,511761
2025-01-17,749.0582885742188,764.0999755859375,767.8499755859375,759.4500122070312,766.9000244140625,497950
2025-01-20,763.7139892578125,779.0499877929688,784.9500122070312,765.0499877929688,765.0499877929688,559123
2025-01-21,744.0587158203125,759.0,785.2999877929688,756.25,784.9500122070312,953600
2025-01-22,738.421875,753.25,762.8499755859375,738.2999877929688,762.8499755859375,237866
2025-01-23,731.265625,745.9500122070312,755.7999877929688,743.2999877929688,751.9500122070312,235130
2025-01-24,729.6970825195312,744.3499755859375,753.75,738.8499755859375,747.2000122070312,458033
2025-01-27,734.45166015625,749.2000122070312,755.2999877929688,736.0,740.0,775011
2025-01-28,736.8533935546875,751.6500244140625,759.5999755859375,745.6500244140625,756.2000122070312,794022
2025-01-29,743.7646484375,758.7000122070312,760.25,749.7999877929688,752.5,379821
2025-01-30,747.1957397460938,762.2000122070312,764.8499755859375,754.7000122070312,759.4000244140625,618809
2025-01-31,757.881103515625,773.0999755859375,777.75,759.3499755859375,765.0,241965
2025-02-01,751.0189208984375,766.0999755859375,778.5999755859375,752.25,777.3499755859375,451566
2025-02-03,746.0193481445312,761.0,763.6500244140625,753.4500122070312,763.6500244140625,427934
2025-02-04,763.861083984375,779.2000122070312,780.8499755859375,766.0,766.2999877929688,749753
2025-02-05,751.0189208984375,766.0999755859375,781.5999755859375,764.6500244140625,780.7999877929688,654303
2025-02-06,737.5396118164062,752.3499755859375,770.9500122070312,750.0,769.6500244140625,1384322
2025-02-07,722.540771484375,737.0499877929688,761.7999877929688,732.0499877929688,761.7999877929688,1805880
2025-02-10,722.3447265625,736.8499755859375,744.0499877929688,733.5999755859375,740.5499877929688,788061
2025-02-11,716.6099243164062,731.0,740.0,726.9000244140625,738.1500244140625,826170
2025-02-12,718.8156127929688,733.25,738.2999877929688,717.25,732.9500122070312,550605
2025-02-13,712.9827270507812,727.2999877929688,737.2999877929688,726.0499877929688,735.0,605466
2025-02-14,707.7870483398438,722.0,732.7000122070312,716.1500244140625,729.4500122070312,895669
2025-02-17,713.7179565429688,728.0499877929688,728.9500122070312,711.4000244140625,721.8499755859375,751026
2025-02-18,711.4632568359375,725.75,727.9500122070312,717.4500122070312,727.9500122070312,396321
2025-02-19,712.4925537109375,726.7999877929688,734.75,722.0999755859375,722.7999877929688,174597
2025-02-20,715.2864990234375,729.6500244140625,731.7999877929688,723.0499877929688,727.7999877929688,279931
2025-02-21,707.3458862304688,721.5499877929688,732.0,720.0,729.2000122070312,460425
2025-02-24,702.2973022460938,716.4000244140625,719.7999877929688,710.9000244140625,712.6500244140625,525944
2025-02-25,697.0036010742188,711.0,719.0,709.9500122070312,719.0,875612
2025-02-27,690.0924072265625,703.9500122070312,716.9000244140625,701.0,716.9000244140625,624622
2025-02-28,674.7014770507812,688.25,701.7999877929688,682.8499755859375,701.7999877929688,953162
2025-03-03,681.4656372070312,695.1500244140625,696.8499755859375,679.6500244140625,692.25,398676
2025-03-04,702.05224609375,716.1500244140625,718.1500244140625,692.1500244140625,693.4000244140625,587355
2025-03-05,715.8746337890625,730.25,731.0,717.7999877929688,718.8499755859375,628448
2025-03-06,717.5411987304688,731.9500122070312,737.9500122070312,727.0999755859375,737.9500122070312,321519
2025-03-07,718.325439453125,732.75,734.9000244140625,727.9500122070312,732.9500122070312,288192
2025-03-10,714.0120239257812,728.3499755859375,738.4500122070312,727.0499877929688,732.9500122070312,339175
2025-03-11,715.58056640625,729.9500122070312,733.9000244140625,722.5,724.9000244140625,285624
2025-03-12,708.6693725585938,722.9000244140625,736.5,719.2000122070312,729.9500122070312,198814
2025-03-13,713.4238891601562,727.75,731.4500122070312,724.3499755859375,726.9000244140625,229142
2025-03-17,708.4732666015625,722.7000122070312,730.9500122070312,722.0999755859375,729.0,197841
2025-03-18,722.540771484375,737.0499877929688,738.5,723.0,727.0,178857
2025-03-19,730.38330078125,745.0499877929688,749.0,739.25,739.9000244140625,408821
2025-03-20,734.45166015625,749.2000122070312,752.7999877929688,744.2000122070312,749.9500122070312,150865
2025-03-21,738.1768188476562,753.0,755.4000244140625,747.2000122070312,749.1500244140625,285630
2025-03-24,766.0177612304688,781.4000244140625,783.1500244140625,755.0499877929688,758.5,459986
2025-03-25,757.8320922851562,773.0499877929688,786.0,769.6500244140625,784.4000244140625,841085
2025-03-26,748.3230590820312,763.3499755859375,775.9500122070312,761.7999877929688,770.2999877929688,346155
2025-03-27,757.1949462890625,772.4000244140625,775.0,760.75,762.7000122070312,243074
2025-03-28,756.41064453125,771.5999755859375,778.4500122070312,768.0,770.7000122070312,514260
2025-04-01,756.3126220703125,771.5,782.5,763.0499877929688,767.9500122070312,458492
2025-04-02,760.5769653320312,775.8499755859375,776.7999877929688,764.2999877929688,772.0,134131
2025-04-03,763.861083984375,779.2000122070312,784.8499755859375,770.0,770.0,284146
2025-04-04,752.6854858398438,767.7999877929688,782.25,765.0,779.2000122070312,392420
2025-04-07,732.0498657226562,746.75,752.9500122070312,730.9500122070312,732.2999877929688,775236
2025-04-08,753.273681640625,768.4000244140625,774.0999755859375,757.0,757.0,490787
2025-04-09,727.4423828125,742.0499877929688,769.0,740.75,768.7999877929688,467660
2025-04-11,739.2061157226562,754.0499877929688,759.9500122070312,746.1500244140625,759.9500122070312,593599
2025-04-15,748.2740478515625,763.2999877929688,770.5999755859375,757.6500244140625,768.0499877929688,763643
2025-04-16,756.5577392578125,771.75,774.5499877929688,760.4000244140625,764.0,477621
2025-04-17,781.4086303710938,797.0999755859375,801.0,767.25,771.0999755859375,738676
2025-04-21,800.5247802734375,816.5999755859375,824.25,801.5999755859375,803.0,697505
2025-04-22,806.2596435546875,822.4500122070312,835.4000244140625,813.7999877929688,821.2000122070312,663396
2025-04-23,797.289794921875,813.2999877929688,830.0,809.9500122070312,825.8499755859375,1020589
2025-04-24,797.1917724609375,813.2000122070312,819.1500244140625,811.0,813.2999877929688,506029
2025-04-25,783.0261840820312,798.75,819.0999755859375,787.0999755859375,813.5999755859375,383883
2025-04-28,801.505126953125,817.5999755859375,822.5,796.2999877929688,796.2999877929688,1068737
2025-04-29,795.770263671875,811.75,829.0,808.75,820.0,699284
2025-04-30,772.6348876953125,788.1500244140625,812.8499755859375,784.4500122070312,812.8499755859375,412886
2025-05-02,784.3005981445312,800.0499877929688,802.9500122070312,789.25,792.0499877929688,335006
2025-05-05,774.4484252929688,790.0,799.0999755859375,783.6500244140625,784.9500122070312,771587
2025-05-06,758.9104614257812,774.1500244140625,799.0,771.1500244140625,792.2000122070312,761282
2025-05-07,760.87109375,776.1500244140625,782.5499877929688,762.25,762.25,581175
2025-05-08,753.6167602539062,768.75,786.5,765.0,778.0,463248
2025-05-09,764.05712890625,779.4000244140625,781.4000244140625,755.25,755.25,375997
2025-05-12,785.820068359375,801.5999755859375,803.9000244140625,793.0999755859375,799.8499755859375,829415
2025-05-13,786.1141967773438,801.9000244140625,807.7000122070312,797.25,800.4500122070312,717454
2025-05-14,784.5946655273438,800.3499755859375,807.4500122070312,796.5,805.25,1139114
2025-05-15,791.800048828125,807.7000122070312,809.5,794.5499877929688,804.8499755859375,904539
2025-05-16,791.8499755859375,791.8499755859375,804.7999877929688,790.5999755859375,804.7999877929688,645169
2025-05-19,794.9000244140625,794.9000244140625,801.3499755859375,791.8499755859375,792.9500122070312,508945
2025-05-20,785.3499755859375,785.3499755859375,799.6500244140625,784.0,798.25,441739
2025-05-21,787.2000122070312,787.2000122070312,790.7000122070312,779.4000244140625,786.5,260511
2025-05-22,785.3499755859375,785.3499755859375,788.9000244140625,780.5999755859375,788.9000244140625,390333
2025-05-23,790.4500122070312,790.4500122070312,794.7999877929688,786.4000244140625,787.2000122070312,456862
2025-05-26,794.3499755859375,794.3499755859375,797.5499877929688,789.2999877929688,791.4500122070312,247585
2025-05-27,793.7999877929688,793.7999877929688,801.1500244140625,789.75,794.1500244140625,1122936
2025-05-28,796.4500122070312,796.4500122070312,798.8499755859375,792.9000244140625,794.0,282344
2025-05-29,797.2999877929688,797.2999877929688,800.0,791.4000244140625,797.0999755859375,250346
2025-05-30,812.4000244140625,812.4000244140625,814.3499755859375,792.75,797.3499755859375,510858
2025-06-02,813.4500122070312,813.4500122070312,822.5,809.0999755859375,812.0999755859375,1094058
2025-06-03,809.75,809.75,817.9500122070312,805.2000122070312,816.9000244140625,1443812
2025-06-04,806.4500122070312,806.4500122070312,815.9500122070312,805.0,815.0999755859375,147931
2025-06-05,806.0999755859375,806.0999755859375,811.9000244140625,803.0,809.0,319568
2025-06-06,812.8499755859375,812.8499755859375,816.4500122070312,802.9000244140625,806.0999755859375,943903
2025-06-09,820.0499877929688,820.0499877929688,824.4000244140625,815.5999755859375,817.0999755859375,432300
2025-06-10,817.0499877929688,817.0499877929688,821.9500122070312,814.6500244140625,821.9500122070312,406292
2025-06-11,814.9500122070312,814.9500122070312,820.5999755859375,812.9000244140625,817.0499877929688,183277
2025-06-12,805.6500244140625,805.6500244140625,816.5499877929688,801.25,816.0,182058
2025-06-13,792.4000244140625,792.4000244140625,796.2000122070312,788.9000244140625,789.75,362528
2025-06-16,792.8499755859375,792.8499755859375,795.3499755859375,786.3499755859375,792.5499877929688,1385709
2025-06-17,792.2000122070312,792.2000122070312,798.7999877929688,790.75,793.5,1103108
2025-06-18,791.75,791.75,795.5,788.3499755859375,792.0999755859375,131579
2025-06-19,784.7000122070312,784.7000122070312,793.2000122070312,781.5,792.8499755859375,235832
2025-06-20,796.0,796.0,799.0999755859375,786.2999877929688,787.9500122070312,224991
2025-06-23,790.1500244140625,790.1500244140625,794.5999755859375,788.4500122070312,790.2000122070312,212782
2025-06-24,795.25,795.25,806.5,793.5999755859375,798.5,937612
2025-06-25,800.0999755859375,800.0999755859375,805.0,796.0999755859375,799.0,197275
2025-06-26,797.0,797.0,803.4500122070312,791.5,802.7000122070312,478368
2025-06-27,805.4000244140625,805.4000244140625,809.5,802.4000244140625,806.0,477274
2025-06-30,820.3499755859375,820.3499755859375,821.0,807.0499877929688,808.9500122070312,478069
2025-07-01,820.25,820.25,824.9500122070312,813.25,820.3499755859375,633178
2025-07-02,813.2000122070312,813.2000122070312,824.3499755859375,809.0999755859375,820.7000122070312,193280
2025-07-03,807.0999755859375,807.0999755859375,815.0,806.0,813.0,429112
2025-07-04,811.8499755859375,811.8499755859375,813.5,804.2000122070312,810.25,359322
2025-07-07,806.9500122070312,806.9500122070312,812.7999877929688,805.2000122070312,812.7999877929688,116638
2025-07-08,812.7999877929688,812.7999877929688,813.8499755859375,805.5,808.9500122070312,573527
2025-07-09,810.8499755859375,810.8499755859375,812.25,809.0999755859375,810.0,176144
2025-07-10,808.0,808.0,815.5,807.0499877929688,812.0,174968
2025-07-11,808.5,808.5,812.5999755859375,804.5,808.0,227573
2025-07-14,809.2999877929688,809.2999877929688,815.5999755859375,808.0,810.4000244140625,435542
2025-07-15,816.75,816.75,821.0,810.2000122070312,810.2000122070312,460084
2025-07-16,831.5499877929688,831.5499877929688,834.0,815.1500244140625,816.5,1238621
2025-07-17,828.5999755859375,828.5999755859375,842.2999877929688,826.1500244140625,839.0,624129
2025-07-18,823.2999877929688,823.2999877929688,832.4000244140625,820.0499877929688,832.4000244140625,256301
2025-07-21,824.2000122070312,824.2000122070312,827.4000244140625,817.9500122070312,823.5,258166
2025-07-22,815.0,815.0,829.0,814.0,829.0,174364
2025-07-23,820.75,820.75,825.0,811.4000244140625,815.2000122070312,739975
2025-07-24,815.8499755859375,815.8499755859375,821.9500122070312,810.6500244140625,819.75,323698
2025-07-25,806.5,806.5,819.0,805.5499877929688,814.3499755859375,383923
2025-07-28,797.1500244140625,797.1500244140625,809.2000122070312,796.0,808.9500122070312,389824
2025-07-29,798.9000244140625,798.9000244140625,800.2000122070312,793.0999755859375,795.3499755859375,330118
2025-07-30,801.8499755859375,801.8499755859375,803.4000244140625,796.25,799.8499755859375,154363
2025-07-31,796.4500122070312,796.4500122070312,803.5999755859375,792.4500122070312,796.6500244140625,378571
2025-08-01,793.9500122070312,793.9500122070312,800.75,791.9500122070312,796.5,234321
2025-08-04,795.6500244140625,795.6500244140625,797.4500122070312,786.5499877929688,795.0,193850
2025-08-05,800.7000122070312,800.7000122070312,803.6500244140625,795.6500244140625,795.6500244140625,512346
2025-08-06,805.1500244140625,805.1500244140625,810.0,799.0,801.0,376366
2025-08-07,805.25,805.25,806.5,793.2999877929688,801.0999755859375,188248
2025-08-08,804.5499877929688,804.5499877929688,807.9500122070312,790.0999755859375,805.0,621304
2025-08-11,824.2999877929688,824.2999877929688,824.9500122070312,807.0,807.0,1141997
2025-08-12,820.5499877929688,820.5499877929688,825.5999755859375,820.0,824.2999877929688,784250
2025-08-13,822.1500244140625,822.1500244140625,824.9000244140625,820.5499877929688,823.4500122070312,847012
2025-08-14,826.7000122070312,826.7000122070312,828.0,819.2000122070312,821.8499755859375,492882
2025-08-18,827.0,827.0,835.2000122070312,825.2999877929688,831.3499755859375,435823
2025-08-19,830.3499755859375,830.3499755859375,831.25,825.8499755859375,827.6500244140625,289674
2025-08-20,828.7999877929688,828.7999877929688,831.5,826.9500122070312,829.7999877929688,156440
2025-08-21,825.5499877929688,825.5499877929688,833.4500122070312,824.5,828.7999877929688,138694
2025-08-22,816.0999755859375,816.0999755859375,825.9500122070312,815.5499877929688,825.5,158755
2025-08-25,815.5,815.5,820.4500122070312,814.0,817.0,373280
2025-08-26,807.7999877929688,807.7999877929688,815.7999877929688,806.5499877929688,815.7999877929688,677825
2025-08-28,802.0499877929688,802.0499877929688,810.5999755859375,800.7000122070312,807.7999877929688,146716
2025-08-29,802.3499755859375,802.3499755859375,807.0,798.5999755859375,802.0,520632
2025-09-01,805.9000244140625,805.9000244140625,808.25,802.6500244140625,802.6500244140625,164286
2025-09-02,803.9500122070312,803.9500122070312,810.5,802.9000244140625,809.9000244140625,119021
2025-09-03,812.1500244140625,812.1500244140625,813.2000122070312,803.0999755859375,805.0,187814
2025-09-04,809.3499755859375,809.3499755859375,816.75,807.8499755859375,816.75,619504
2025-09-05,806.9500122070312,806.9500122070312,812.2000122070312,803.5999755859375,811.9000244140625,272131
2025-09-08,809.0,809.0,813.5,807.0999755859375,807.0999755859375,268859
2025-09-09,808.9500122070312,808.9500122070312,812.4500122070312,805.4000244140625,810.3499755859375,170532
2025-09-10,818.2999877929688,818.2999877929688,824.5,810.2000122070312,811.2000122070312,489810
2025-09-11,823.7999877929688,823.7999877929688,825.5,816.25,816.25,1044344
2025-09-12,823.2999877929688,823.2999877929688,825.3499755859375,819.9000244140625,824.9000244140625,297096
2025-09-15,824.9000244140625,824.9000244140625,828.0,821.4000244140625,823.2999877929688,139666
2025-09-16,831.7999877929688,831.7999877929688,833.0,821.5999755859375,823.4000244140625,368364
2025-09-17,856.9500122070312,856.9500122070312,858.0,831.0,833.25,1807341
2025-09-18,854.4500122070312,854.4500122070312,860.9000244140625,851.0499877929688,856.7000122070312,719272
2025-09-19,862.25,862.25,863.5,849.0499877929688,852.5,552336
2025-09-22,855.0499877929688,855.0499877929688,868.0,853.9000244140625,862.9000244140625,266104
2025-09-23,870.5,870.5,874.0,851.0999755859375,851.0999755859375,388234
2025-09-24,865.8499755859375,865.8499755859375,880.4000244140625,864.5499877929688,875.2000122070312,450238
2025-09-25,861.0499877929688,861.0499877929688,870.0499877929688,859.5499877929688,865.8499755859375,804427
2025-09-26,857.0,857.0,864.1500244140625,852.5,861.0499877929688,342057
2025-09-29,870.5,870.5,873.0,855.9000244140625,857.0499877929688,533094
2025-09-30,872.5499877929688,872.5499877929688,877.5,867.8499755859375,870.4500122070312,229410
2025-10-01,864.0499877929688,864.0499877929688,876.5,862.4000244140625,872.5999755859375,2208404
2025-10-03,867.0499877929688,867.0499877929688,872.9500122070312,863.8499755859375,864.1500244140625,783340
2025-10-06,874.0499877929688,874.0499877929688,874.9000244140625,862.5499877929688,868.9000244140625,652683
2025-10-07,864.7000122070312,864.7000122070312,875.9500122070312,863.0499877929688,874.0499877929688,715720
2025-10-08,858.0499877929688,858.0499877929688,868.0,857.2999877929688,866.0999755859375,663817
2025-10-09,862.0999755859375,862.0999755859375,865.6500244140625,858.25,861.25,1347934
2025-10-10,880.75,880.75,883.7000122070312,861.2000122070312,861.2000122070312,1334463
2025-10-13,883.0,883.0,888.0499877929688,875.7999877929688,879.9500122070312,620211
2025-10-14,876.9000244140625,876.9000244140625,884.5,872.1500244140625,883.0,281465
2025-10-15,886.2000122070312,886.2000122070312,887.75,877.2000122070312,877.2000122070312,564545
2025-10-16,886.9000244140625,886.9000244140625,891.9000244140625,882.5,886.75,1072968
2025-10-17,889.3499755859375,889.3499755859375,894.5999755859375,882.5999755859375,886.25,436700
2025-10-20,906.8499755859375,906.8499755859375,913.4000244140625,891.5499877929688,893.7000122070312,835351
2025-10-21,908.0999755859375,908.0999755859375,910.4000244140625,906.3499755859375,906.3499755859375,327433
2025-10-23,911.4500122070312,911.4500122070312,917.9000244140625,904.7999877929688,910.5499877929688,1321998
2025-10-24,904.4000244140625,904.4000244140625,914.2000122070312,900.7999877929688,911.4500122070312,176431
2025-10-27,923.25,923.25,927.9000244140625,905.5,905.5,392249
2025-10-28,930.25,930.25,935.9000244140625,917.7999877929688,923.25,641738
2025-10-29,939.7999877929688,939.7999877929688,941.6500244140625,930.2999877929688,932.5999755859375,1089247
2025-10-30,934.0999755859375,934.0999755859375,944.5999755859375,932.9000244140625,940.0,1338039
2025-10-31,937.0,937.0,946.7000122070312,930.25,935.7999877929688,780748
2025-11-03,950.25,950.25,953.1500244140625,937.7999877929688,938.5,696733
2025-11-04,957.0499877929688,957.0499877929688,959.0,941.3499755859375,952.25,948033
2025-11-06,960.75,960.75,971.1500244140625,955.2999877929688,966.3499755859375,1731058
2025-11-07,955.9500122070312,955.9500122070312,964.5,944.0,959.9500122070312,582333
2025-11-10,951.8499755859375,951.8499755859375,963.0,949.1500244140625,955.9500122070312,387727
2025-11-11,953.2999877929688,953.2999877929688,954.5,945.0499877929688,954.0,1406920
2025-11-12,957.3499755859375,957.3499755859375,961.5,951.0499877929688,958.0,359053
2025-11-13,954.5499877929688,954.5499877929688,964.0,952.2000122070312,955.7000122070312,968319
2025-11-14,967.3499755859375,967.3499755859375,969.0,953.0,954.25,478259
2025-11-17,973.2000122070312,973.2000122070312,976.2000122070312,969.9500122070312,974.1500244140625,215607
2025-11-18,972.5499877929688,972.5499877929688,976.7999877929688,970.0,976.7999877929688,392640
2025-11-19,982.4500122070312,982.4500122070312,984.5,969.0,972.5,240778
2025-11-20,981.7000122070312,981.7000122070312,988.9500122070312,979.0,988.9500122070312,1009998
2025-11-21,972.5999755859375,972.5999755859375,980.5499877929688,971.0,979.9500122070312,188598
2025-11-24,970.2999877929688,970.2999877929688,977.8499755859375,967.7000122070312,974.2000122070312,444259
2025-11-25,983.2000122070312,983.2000122070312,988.9000244140625,971.5,976.0,243325
2025-11-26,984.0499877929688,984.0499877929688,999.0999755859375,982.2000122070312,987.4000244140625,412996
2025-11-27,972.8499755859375,972.8499755859375,988.0,968.7999877929688,987.8499755859375,1490247
2025-11-28,979.5499877929688,979.5499877929688,983.0,973.0,977.0,397881
2025-12-01,973.1500244140625,973.1500244140625,991.25,970.2000122070312,984.7000122070312,312355
2025-12-02,967.75,967.75,980.0499877929688,964.5499877929688,976.0,528774
2025-12-03,951.4000244140625,951.4000244140625,972.25,947.3499755859375,972.25,875186
2025-12-04,948.0499877929688,948.0499877929688,952.5499877929688,944.0999755859375,951.7000122070312,2062068
2025-12-05,971.4000244140625,971.4000244140625,972.7999877929688,946.7999877929688,948.7999877929688,511017
2025-12-08,956.0999755859375,956.0999755859375,972.5,951.0,972.3499755859375,2120466
2025-12-09,959.3499755859375,959.3499755859375,964.2000122070312,950.7999877929688,956.0499877929688,374212
2025-12-10,959.5499877929688,959.5499877929688,964.0,955.0999755859375,959.3499755859375,423587
2025-12-11,963.4000244140625,963.4000244140625,966.4500122070312,958.25,963.9500122070312,1563506
2025-12-12,962.9000244140625,962.9000244140625,967.0,958.0,964.0499877929688,205217
2025-12-15,967.1500244140625,967.1500244140625,969.2999877929688,957.0499877929688,959.9500122070312,118671
2025-12-16,961.4000244140625,961.4000244140625,969.0,958.7999877929688,967.9500122070312,222081
2025-12-17,975.9000244140625,975.9000244140625,978.5,965.0,965.0,569861
2025-12-18,977.7000122070312,977.7000122070312,981.0,973.5,976.75,594574
2025-12-19,980.1500244140625,980.1500244140625,981.9000244140625,977.0,978.1500244140625,261032
2025-12-22,974.25,974.25,983.9000244140625,972.5999755859375,983.9000244140625,395098
2025-12-23,971.8499755859375,971.8499755859375,977.5999755859375,970.4500122070312,975.0499877929688,181180
2025-12-24,969.0,969.0,977.5,967.9500122070312,972.0999755859375,406527
2025-12-26,966.4000244140625,966.4000244140625,971.1500244140625,964.4500122070312,967.0999755859375,401851
2025-12-29,964.8499755859375,964.8499755859375,968.2999877929688,961.4500122070312,965.9500122070312,326921
2025-12-30,973.2999877929688,973.2999877929688,976.0,959.3499755859375,963.5499877929688,340615
2025-12-31,982.2000122070312,982.2000122070312,985.4500122070312,973.5499877929688,976.0,332569
2026-01-01,984.7000122070312,984.7000122070312,987.7000122070312,980.2000122070312,982.2000122070312,848654
2026-01-02,999.3499755859375,999.3499755859375,1009.2999877929688,984.0499877929688,984.75,489973
2026-01-05,1005.3499755859375,1005.3499755859375,1015.4000244140625,1000.0999755859375,1000.0999755859375,574850
2026-01-06,1018.75,1018.75,1023.9500122070312,1005.0,1008.9000244140625,696022
2026-01-07,1007.0999755859375,1007.0999755859375,1022.0,1004.2999877929688,1020.0499877929688,522691
2026-01-08,997.8499755859375,997.8499755859375,1011.9000244140625,995.5999755859375,1005.1500244140625,717133
2026-01-09,1000.0,1000.0,1008.0,994.5499877929688,996.9500122070312,508305
2026-01-12,1015.0499877929688,1015.0499877929688,1016.9000244140625,996.0499877929688,1005.4500122070312,206672
2026-01-13,1028.449951171875,1028.449951171875,1029.4000244140625,1015.7000122070312,1019.4000244140625,3578570
2026-01-14,1028.300048828125,1028.300048828125,1030.0,1021.0,1028.5,549159
2026-01-16,1042.300048828125,1042.300048828125,1047.5,1028.449951171875,1029.0999755859375,536890
2026-01-19,1038.199951171875,1038.199951171875,1043.550048828125,1033.6500244140625,1036.0,270858
2026-01-20,1037.1500244140625,1037.1500244140625,1051.9000244140625,1033.300048828125,1044.800048828125,269961
2026-01-21,1028.1500244140625,1028.1500244140625,1040.449951171875,1021.7999877929688,1030.8499755859375,546284
2026-01-22,1048.25,1048.25,1055.3499755859375,1032.3499755859375,1032.3499755859375,762610
2026-01-23,1029.4000244140625,1029.4000244140625,1053.9000244140625,1025.550048828125,1053.9000244140625,453196
2026-01-27,1052.9000244140625,1052.9000244140625,1054.550048828125,1030.0,1034.9000244140625,814550
2026-01-28,1062.800048828125,1062.800048828125,1065.4000244140625,1044.0999755859375,1055.199951171875,816186
2026-01-29,1064.5,1064.5,1075.0,1060.0,1063.800048828125,1248846
2026-01-30,1077.550048828125,1077.550048828125,1082.4000244140625,1060.5,1064.449951171875,392217
2026-02-02,1028.449951171875,1028.449951171875,1031.550048828125,990.0,1020.0499877929688,406280
2026-02-03,1064.25,1064.25,1090.0,1040.9000244140625,1085.6500244140625,419714
2026-02-04,1068.0999755859375,1068.0999755859375,1073.800048828125,1055.9000244140625,1058.1500244140625,365016
2026-02-05,1073.4000244140625,1073.4000244140625,1081.300048828125,1067.4000244140625,1068.0999755859375,1205425
2026-02-06,1066.4000244140625,1066.4000244140625,1073.5999755859375,1051.0,1071.0,225015
2026-02-09,1145.949951171875,1145.949951171875,1148.0,1100.5999755859375,1120.0,2440558
2026-02-10,1144.0999755859375,1144.0999755859375,1153.8499755859375,1138.050048828125,1151.0,772966
2026-02-11,1183.0,1183.0,1187.699951171875,1144.0,1144.0999755859375,2314375
2026-02-12,1192.5,1192.5,1203.5,1175.25,1182.0,7064547
2026-02-13,1198.800048828125,1198.800048828125,1201.0,1184.5999755859375,1190.0,998568
2026-02-16,1207.9000244140625,1207.9000244140625,1211.8499755859375,1185.0,1191.800048828125,2066299
2026-02-17,1213.25,1213.25,1225.5,1203.449951171875,1207.949951171875,922231
2026-02-18,1219.449951171875,1219.449951171875,1224.550048828125,1214.0999755859375,1222.25,753795
2026-02-19,1207.0,1207.0,1225.0,1199.550048828125,1222.0,840062
2026-02-20,1216.1500244140625,1216.1500244140625,1218.0,1201.550048828125,1206.050048828125,646555
2026-02-23,1227.800048828125,1227.800048828125,1231.25,1217.5999755859375,1220.199951171875,911088
2026-02-24,1223.8499755859375,1223.8499755859375,1234.800048828125,1220.0,1228.050048828125,870161
2026-02-25,1200.199951171875,1200.199951171875,1229.050048828125,1196.75,1228.0,2502176
2026-02-26,1209.199951171875,1209.199951171875,1215.0,1189.1500244140625,1201.9000244140625,1256867
2026-02-27,1202.0,1202.0,1211.949951171875,1199.0,1208.699951171875,1772436
2026-03-02,1189.4000244140625,1189.4000244140625,1197.0,1171.0,1171.0,1421248
2026-03-04,1174.5,1174.5,1182.5,1157.550048828125,1170.0,896300
2026-03-05,1171.3499755859375,1171.3499755859375,1183.5,1150.1500244140625,1179.0,1320661
2026-03-06,1143.550048828125,1143.550048828125,1169.25,1139.75,1166.699951171875,1029014
2026-03-09,1098.699951171875,1098.699951171875,1113.5999755859375,1064.25,1111.0999755859375,1847193
2026-03-10,1112.3499755859375,1112.3499755859375,1120.5,1104.5,1111.0,1286756
2026-03-11,1090.5999755859375,1090.5999755859375,1117.5999755859375,1087.5,1117.5999755859375,495013
2026-03-12,1085.3499755859375,1085.3499755859375,1098.449951171875,1070.6500244140625,1079.949951171875,1306964
2026-03-13,1046.800048828125,1046.800048828125,1081.0,1041.699951171875,1075.199951171875,830960
2026-03-16,1066.550048828125,1066.550048828125,1073.0,1036.050048828125,1046.8499755859375,615161
2026-03-17,1063.949951171875,1063.949951171875,1074.0,1047.199951171875,1073.4000244140625,674896
2026-03-18,1069.5,1069.5,1075.0,1061.0999755859375,1069.0,687084
2026-03-19,1048.949951171875,1048.949951171875,1059.949951171875,1041.050048828125,1041.050048828125,1041758
2026-03-20,1058.4000244140625,1058.4000244140625,1085.0,1054.050048828125,1058.0,778180
2026-03-23,1031.699951171875,1031.699951171875,1045.4000244140625,1014.0,1031.25,1007597
2026-03-24,1030.800048828125,1030.800048828125,1058.4000244140625,1020.5,1054.199951171875,1810170
2026-03-25,1060.550048828125,1060.550048828125,1065.4000244140625,1043.0,1045.1500244140625,1688237
2026-03-27,1020.0499877929688,1020.0499877929688,1055.25,1013.0999755859375,1053.949951171875,736260
2026-03-30,979.7999877929688,979.7999877929688,1009.4000244140625,976.2000122070312,1000.0499877929688,1211649
2026-04-01,1017.9000244140625,1017.9000244140625,1031.0,998.5999755859375,1005.25,951352
2026-04-02,1019.4500122070312,1019.4500122070312,1026.0,978.0,999.9500122070312,1411879
2026-04-06,1032.6500244140625,1032.6500244140625,1035.75,1005.0999755859375,1019.4500122070312,795981
