Date,adj close,close,high,low,open,volume
2021-03-30,332.9161376953125,360.79998779296875,364.29998779296875,356.29998779296875,360.1000061035156,39405124
2021-03-31,336.1456604003906,364.29998779296875,367.8500061035156,357.95001220703125,360.29998779296875,38651025
2021-04-01,342.0048828125,370.6499938964844,371.8999938964844,363.1000061035156,367.70001220703125,31883453
2021-04-05,326.2264099121094,353.54998779296875,369.20001220703125,349.04998779296875,367.5,51743981
2021-04-06,323.4582824707031,350.54998779296875,357.0,349.29998779296875,355.70001220703125,44147709
2021-04-07,330.84002685546875,358.54998779296875,363.20001220703125,347.6000061035156,351.25,48023602
2021-04-08,328.1180419921875,355.6000061035156,363.29998779296875,354.29998779296875,361.0,33370259
2021-04-09,325.7189636230469,353.0,364.5,351.20001220703125,354.3999938964844,46473100
2021-04-12,303.43536376953125,328.8500061035156,344.0,322.54998779296875,344.0,75501713
2021-04-13,314.6463623046875,341.0,342.25,330.5,332.0,49773360
2021-04-15,316.21502685546875,342.70001220703125,347.54998779296875,336.1000061035156,342.1000061035156,52992349
2021-04-16,313.6313781738281,339.8999938964844,345.5,338.6499938964844,343.0,37766793
2021-04-19,305.5576171875,331.1499938964844,332.04998779296875,321.29998779296875,327.1499938964844,53304377
2021-04-20,304.0351257324219,329.5,339.8999938964844,326.70001220703125,335.1000061035156,41296147
2021-04-22,310.6325378417969,336.6499938964844,337.6499938964844,323.29998779296875,326.0,49105833
2021-04-23,310.4480285644531,336.45001220703125,339.8999938964844,331.6499938964844,331.6499938964844,44223940
2021-04-26,317.69134521484375,344.29998779296875,347.45001220703125,339.25,339.25,49234985
2021-04-27,325.7651062011719,353.04998779296875,354.95001220703125,342.3999938964844,344.0,46003023
2021-04-28,335.3152160644531,363.3999938964844,364.29998779296875,356.04998779296875,357.0,56696255
2021-04-29,331.6243591308594,359.3999938964844,369.95001220703125,355.5,365.0,63692926
2021-04-30,326.1803283691406,353.5,362.5,350.45001220703125,353.45001220703125,53832840
2021-05-03,323.50445556640625,350.6000061035156,352.5,341.3999938964844,349.6000061035156,43691860
2021-05-04,324.33489990234375,351.5,362.8999938964844,350.20001220703125,355.0,57749307
2021-05-05,327.9334716796875,355.3999938964844,357.45001220703125,348.0,356.5,40872501
2021-05-06,328.0718688964844,355.54998779296875,359.3500061035156,350.54998779296875,358.0,36294427
2021-05-07,330.563232421875,358.25,362.0,353.0,357.5,38357618
2021-05-10,333.74664306640625,361.70001220703125,367.0,358.79998779296875,360.5,41739324
2021-05-11,336.4685974121094,364.6499938964844,366.3999938964844,354.75,356.8500061035156,41892770
2021-05-12,339.28289794921875,367.70001220703125,373.5,361.8999938964844,362.79998779296875,53436590
2021-05-14,332.5932312011719,360.45001220703125,372.5,359.54998779296875,370.0,51722170
2021-05-17,353.49273681640625,383.1000061035156,385.20001220703125,363.6499938964844,364.3999938964844,106555796
2021-05-18,352.7084045410156,382.25,392.54998779296875,380.04998779296875,390.0,70917710
2021-05-19,354.6922607421875,384.3999938964844,389.5,381.20001220703125,382.0,48189573
2021-05-20,354.8306579589844,384.54998779296875,387.79998779296875,382.0,387.0,42898608
2021-05-21,370.1938781738281,401.20001220703125,404.3999938964844,378.0,390.0,192810772
2021-05-24,380.2053527832031,412.04998779296875,419.20001220703125,405.29998779296875,417.0,142964052
2021-05-25,380.4822082519531,412.3500061035156,415.5,408.5,415.1000061035156,56048127
2021-05-26,381.5894470214844,413.54998779296875,418.75,410.79998779296875,413.79998779296875,52357719
2021-05-27,392.339111328125,425.20001220703125,429.1000061035156,412.0,413.70001220703125,73392997
2021-05-28,389.4325256347656,422.04998779296875,433.6499938964844,420.04998779296875,430.5,65137568
2021-05-31,391.5548095703125,424.3500061035156,426.0,418.0,421.0,38291043
2021-06-01,399.12109375,432.54998779296875,435.3500061035156,425.6000061035156,426.04998779296875,59299647
2021-06-02,403.45782470703125,437.25,437.95001220703125,429.1499938964844,430.79998779296875,38657806
2021-06-03,409.417724609375,439.6499938964844,441.95001220703125,433.5,437.0,38909199
2021-06-04,403.7837829589844,433.6000061035156,441.8999938964844,431.75,437.5,36898769
2021-06-07,402.5265808105469,432.25,437.3999938964844,430.79998779296875,435.1000061035156,20201197
2021-06-08,397.8238830566406,427.20001220703125,432.5,424.0,432.25,31113823
2021-06-09,392.46923828125,421.45001220703125,432.29998779296875,418.20001220703125,427.5,27784834
2021-06-10,402.5265808105469,432.25,433.29998779296875,422.3999938964844,424.8999938964844,27397712
2021-06-11,400.0588073730469,429.6000061035156,435.5,425.25,434.8500061035156,26831924
2021-06-14,400.75726318359375,430.3500061035156,432.45001220703125,416.70001220703125,427.0,30106015
2021-06-15,399.9657287597656,429.5,432.79998779296875,428.0,429.20001220703125,16413658
2021-06-16,396.6597900390625,425.95001220703125,432.75,425.0,428.0,19701175
2021-06-17,391.3517761230469,420.25,425.95001220703125,416.6000061035156,421.0,23048331
2021-06-18,384.5071716308594,412.8999938964844,423.8999938964844,402.6499938964844,423.8999938964844,45748727
2021-06-21,390.8861389160156,419.75,421.0,400.5,406.3500061035156,33128978
2021-06-22,389.86181640625,418.6499938964844,425.45001220703125,417.29998779296875,423.0,28442965
2021-06-23,390.04803466796875,418.8500061035156,424.75,415.0,421.1000061035156,27564829
2021-06-24,388.5115051269531,417.20001220703125,422.75,416.29998779296875,420.3500061035156,19214547
2021-06-25,399.3138122558594,428.79998779296875,431.0,419.04998779296875,421.0,29886797
2021-06-28,397.40478515625,426.75,433.1499938964844,424.54998779296875,430.70001220703125,29370660
2021-06-29,392.5158386230469,421.5,428.95001220703125,420.54998779296875,427.5,22275961
2021-06-30,390.3739929199219,419.20001220703125,424.8999938964844,418.29998779296875,423.0,18337773
2021-07-01,391.491455078125,420.3999938964844,423.70001220703125,417.1499938964844,420.29998779296875,16161469
2021-07-02,395.2164001464844,424.3999938964844,425.3999938964844,419.0,420.29998779296875,16423811
2021-07-05,402.8990783691406,432.6499938964844,434.5,424.25,426.5,16483761
2021-07-06,400.1985168457031,429.75,436.5,428.20001220703125,431.70001220703125,20195278
2021-07-07,403.0853271484375,432.8500061035156,434.0,427.54998779296875,429.3500061035156,14473774
2021-07-08,395.262939453125,424.45001220703125,435.3999938964844,422.1000061035156,432.79998779296875,21433043
2021-07-09,394.611083984375,423.75,427.5,421.04998779296875,425.0,16844494
2021-07-12,398.0566711425781,427.45001220703125,430.25,424.6000061035156,426.5,12886781
2021-07-13,399.59320068359375,429.1000061035156,431.79998779296875,428.29998779296875,430.0,12831125
2021-07-14,401.4090881347656,431.04998779296875,432.29998779296875,426.3999938964844,429.0,12767351
2021-07-15,402.0144348144531,431.70001220703125,432.95001220703125,429.6499938964844,432.70001220703125,11030732
2021-07-16,400.4313049316406,430.0,432.5,427.45001220703125,432.0,8713863
2021-07-19,398.4757080078125,427.8999938964844,429.45001220703125,418.8500061035156,423.3999938964844,14426686
2021-07-20,391.9570617675781,420.8999938964844,427.0,418.8999938964844,427.0,14623321
2021-07-22,393.0279846191406,422.04998779296875,426.70001220703125,420.8999938964844,425.54998779296875,11799761
2021-07-23,399.406982421875,428.8999938964844,429.95001220703125,419.5,422.8999938964844,17704661
2021-07-26,394.1920166015625,423.29998779296875,427.79998779296875,422.29998779296875,427.79998779296875,14037519
2021-07-27,400.384765625,429.95001220703125,433.25,424.0,424.1499938964844,24119619
2021-07-28,396.2407531738281,425.5,430.5,421.04998779296875,430.0,17636515
2021-07-29,411.1870422363281,441.54998779296875,443.6000061035156,425.5,426.0,35263606
2021-07-30,402.1075439453125,431.79998779296875,444.3999938964844,430.70001220703125,441.5,35196813
2021-08-02,404.994384765625,434.8999938964844,436.70001220703125,431.79998779296875,434.75,16926025
2021-08-03,415.79669189453125,446.5,447.8999938964844,433.6000061035156,434.95001220703125,40922962
2021-08-04,425.52813720703125,456.95001220703125,467.45001220703125,441.5,448.6499938964844,129761158
2021-08-05,411.4664611816406,441.8500061035156,462.5,438.3999938964844,461.0,58595639
2021-08-06,405.6927795410156,435.6499938964844,447.0,434.0,443.70001220703125,38236066
2021-08-09,403.5975036621094,433.3999938964844,441.79998779296875,431.0,437.8999938964844,22196404
2021-08-10,397.12542724609375,426.45001220703125,436.3999938964844,421.70001220703125,434.3999938964844,27794251
2021-08-11,398.61541748046875,428.04998779296875,432.8999938964844,423.1499938964844,429.79998779296875,23827946
2021-08-12,397.7772521972656,427.1499938964844,430.45001220703125,425.0,430.0,16847144
2021-08-13,401.548828125,431.20001220703125,432.25,425.0,427.6000061035156,20908992
2021-08-16,395.63543701171875,424.8500061035156,434.0,424.0,430.0,17608693
2021-08-17,392.5158386230469,421.5,425.8500061035156,415.25,424.8500061035156,22957877
2021-08-18,390.839599609375,419.70001220703125,424.3500061035156,418.0,422.1499938964844,17668574
2021-08-20,378.7335510253906,406.70001220703125,417.3500061035156,405.1499938964844,415.0,25541790
2021-08-23,381.3409729003906,409.5,413.0,401.25,411.1000061035156,26559937
2021-08-24,388.8840026855469,417.6000061035156,418.75,408.20001220703125,409.5,19012313
2021-08-25,387.6268310546875,416.25,421.29998779296875,414.29998779296875,419.0,16410980
2021-08-26,382.5050354003906,410.75,415.79998779296875,410.0,414.5,15897679
2021-08-27,384.088134765625,412.45001220703125,414.3500061035156,407.5,410.3500061035156,15090541
2021-08-30,393.63330078125,422.70001220703125,423.29998779296875,413.5,414.3999938964844,20308691
2021-08-31,396.7529296875,426.04998779296875,427.0,418.70001220703125,423.8500061035156,26262421
2021-09-01,400.33819580078125,429.8999938964844,432.54998779296875,425.1499938964844,427.5,18776721
2021-09-02,400.1985168457031,429.75,433.5,427.75,431.3999938964844,14372717
2021-09-03,401.7350158691406,431.3999938964844,434.29998779296875,428.20001220703125,431.25,14233624
2021-09-06,401.4090881347656,431.04998779296875,433.8500061035156,430.04998779296875,432.0,10694099
2021-09-07,399.59320068359375,429.1000061035156,431.70001220703125,425.1000061035156,431.04998779296875,14928735
2021-09-08,401.6884765625,431.3500061035156,435.3999938964844,427.3500061035156,429.0,22817464
2021-09-09,402.5731506347656,432.29998779296875,433.79998779296875,430.0,430.25,9662128
2021-09-13,403.0853271484375,432.8500061035156,433.79998779296875,428.79998779296875,430.1000061035156,9567921
2021-09-14,403.2250061035156,433.0,436.75,432.25,435.0,9981562
2021-09-15,413.3289489746094,443.8500061035156,445.0,431.45001220703125,433.0,22181568
2021-09-16,431.81396484375,463.70001220703125,466.1000061035156,442.75,444.8500061035156,42637448
2021-09-17,422.8741149902344,454.1000061035156,471.8999938964844,450.3500061035156,468.0,41529478
2021-09-20,407.3690490722656,437.45001220703125,453.5,435.6499938964844,449.3999938964844,18376916
2021-09-21,408.62615966796875,438.79998779296875,441.3500061035156,432.6499938964844,440.1499938964844,17279588
2021-09-22,408.6727600097656,438.8500061035156,442.79998779296875,436.1000061035156,438.8999938964844,14321143
2021-09-23,418.8697509765625,449.79998779296875,451.1499938964844,442.04998779296875,442.3999938964844,20516770
2021-09-24,410.4421081542969,440.75,451.8999938964844,440.0,451.1000061035156,10731274
2021-09-27,415.88983154296875,446.6000061035156,450.54998779296875,442.25,444.8999938964844,11746892
2021-09-28,414.30670166015625,444.8999938964844,455.79998779296875,439.6000061035156,449.20001220703125,19241170
2021-09-29,428.3683776855469,460.0,462.29998779296875,439.1000061035156,441.8500061035156,38635938
2021-09-30,421.8497314453125,453.0,464.8999938964844,451.3999938964844,459.95001220703125,26530369
2021-10-01,420.5925598144531,451.6499938964844,455.54998779296875,443.79998779296875,448.5,14777309
2021-10-04,431.3017578125,463.1499938964844,464.3999938964844,451.6000061035156,453.79998779296875,16246765
2021-10-05,432.7452087402344,464.70001220703125,469.0,458.70001220703125,462.0,16487568
2021-10-06,425.7608947753906,457.20001220703125,471.0,453.6499938964844,465.0,19056690
2021-10-07,426.41278076171875,457.8999938964844,464.0,457.1000061035156,462.1000061035156,9984651
2021-10-08,426.5058898925781,458.0,464.0,454.25,461.8999938964844,16521128
2021-10-11,436.9822998046875,469.25,474.95001220703125,458.6499938964844,460.0,20686981
2021-10-12,449.78680419921875,483.0,484.3999938964844,468.1000061035156,470.0,33763609
2021-10-13,448.5762023925781,481.70001220703125,486.1499938964844,478.0,486.1499938964844,17638983
2021-10-14,456.86419677734375,490.6000061035156,493.8999938964844,482.0,482.0,23431826
2021-10-18,463.708740234375,497.95001220703125,501.0,491.70001220703125,494.0,20084248
2021-10-19,454.6292419433594,488.20001220703125,504.20001220703125,483.25,500.3500061035156,20645100
2021-10-20,465.524658203125,499.8999938964844,507.5,483.1000061035156,488.79998779296875,34080545
2021-10-21,468.3649597167969,502.95001220703125,506.5,491.75,504.8999938964844,20808243
2021-10-22,468.3649597167969,502.95001220703125,508.70001220703125,500.0,504.6000061035156,24080485
2021-10-25,471.67083740234375,506.5,515.4500122070312,497.8500061035156,506.5,35619415
2021-10-26,477.3047790527344,512.5499877929688,518.2000122070312,507.6000061035156,507.6000061035156,21107457
2021-10-27,483.45098876953125,519.1500244140625,526.8499755859375,512.75,513.7000122070312,29463032
2021-10-28,466.875,501.3500061035156,520.5499877929688,497.6000061035156,519.5999755859375,28140401
2021-10-29,467.6199645996094,502.1499938964844,512.6500244140625,488.3999938964844,501.5,31355893
2021-11-01,480.23822021484375,515.7000122070312,516.9500122070312,501.0,508.5,20679604
2021-11-02,485.82562255859375,521.7000122070312,525.0,512.0499877929688,514.7999877929688,26797820
2021-11-03,491.3664855957031,527.6500244140625,542.2999877929688,515.2000122070312,524.0,80775924
2021-11-04,493.9739685058594,530.4500122070312,535.9000244140625,528.0499877929688,531.5,9796046
2021-11-08,487.26904296875,523.25,534.4500122070312,516.4500122070312,534.4500122070312,36802110
2021-11-09,492.76336669921875,529.1500244140625,532.0,522.2000122070312,526.25,25451967
2021-11-10,488.3399353027344,524.4000244140625,528.5,521.5,525.5499877929688,15805538
2021-11-11,474.5576477050781,509.6000061035156,522.8499755859375,507.1000061035156,522.8499755859375,23086898
2021-11-12,476.1873474121094,511.3500061035156,513.0,502.70001220703125,512.0,19836221
2021-11-15,471.7173767089844,506.54998779296875,515.9000244140625,505.5,512.4000244140625,13328183
2021-11-16,461.05474853515625,495.1000061035156,507.3999938964844,493.5,507.3999938964844,19553216
2021-11-17,463.89501953125,498.1499938964844,505.3999938964844,491.0,493.8500061035156,20488483
2021-11-18,469.1565246582031,503.79998779296875,506.20001220703125,492.29998779296875,499.1000061035156,22471070
2021-11-22,452.9529724121094,486.3999938964844,506.0,477.5,506.0,28800269
2021-11-23,459.1457214355469,493.04998779296875,495.3999938964844,480.0,485.25,20000371
2021-11-24,459.23883056640625,493.1499938964844,500.0,489.04998779296875,495.79998779296875,13963769
2021-11-25,456.817626953125,490.54998779296875,495.45001220703125,486.29998779296875,490.0,12894211
2021-11-26,438.1463623046875,470.5,487.8999938964844,467.1000061035156,486.25,26305817
2021-11-29,433.11767578125,465.1000061035156,477.75,454.29998779296875,470.0,22407465
2021-11-30,428.88055419921875,460.54998779296875,477.25,458.0,468.0,23026652
2021-12-01,442.6162414550781,475.29998779296875,477.25,464.0,464.45001220703125,17156956
2021-12-02,444.1993408203125,477.0,478.1499938964844,470.95001220703125,474.5,12962679
2021-12-03,440.6141052246094,473.1499938964844,481.5,470.04998779296875,475.75,16653993
2021-12-06,433.3039245605469,465.29998779296875,477.0,463.79998779296875,473.1499938964844,14353300
2021-12-07,443.9200134277344,476.70001220703125,479.70001220703125,469.20001220703125,469.20001220703125,13644942
2021-12-08,457.7488708496094,491.54998779296875,492.3999938964844,480.25,480.8999938964844,20397660
2021-12-09,455.0482482910156,488.6499938964844,493.5,486.1000061035156,492.29998779296875,12560970
2021-12-10,460.6822814941406,494.70001220703125,495.95001220703125,484.3999938964844,488.5,13261408
2021-12-13,454.2566833496094,487.79998779296875,500.45001220703125,486.3500061035156,497.75,14047645
2021-12-14,454.95513916015625,488.54998779296875,490.3500061035156,481.79998779296875,486.0,11642447
2021-12-15,451.4630126953125,484.79998779296875,491.0,483.5,490.0,8639835
2021-12-16,448.06402587890625,481.1499938964844,490.54998779296875,478.25,488.3500061035156,11107781
2021-12-17,435.63201904296875,467.79998779296875,481.3999938964844,466.5,480.04998779296875,12648603
2021-12-20,418.31103515625,449.20001220703125,464.0,443.0,459.0,22336114
2021-12-21,415.33111572265625,446.0,458.25,444.5,457.04998779296875,16617447
2021-12-22,424.5037841796875,455.8500061035156,457.29998779296875,449.0,450.0,13102553
2021-12-23,430.04461669921875,461.79998779296875,465.0,457.75,461.0,14471377
2021-12-24,425.52813720703125,456.95001220703125,463.6000061035156,452.20001220703125,462.6000061035156,13221159
2021-12-27,426.5524597167969,458.04998779296875,460.5,450.54998779296875,453.70001220703125,8856482
2021-12-28,429.4858703613281,461.20001220703125,462.8999938964844,459.04998779296875,461.20001220703125,8832210
2021-12-29,423.1534729003906,454.3999938964844,462.1499938964844,451.3999938964844,461.0,11757303
2021-12-30,420.6391296386719,451.70001220703125,454.8999938964844,448.5,452.75,28879190
2021-12-31,428.7874450683594,460.45001220703125,461.3999938964844,453.1000061035156,454.25,10005842
2022-01-03,438.42572021484375,470.79998779296875,472.0,460.1000061035156,462.0,13124509
2022-01-04,450.2524108886719,483.5,484.70001220703125,471.04998779296875,472.5,23296671
2022-01-05,458.5404052734375,492.3999938964844,495.0,479.1499938964844,481.8999938964844,24694169
2022-01-06,457.8885803222656,491.70001220703125,494.3999938964844,485.3999938964844,487.70001220703125,18190843
2022-01-07,457.469482421875,491.25,501.95001220703125,489.45001220703125,493.45001220703125,22746330
2022-01-10,469.0168151855469,503.6499938964844,504.95001220703125,492.5,493.3500061035156,15832274
2022-01-11,471.1586608886719,505.95001220703125,507.79998779296875,499.25,503.0,16107950
2022-01-12,475.1629638671875,510.25,513.5,508.5,509.8999938964844,14489616
2022-01-13,476.1873474121094,511.3500061035156,512.8499755859375,507.0,510.0,10450974
2022-01-14,473.39361572265625,508.3500061035156,510.3500061035156,505.1499938964844,509.0,8724574
2022-01-17,478.65509033203125,514.0,518.9000244140625,507.54998779296875,508.0,17422211
2022-01-18,471.9501953125,506.79998779296875,517.4500122070312,505.0,514.0,12592506
2022-01-19,480.3313293457031,515.7999877929688,517.6500244140625,500.29998779296875,505.0,16079457
2022-01-20,476.23388671875,511.3999938964844,519.1500244140625,508.0,516.0,17724642
2022-01-21,468.1321716308594,502.70001220703125,507.5,498.0,505.29998779296875,16947941
2022-01-24,460.1700744628906,494.1499938964844,506.79998779296875,488.0,502.3999938964844,20233933
2022-01-25,479.2604675292969,514.6500244140625,517.5,489.0,490.0,21791739
2022-01-27,492.5771179199219,528.9500122070312,530.8499755859375,503.20001220703125,503.54998779296875,35409230
2022-01-28,487.4552917480469,523.4500122070312,536.4000244140625,521.4000244140625,534.0,24715250
2022-01-31,501.2841491699219,538.2999877929688,540.9000244140625,527.0499877929688,529.0,28674232
2022-02-01,495.6966857910156,532.2999877929688,543.9500122070312,520.0,543.9500122070312,32245356
2022-02-02,502.680908203125,539.7999877929688,544.25,531.3499755859375,536.6500244140625,21661864
2022-02-03,502.9603271484375,540.0999755859375,544.7000122070312,537.1500244140625,537.1500244140625,22717677
2022-02-04,493.8342590332031,530.2999877929688,546.4000244140625,527.2999877929688,542.1500244140625,25332894
2022-02-07,496.58135986328125,533.25,549.0,525.25,531.9000244140625,52289545
2022-02-08,494.81201171875,531.3499755859375,537.6500244140625,519.0,535.5,26567546
2022-02-09,498.44384765625,535.25,536.5,527.75,534.9500122070312,14856155
2022-02-10,503.37939453125,540.5499877929688,543.9500122070312,534.4000244140625,537.0999755859375,18659370
2022-02-11,493.182373046875,529.5999755859375,537.7000122070312,527.0999755859375,536.25,14607095
2022-02-14,466.9215393066406,501.3999938964844,515.5999755859375,499.70001220703125,515.0,26153332
2022-02-15,488.71240234375,524.7999877929688,526.8499755859375,497.1000061035156,502.0,23842951
2022-02-16,481.16943359375,516.7000122070312,528.0,514.0,526.5,19773807
2022-02-17,477.6773376464844,512.9500122070312,520.0,511.1499938964844,520.0,16408356
2022-02-18,479.8656921386719,515.2999877929688,520.9000244140625,510.1000061035156,510.1000061035156,15111223
2022-02-21,476.6529541015625,511.8500061035156,517.5,504.6499938964844,511.54998779296875,16866932
2022-02-22,464.1278381347656,498.3999938964844,505.29998779296875,495.5,500.8999938964844,27108772
2022-02-23,464.4072265625,498.70001220703125,505.3500061035156,497.25,503.0,13899433
2022-02-24,440.1485290527344,472.6499938964844,487.95001220703125,468.0,480.0,32356037
2022-02-25,449.7402038574219,482.95001220703125,491.8999938964844,479.29998779296875,480.0,21792287
2022-02-28,449.9730529785156,483.20001220703125,485.29998779296875,473.1000061035156,476.8999938964844,18069367
2022-03-02,441.63848876953125,474.25,479.79998779296875,467.0,478.0,22003848
2022-03-03,435.2594909667969,467.3999938964844,483.3999938964844,464.6000061035156,480.0,20358590
2022-03-04,430.1842956542969,461.95001220703125,470.8999938964844,457.6499938964844,460.29998779296875,20684268
2022-03-07,410.0230712890625,440.29998779296875,453.95001220703125,433.45001220703125,447.5,33720472
2022-03-08,410.0230712890625,440.29998779296875,442.1000061035156,425.0,438.0,42510207
2022-03-09,420.6391296386719,451.70001220703125,454.29998779296875,438.54998779296875,442.0,32331325
2022-03-10,436.47015380859375,468.70001220703125,476.6499938964844,461.6499938964844,469.8999938964844,34553299
2022-03-11,438.0066833496094,470.3500061035156,474.79998779296875,462.0,466.3999938964844,22091309
2022-03-14,451.7889709472656,485.1499938964844,486.0,470.54998779296875,471.0,27750689
2022-03-15,452.4408264160156,485.8500061035156,490.5,480.6499938964844,489.0,27204899
2022-03-16,458.8663330078125,492.75,494.29998779296875,489.3999938964844,493.0,16211288
2022-03-17,467.38714599609375,501.8999938964844,503.5,498.29998779296875,499.0,22947673
2022-03-21,456.86419677734375,490.6000061035156,502.0,489.0,502.0,19064060
2022-03-22,459.75103759765625,493.70001220703125,495.79998779296875,477.25,490.6000061035156,26157969
2022-03-23,456.9107360839844,490.6499938964844,502.3999938964844,489.20001220703125,498.5,15800195
2022-03-24,453.6048889160156,487.1000061035156,494.79998779296875,483.5,485.0,18174877
2022-03-25,456.95733642578125,490.70001220703125,493.29998779296875,486.6000061035156,491.75,11541196
2022-03-28,463.2897033691406,497.5,498.6000061035156,481.95001220703125,490.95001220703125,16738684
2022-03-29,460.96160888671875,495.0,501.3999938964844,491.70001220703125,500.0,14301429
2022-03-30,460.30975341796875,494.29998779296875,500.3999938964844,492.29998779296875,499.29998779296875,16461225
2022-03-31,459.611328125,493.54998779296875,497.54998779296875,492.20001220703125,494.29998779296875,10240982
2022-04-01,473.25390625,508.20001220703125,509.75,491.0,491.0,18527226
2022-04-04,477.1651611328125,512.4000244140625,514.9000244140625,506.0,509.29998779296875,16257176
2022-04-05,474.37139892578125,509.3999938964844,516.4000244140625,507.70001220703125,514.4000244140625,13602384
2022-04-06,478.6085510253906,513.9500122070312,515.2000122070312,506.0,507.0,13738275
2022-04-07,479.539794921875,514.9500122070312,519.9000244140625,510.04998779296875,510.04998779296875,19620958
2022-04-08,480.6106872558594,516.0999755859375,519.5,512.3499755859375,519.5,13572638
2022-04-11,479.49322509765625,514.9000244140625,522.0,513.2000122070312,513.5,12370288
2022-04-12,477.58416748046875,512.8499755859375,516.7000122070312,504.3500061035156,512.75,14460680
2022-04-13,482.1007080078125,517.7000122070312,520.9000244140625,513.75,514.2999877929688,15440525
2022-04-18,474.46453857421875,509.5,515.0,504.0,512.0,14492183
2022-04-19,476.60638427734375,511.79998779296875,520.9500122070312,505.1000061035156,513.25,20362934
2022-04-20,474.2782897949219,509.29998779296875,513.7000122070312,507.0,512.0,11881305
2022-04-21,480.79693603515625,516.2999877929688,518.0,512.2000122070312,513.4000244140625,10035638
2022-04-22,466.1765441894531,500.6000061035156,513.5,499.0,512.9000244140625,16760456
2022-04-25,460.72882080078125,494.75,499.20001220703125,490.04998779296875,495.0,14057444
2022-04-26,470.7395935058594,505.5,507.8999938964844,498.45001220703125,499.0,12137213
2022-04-27,463.0569152832031,497.25,502.79998779296875,491.8500061035156,500.0,12367342
2022-04-28,472.60211181640625,507.5,510.0,496.5,499.1499938964844,12154792
2022-04-29,462.1722106933594,496.29998779296875,512.5,494.0,508.1000061035156,12894773
2022-05-02,457.2366943359375,491.0,495.0,481.29998779296875,492.6499938964844,18590895
2022-05-04,446.6671447753906,479.6499938964844,496.45001220703125,477.5,492.0,14645323
2022-05-05,446.9930725097656,480.0,494.0,478.6499938964844,485.0,14130385
2022-05-06,450.6714782714844,483.95001220703125,486.1000061035156,471.0,471.0,16710020
2022-05-09,443.1750183105469,475.8999938964844,483.70001220703125,473.79998779296875,477.1000061035156,13544947
2022-05-10,442.523193359375,475.20001220703125,482.54998779296875,473.5,477.0,10884328
2022-05-11,443.7803039550781,476.54998779296875,479.0,463.6499938964844,475.25,14771351
2022-05-12,430.8361511230469,462.6499938964844,473.0,456.3500061035156,473.0,18947096
2022-05-13,414.0738830566406,444.6499938964844,477.0,439.75,469.45001220703125,61403008
2022-05-16,423.71221923828125,455.0,461.5,438.8500061035156,445.0,27940958
2022-05-17,435.1664123535156,467.29998779296875,469.6499938964844,456.1499938964844,458.29998779296875,16880698
2022-05-18,426.5058898925781,458.0,468.6000061035156,457.1000061035156,467.8999938964844,15644497
2022-05-19,416.7279357910156,447.5,450.0,444.45001220703125,449.04998779296875,14201420
2022-05-20,430.6033630371094,462.3999938964844,464.0,454.1499938964844,454.8500061035156,13596860
2022-05-23,429.20648193359375,460.8999938964844,471.3999938964844,459.5,463.1000061035156,13499415
2022-05-24,430.2773742675781,462.04998779296875,466.79998779296875,460.20001220703125,462.3999938964844,17175179
2022-05-25,429.4735107421875,454.1000061035156,464.45001220703125,452.04998779296875,461.0,12728644
2022-05-26,443.4708557128906,468.8999938964844,470.1000061035156,452.5,456.8500061035156,17055257
2022-05-27,443.5181884765625,468.95001220703125,475.0,467.5,471.3999938964844,10977001
2022-05-30,448.86181640625,474.6000061035156,476.8999938964844,471.1000061035156,473.0,9365470
2022-05-31,442.7142639160156,468.1000061035156,476.3999938964844,465.0,474.0,15441579
2022-06-01,442.9034118652344,468.29998779296875,472.0,464.70001220703125,468.0,9424008
2022-06-02,444.3693542480469,469.8500061035156,472.3500061035156,466.1499938964844,466.8999938964844,9370989
2022-06-03,439.30950927734375,464.5,475.5,463.5,473.25,11306291
2022-06-06,438.5528869628906,463.70001220703125,465.6000061035156,456.5,464.20001220703125,10661432
2022-06-07,438.2691650390625,463.3999938964844,465.95001220703125,460.5,461.8500061035156,7672515
2022-06-08,445.74072265625,471.29998779296875,475.54998779296875,463.20001220703125,466.6000061035156,17168871
2022-06-09,441.6266784667969,466.95001220703125,470.8999938964844,462.45001220703125,468.95001220703125,12635601
2022-06-10,436.8032531738281,461.8500061035156,464.1499938964844,458.6000061035156,462.0,8621104
2022-06-13,421.67095947265625,445.8500061035156,454.04998779296875,442.1000061035156,454.0,13426836
2022-06-14,423.79888916015625,448.1000061035156,449.25,443.3500061035156,445.0,11351101
2022-06-15,426.8726501464844,451.3500061035156,455.45001220703125,448.6000061035156,448.95001220703125,9920926
2022-06-16,417.6513977050781,441.6000061035156,457.75,440.1499938964844,455.1499938964844,10780703
2022-06-17,417.0839538574219,441.0,447.54998779296875,437.25,440.0,14326050
2022-06-20,411.1256408691406,434.70001220703125,443.45001220703125,430.70001220703125,441.5,12368534
2022-06-21,426.30517578125,450.75,454.95001220703125,437.6000061035156,439.5,13801891
2022-06-22,423.3733215332031,447.6499938964844,451.20001220703125,444.6499938964844,448.75,11066447
2022-06-23,426.919921875,451.3999938964844,456.45001220703125,446.0,449.0,12229833
2022-06-24,429.6153869628906,454.25,460.3500061035156,453.20001220703125,455.79998779296875,10833364
2022-06-27,436.1884765625,461.20001220703125,464.8500061035156,458.04998779296875,459.95001220703125,9509175
2022-06-28,439.07305908203125,464.25,465.75,458.0,458.8999938964844,13261290
2022-06-29,434.2023620605469,459.1000061035156,462.70001220703125,458.0,460.0,11800876
2022-06-30,440.6335754394531,465.8999938964844,469.29998779296875,458.6000061035156,459.0,16926328
2022-07-01,441.5320739746094,466.8500061035156,468.79998779296875,460.54998779296875,463.3500061035156,9405495
2022-07-04,447.7741394042969,473.45001220703125,474.1499938964844,466.8500061035156,466.8500061035156,9186358
2022-07-05,446.5446472167969,472.1499938964844,480.0,471.0,475.1499938964844,12003244
2022-07-06,453.9216613769531,479.95001220703125,481.0,473.8999938964844,475.1499938964844,12059857
2022-07-07,460.35284423828125,486.75,488.25,481.6000061035156,484.0,11497832
2022-07-08,462.05523681640625,488.54998779296875,489.8999938964844,485.1499938964844,489.0,9057231
2022-07-11,461.7242126464844,488.20001220703125,491.29998779296875,485.0,485.0,7704792
2022-07-12,458.6504821777344,484.95001220703125,491.3500061035156,483.1000061035156,485.0,7364457
2022-07-13,460.1164245605469,486.5,492.45001220703125,484.54998779296875,487.75,8208853
2022-07-14,453.35418701171875,479.3500061035156,488.8999938964844,476.79998779296875,486.6000061035156,9385630
2022-07-15,453.1177062988281,479.1000061035156,484.3999938964844,474.70001220703125,482.54998779296875,6945602
2022-07-18,463.7103271484375,490.29998779296875,491.5,482.1000061035156,484.54998779296875,9934786
2022-07-19,470.9454650878906,497.95001220703125,498.54998779296875,488.0,488.0,11724183
2022-07-20,481.0179138183594,508.6000061035156,510.6000061035156,500.3999938964844,501.0,19280117
2022-07-21,484.2807922363281,512.0499877929688,513.4000244140625,506.75,509.79998779296875,13814893
2022-07-22,485.84130859375,513.7000122070312,520.2000122070312,511.20001220703125,513.4500122070312,14699129
2022-07-25,489.7189636230469,517.7999877929688,519.0,509.1499938964844,513.4000244140625,10229778
2022-07-26,486.314208984375,514.2000122070312,520.7999877929688,513.0999755859375,517.7000122070312,8862656
2022-07-27,499.5549621582031,528.2000122070312,529.9500122070312,512.25,515.2999877929688,15101546
2022-07-28,503.5744934082031,532.4500122070312,537.5,529.5499877929688,533.2000122070312,12160734
2022-07-29,499.6968078613281,528.3499755859375,537.0,526.75,535.0499877929688,11921058
2022-08-01,504.803955078125,533.75,535.0,526.4000244140625,529.0499877929688,8295631
2022-08-02,512.701171875,542.0999755859375,544.9000244140625,531.0999755859375,531.9000244140625,16845027
2022-08-03,511.5189514160156,540.8499755859375,546.4000244140625,534.6500244140625,541.9000244140625,24262125
2022-08-04,504.33111572265625,533.25,544.0,524.2000122070312,543.6500244140625,18072293
2022-08-05,502.2503967285156,531.0499877929688,542.9000244140625,529.0,535.5499877929688,21110734
2022-08-08,492.177978515625,520.4000244140625,524.0,513.8499755859375,524.0,32566317
2022-08-10,486.7870788574219,514.7000122070312,523.5,513.4000244140625,521.5499877929688,16904151
2022-08-11,496.2920837402344,524.75,526.0,517.2000122070312,520.0,13862195
2022-08-12,501.91937255859375,530.7000122070312,531.7999877929688,525.1500244140625,525.7000122070312,12154012
2022-08-16,497.427001953125,525.9500122070312,533.8499755859375,525.0,533.2999877929688,10721167
2022-08-17,499.5076599121094,528.1500244140625,530.5499877929688,524.3499755859375,528.8499755859375,12054183
2022-08-18,503.47991943359375,532.3499755859375,534.7999877929688,526.2000122070312,526.8499755859375,9013662
2022-08-19,492.1306457519531,520.3499755859375,533.6500244140625,518.5,532.0,11087222
2022-08-22,483.5715026855469,511.29998779296875,519.9000244140625,510.0,519.0,9676954
2022-08-23,493.5966491699219,521.9000244140625,524.0,508.25,508.25,8597965
2022-08-24,491.1376037597656,519.2999877929688,523.0,512.2999877929688,519.0,11930650
2022-08-25,492.177978515625,520.4000244140625,528.2999877929688,518.5,521.9500122070312,15473450
2022-08-26,495.3935546875,523.7999877929688,529.5,522.2000122070312,523.7999877929688,12855886
2022-08-29,486.928955078125,514.8499755859375,517.0,508.75,511.29998779296875,9421339
2022-08-30,502.4395751953125,531.25,532.5,517.9500122070312,518.2000122070312,14835308
2022-09-01,504.3783874511719,533.2999877929688,540.9000244140625,522.25,522.25,16670228
2022-09-02,507.593994140625,536.7000122070312,537.8499755859375,531.25,537.0,10017930
2022-09-05,509.6747131347656,538.9000244140625,540.7999877929688,536.2999877929688,537.0,7819994
2022-09-06,508.6343078613281,537.7999877929688,542.7000122070312,534.0999755859375,538.0,8657868
2022-09-07,503.9527587890625,532.8499755859375,537.4500122070312,531.5499877929688,534.4000244140625,8445359
2022-09-08,515.1128540039062,544.6500244140625,546.2999877929688,535.5,536.0,12240707
2022-09-09,523.3410034179688,553.3499755859375,557.0,548.0,549.6500244140625,18587927
2022-09-12,524.8070068359375,554.9000244140625,558.5999755859375,551.25,554.9000244140625,9677415
2022-09-13,527.7388916015625,558.0,560.0,553.75,560.0,16707275
2022-09-14,540.7431640625,571.75,574.8499755859375,549.25,550.0,21632641
2022-09-15,541.1214599609375,572.1500244140625,578.5,567.9000244140625,572.5499877929688,12749947
2022-09-16,531.332763671875,561.7999877929688,574.0,560.2999877929688,569.0999755859375,14739280
2022-09-19,541.216064453125,572.25,574.4000244140625,559.5499877929688,560.7000122070312,11194003
2022-09-20,542.9183959960938,574.0499877929688,577.9500122070312,572.8499755859375,577.9500122070312,8484017
2022-09-21,538.8043212890625,569.7000122070312,577.2999877929688,565.4000244140625,575.0,9392526
2022-09-22,536.5344848632812,567.2999877929688,574.0,562.0,566.75,11869435
2022-09-23,520.7401123046875,550.5999755859375,568.0,549.5,564.7999877929688,12563239
2022-09-26,513.8361206054688,543.2999877929688,549.0,533.0,545.7999877929688,16158750
2022-09-27,507.40484619140625,536.5,550.9000244140625,533.2000122070312,544.5499877929688,11066799
2022-09-28,496.3866271972656,524.8499755859375,539.7999877929688,520.3499755859375,532.9000244140625,12233485
2022-09-29,493.4547424316406,521.75,535.7000122070312,519.5499877929688,529.0,17310168
2022-09-30,501.82476806640625,530.5999755859375,536.9000244140625,516.1500244140625,524.0,17466950
2022-10-03,491.563232421875,519.75,531.6500244140625,518.5,527.5999755859375,9351162
2022-10-04,503.8109436035156,532.7000122070312,535.7999877929688,527.7999877929688,533.0,8745887
2022-10-06,508.1614685058594,537.2999877929688,541.7999877929688,534.5999755859375,534.5999755859375,9507322
2022-10-07,501.44647216796875,530.2000122070312,535.5999755859375,526.5499877929688,535.5,11065307
2022-10-10,501.9666748046875,530.75,533.9000244140625,522.2000122070312,525.7000122070312,9649292
2022-10-11,498.7983703613281,527.4000244140625,533.7000122070312,525.5,530.75,10825440
2022-10-12,504.85125732421875,533.7999877929688,535.0,526.0,530.0,8522604
2022-10-13,493.1710510253906,521.4500122070312,533.7999877929688,520.2000122070312,533.0,12972765
2022-10-14,498.6092224121094,527.2000122070312,534.8499755859375,526.0,530.2000122070312,8545479
2022-10-17,514.1671142578125,543.6500244140625,544.7000122070312,524.2000122070312,526.4000244140625,13485349
2022-10-18,531.947509765625,562.4500122070312,563.5,546.75,547.0999755859375,20440781
2022-10-19,523.3883056640625,553.4000244140625,563.4500122070312,551.5499877929688,563.0,9540583
2022-10-20,525.2799072265625,555.4000244140625,556.7999877929688,545.2999877929688,552.0,11225588
2022-10-21,530.434326171875,560.8499755859375,565.7999877929688,557.25,557.25,11767639
2022-10-24,539.5609741210938,570.5,572.5,565.9000244140625,567.0,3692065
2022-10-25,547.1743774414062,578.5499877929688,586.2000122070312,568.0,572.5,19899324
2022-10-27,548.2147827148438,579.6500244140625,585.0,577.5999755859375,583.9500122070312,13613533
2022-10-28,539.7974243164062,570.75,582.6500244140625,567.0,579.9500122070312,10043644
2022-10-31,542.6820068359375,573.7999877929688,577.4500122070312,568.4000244140625,574.9500122070312,9894639
2022-11-01,545.6138916015625,576.9000244140625,585.75,574.5999755859375,576.3499755859375,12069579
2022-11-02,542.729248046875,573.8499755859375,578.9500122070312,569.9000244140625,575.9000244140625,10241440
2022-11-03,553.1800537109375,584.9000244140625,587.9500122070312,568.0,569.0,17557998
2022-11-04,561.7392578125,593.9500122070312,596.9500122070312,580.4000244140625,586.0,25759031
2022-11-07,580.8438110351562,614.1500244140625,622.7000122070312,607.7000122070312,613.0,44265903
2022-11-09,582.1678466796875,615.5499877929688,621.0,610.5499877929688,621.0,18939854
2022-11-10,572.8993530273438,605.75,615.0999755859375,602.2000122070312,613.0999755859375,11618405
2022-11-11,568.690673828125,601.2999877929688,619.5499877929688,598.5,617.25,15525267
2022-11-14,560.4151611328125,592.5499877929688,603.9500122070312,591.6500244140625,603.9500122070312,12957268
2022-11-15,568.2650146484375,600.8499755859375,602.0999755859375,592.6500244140625,594.2999877929688,10286417
2022-11-16,567.2247314453125,599.75,603.5,596.0,599.9500122070312,11555749
2022-11-17,566.5626831054688,599.0499877929688,602.75,596.1500244140625,599.0999755859375,8167131
2022-11-18,570.0147705078125,602.7000122070312,605.75,597.1500244140625,601.0,12933675
2022-11-21,565.6641235351562,598.0999755859375,602.0999755859375,595.3499755859375,602.0999755859375,7412419
2022-11-22,566.6099243164062,599.0999755859375,600.7000122070312,596.1500244140625,598.1500244140625,8048595
2022-11-23,574.6962890625,607.6500244140625,609.5999755859375,601.0,601.5499877929688,12435924
2022-11-24,576.3040771484375,609.3499755859375,611.2999877929688,605.7999877929688,609.75,8960032
2022-11-25,574.4598999023438,607.4000244140625,613.7000122070312,606.25,610.5499877929688,9994513
2022-11-28,575.5947875976562,608.5999755859375,610.9000244140625,602.3499755859375,605.5999755859375,7934274
2022-11-29,575.5474853515625,608.5499877929688,611.7999877929688,607.0999755859375,607.0999755859375,6942919
2022-11-30,569.7783203125,602.4500122070312,611.4000244140625,598.4000244140625,608.5,15606230
2022-12-01,575.121826171875,608.0999755859375,609.7999877929688,601.5499877929688,607.8499755859375,14209313
2022-12-02,574.6016845703125,607.5499877929688,609.5999755859375,604.25,607.5,7533838
2022-12-05,583.8229370117188,617.2999877929688,618.0,607.5499877929688,608.5,11585602
2022-12-06,575.92578125,608.9500122070312,619.7999877929688,607.7999877929688,614.75,12996244
2022-12-07,574.1287841796875,607.0499877929688,612.9000244140625,604.5,610.8499755859375,7613892
2022-12-08,578.4793701171875,611.6500244140625,613.7999877929688,607.1500244140625,609.75,10020015
2022-12-09,583.0663452148438,616.5,618.0,609.0999755859375,614.4000244140625,11202267
2022-12-12,579.803466796875,613.0499877929688,618.7000122070312,611.0,614.7999877929688,9285187
2022-12-13,583.3027954101562,616.75,617.4000244140625,612.5,613.5,7455415
2022-12-14,591.5782470703125,625.5,626.75,617.5,618.5,14010673
2022-12-15,582.546142578125,615.9500122070312,629.5499877929688,614.2999877929688,625.5499877929688,10622271
2022-12-16,570.6294555664062,603.3499755859375,615.5999755859375,602.0999755859375,612.0,9435071
2022-12-19,571.6697998046875,604.4500122070312,609.5,603.0,604.0,8322012
2022-12-20,571.6697998046875,604.4500122070312,606.5,599.5499877929688,603.0,6753785
2022-12-21,561.2191162109375,593.4000244140625,609.1500244140625,589.5999755859375,605.9000244140625,9217253
2022-12-22,561.2191162109375,593.4000244140625,599.0,587.5499877929688,597.0,8740149
2022-12-23,542.8711547851562,574.0,590.7000122070312,571.5,590.0,13047046
2022-12-26,564.7184448242188,597.0999755859375,601.7000122070312,570.7000122070312,574.0,13201587
2022-12-27,569.2581787109375,601.9000244140625,603.0999755859375,593.2999877929688,600.4000244140625,9638618
2022-12-28,568.4542236328125,601.0499877929688,607.0,598.5499877929688,600.9000244140625,7988631
2022-12-29,578.6212158203125,611.7999877929688,618.0,597.1500244140625,600.0,20130392
2022-12-30,580.418212890625,613.7000122070312,620.5499877929688,611.3499755859375,615.25,13052895
2023-01-02,578.9995727539062,612.2000122070312,619.2000122070312,611.2000122070312,614.9500122070312,6726084
2023-01-03,579.1886596679688,612.4000244140625,616.5999755859375,610.0,614.5,6818062
2023-01-04,572.3790893554688,605.2000122070312,614.9500122070312,604.0,611.8499755859375,7011191
2023-01-05,572.2846069335938,605.0999755859375,611.5999755859375,601.9500122070312,607.0,8241475
2023-01-06,568.0759887695312,600.6500244140625,607.4500122070312,597.0,607.4000244140625,7972036
2023-01-09,574.7435913085938,607.7000122070312,609.0,600.0999755859375,605.0,8878905
2023-01-10,562.8742065429688,595.1500244140625,609.0,590.5999755859375,608.4500122070312,10622660
2023-01-11,564.3401489257812,596.7000122070312,599.5,592.25,596.4500122070312,7419630
2023-01-12,562.6377563476562,594.9000244140625,597.9000244140625,590.0999755859375,597.9000244140625,8183715
2023-01-13,567.5556640625,600.0999755859375,602.9000244140625,593.6500244140625,597.9000244140625,7877610
2023-01-16,570.2984619140625,603.0,606.0999755859375,600.5999755859375,603.0,5483191
2023-01-17,560.79345703125,592.9500122070312,606.0,586.0499877929688,603.0,13461999
2023-01-18,559.3748779296875,591.4500122070312,597.1500244140625,587.5999755859375,595.9000244140625,11538075
2023-01-19,557.8616333007812,589.8499755859375,591.75,587.5499877929688,591.0,7475688
2023-01-20,560.0841674804688,592.2000122070312,596.5999755859375,590.7999877929688,593.7999877929688,6750607
2023-01-23,567.8867797851562,600.4500122070312,601.75,592.9500122070312,598.5,6604469
2023-01-24,562.1175537109375,594.3499755859375,604.5999755859375,593.0499877929688,603.5,7609623
2023-01-25,537.8585815429688,568.7000122070312,595.8499755859375,567.4000244140625,595.8499755859375,25686294
2023-01-27,510.6677551269531,539.9500122070312,568.5499877929688,532.25,568.0,40163464
2023-01-30,509.0126647949219,538.2000122070312,554.3499755859375,525.2000122070312,536.0,40797825
2023-01-31,523.48291015625,553.5,557.0,537.8499755859375,545.0,21911943
2023-02-01,498.7510681152344,527.3499755859375,565.0,499.3500061035156,561.4000244140625,38218810
2023-02-02,499.46038818359375,528.0999755859375,532.6500244140625,502.5,520.2000122070312,39287056
2023-02-03,514.6873168945312,544.2000122070312,545.9500122070312,519.1500244140625,536.0,32317232
2023-02-06,515.8222045898438,545.4000244140625,558.7999877929688,536.5499877929688,558.7999877929688,25338586
2023-02-07,517.429931640625,547.0999755859375,551.4000244140625,541.0499877929688,548.0,16195947
2023-02-08,519.9362182617188,549.75,554.5,545.5,550.0,15502847
2023-02-09,520.9293212890625,550.7999877929688,552.0,542.7999877929688,552.0,15061047
2023-02-10,523.0573120117188,553.0499877929688,557.25,546.5,546.5,13824475
2023-02-13,508.3505859375,537.5,556.9000244140625,533.2999877929688,554.0,18488732
2023-02-14,511.5189514160156,540.8499755859375,544.5999755859375,530.75,539.9500122070312,18559909
2023-02-15,512.843017578125,542.25,544.6500244140625,536.7999877929688,540.0,12796579
2023-02-16,510.80963134765625,540.0999755859375,546.8499755859375,538.5,546.8499755859375,12767016
2023-02-17,502.2030944824219,531.0,539.6500244140625,527.75,538.5,14192008
2023-02-20,496.67041015625,525.1500244140625,533.9500122070312,522.1500244140625,532.0,12570032
2023-02-21,495.06256103515625,523.4500122070312,528.9500122070312,522.4000244140625,527.0999755859375,10223218
2023-02-22,488.3475646972656,516.3499755859375,521.9000244140625,512.5,520.75,14763050
2023-02-23,492.7454528808594,521.0,524.0,511.3500061035156,516.9500122070312,15535085
2023-02-24,492.792724609375,521.0499877929688,527.5,517.5999755859375,524.2000122070312,12253035
2023-02-27,499.0821228027344,527.7000122070312,529.7999877929688,519.0,521.0999755859375,11048799
2023-02-28,494.44781494140625,522.7999877929688,528.4500122070312,521.0499877929688,527.25,15768010
2023-03-01,507.593994140625,536.7000122070312,537.4000244140625,523.0999755859375,523.25,13510198
2023-03-02,504.803955078125,533.75,539.9000244140625,532.5,535.9500122070312,10376913
2023-03-03,530.765380859375,561.2000122070312,564.2999877929688,541.75,542.0,27656538
2023-03-06,531.2382202148438,561.7000122070312,567.9000244140625,559.0,564.9000244140625,16162268
2023-03-08,534.1701049804688,564.7999877929688,565.5,556.4500122070312,560.0,12637578
2023-03-09,528.5900268554688,558.9000244140625,565.75,558.0,564.75,8993423
2023-03-10,517.6663818359375,547.3499755859375,554.9500122070312,545.0,553.0999755859375,11522371
2023-03-13,501.2573547363281,530.0,553.1500244140625,528.4500122070312,547.0,14373729
2023-03-14,496.90679931640625,525.4000244140625,532.7999877929688,520.0,527.6500244140625,14750800
2023-03-15,489.4825134277344,517.5499877929688,532.0,515.5499877929688,529.7999877929688,11282329
2023-03-16,496.0556335449219,524.5,529.3499755859375,514.2999877929688,518.4000244140625,20040008
2023-03-17,501.0681457519531,529.7999877929688,531.5999755859375,520.0999755859375,528.6500244140625,18787379
2023-03-20,491.0430603027344,519.2000122070312,526.5999755859375,515.0,526.5999755859375,14275315
2023-03-21,493.54931640625,521.8499755859375,523.4500122070312,516.4500122070312,522.0,29485180
2023-03-22,493.2655944824219,521.5499877929688,527.0,520.0999755859375,522.2000122070312,11619538
2023-03-23,484.94281005859375,512.75,521.0,511.5,519.4000244140625,22097792
2023-03-24,477.94415283203125,505.3500061035156,514.9500122070312,503.45001220703125,514.5,14416984
2023-03-27,482.48382568359375,510.1499938964844,514.1500244140625,501.54998779296875,507.0,15674218
2023-03-28,480.5450439453125,508.1000061035156,511.75,503.8500061035156,511.45001220703125,15833599
2023-03-29,488.4894714355469,516.5,518.0,506.29998779296875,509.0,24203789
2023-03-31,495.3463439941406,523.75,524.9000244140625,519.3499755859375,520.6500244140625,17356345
2023-04-03,498.18359375,526.75,528.5,522.0999755859375,524.75,14210949
2023-04-05,494.6369323730469,523.0,527.5999755859375,519.0499877929688,527.0,13574801
2023-04-06,499.0348205566406,527.6500244140625,533.7000122070312,521.6500244140625,524.0,25125879
2023-04-10,497.75799560546875,526.2999877929688,530.4000244140625,524.4000244140625,529.25,17335453
2023-04-11,503.24346923828125,532.0999755859375,535.7000122070312,527.1500244140625,530.8499755859375,26414406
2023-04-12,499.5549621582031,528.2000122070312,534.0,526.0,533.2000122070312,21292441
2023-04-13,504.04736328125,532.9500122070312,534.25,527.1500244140625,529.2999877929688,28597560
2023-04-17,514.4981079101562,544.0,545.0,528.0,528.0,32476990
2023-04-18,516.2477416992188,545.8499755859375,548.5,540.5,545.3499755859375,22283456
2023-04-19,510.998779296875,540.2999877929688,547.5,538.25,544.0,21156372
2023-04-20,515.2547607421875,544.7999877929688,545.4500122070312,536.6500244140625,541.2000122070312,25588577
2023-04-21,513.6942749023438,543.1500244140625,546.4000244140625,539.7000122070312,545.0,22599418
2023-04-24,524.5232543945312,554.5999755859375,555.5499877929688,543.5,543.7999877929688,23335611
2023-04-25,531.332763671875,561.7999877929688,567.9000244140625,555.0,555.0,38142390
2023-04-26,535.6360473632812,566.3499755859375,567.0,556.4500122070312,562.0,23143882
2023-04-27,534.1228637695312,564.75,567.4000244140625,561.0999755859375,565.0,17845169
2023-04-28,546.93798828125,578.2999877929688,580.4500122070312,565.5,567.7999877929688,16183423
2023-05-02,544.1006469726562,575.2999877929688,580.8499755859375,573.1500244140625,580.0,13667511
2023-05-03,539.5609741210938,570.5,575.0,569.0,570.6500244140625,9699527
2023-05-04,548.5457763671875,580.0,580.7999877929688,568.5,570.2000122070312,12533761
2023-05-05,545.235595703125,576.5,588.25,575.0499877929688,580.2000122070312,18163461
2023-05-08,551.9505004882812,583.5999755859375,587.5999755859375,577.3499755859375,577.6500244140625,12990869
2023-05-09,542.3983154296875,573.5,586.4500122070312,572.0999755859375,585.0,18959065
2023-05-10,541.1687622070312,572.2000122070312,575.0,563.25,575.0,18561315
2023-05-11,542.3510131835938,573.4500122070312,580.0,572.0,572.2000122070312,16016715
2023-05-12,546.796142578125,578.1500244140625,580.75,571.5499877929688,574.7000122070312,11319335
2023-05-15,550.3427734375,581.9000244140625,584.0,574.6500244140625,578.75,11410243
2023-05-16,554.504150390625,586.2999877929688,590.4000244140625,582.0,584.0,22178229
2023-05-17,554.504150390625,586.2999877929688,590.5,579.5,586.0,23739774
2023-05-18,543.060302734375,574.2000122070312,593.9000244140625,571.4000244140625,590.2999877929688,45656620
2023-05-19,543.9588623046875,575.1500244140625,586.25,569.9000244140625,579.0,42293962
2023-05-22,545.8504028320312,577.1500244140625,580.2999877929688,573.4500122070312,577.5,21484049
2023-05-23,550.0589599609375,581.5999755859375,583.7000122070312,576.7999877929688,578.9000244140625,16120548
2023-05-24,551.0994262695312,582.7000122070312,585.25,578.25,579.7999877929688,17616658
2023-05-25,549.7279663085938,581.25,582.9000244140625,577.0,582.0,16479436
2023-05-26,554.2203979492188,586.0,587.75,580.5499877929688,581.25,9788076
2023-05-29,562.7322998046875,595.0,596.4000244140625,588.0499877929688,590.0,18432231
2023-05-30,560.6515502929688,592.7999877929688,595.5,591.5,595.0,15031640
2023-05-31,559.060791015625,579.8499755859375,584.7999877929688,577.5,583.7999877929688,28797643
2023-06-01,561.8568115234375,582.75,586.4000244140625,581.0,581.7999877929688,17820226
2023-06-02,566.1472778320312,587.2000122070312,588.9000244140625,583.0,584.7000122070312,11323908
2023-06-05,566.1472778320312,587.2000122070312,589.7999877929688,586.0,588.5,12920507
2023-06-06,564.3635864257812,585.3499755859375,588.9000244140625,583.0,588.0,11199940
2023-06-07,568.0755615234375,589.2000122070312,590.5999755859375,586.0,588.0,11113781
2023-06-08,567.400634765625,588.5,593.9500122070312,586.3499755859375,589.9500122070312,15971917
2023-06-09,557.9520263671875,578.7000122070312,589.0999755859375,576.75,588.0,18870272
2023-06-12,557.9038696289062,578.6500244140625,581.5,577.7000122070312,580.0,8786066
2023-06-13,555.7344970703125,576.4000244140625,581.4000244140625,574.25,579.4500122070312,12612098
2023-06-14,555.8790893554688,576.5499877929688,578.5499877929688,575.25,577.0,8948696
2023-06-15,546.1893920898438,566.5,576.7000122070312,565.25,576.0,17934877
2023-06-16,550.7691040039062,571.25,574.7000122070312,567.0499877929688,568.75,12660226
2023-06-19,548.4551391601562,568.8499755859375,572.75,565.9000244140625,571.25,17903691
2023-06-20,547.0571899414062,567.4000244140625,569.4500122070312,562.5499877929688,568.8499755859375,14549152
2023-06-21,546.0447998046875,566.3499755859375,569.5,565.6500244140625,567.4000244140625,14946871
2023-06-22,542.7667236328125,562.9500122070312,569.0,561.0499877929688,566.3499755859375,14979063
2023-06-23,534.716064453125,554.5999755859375,562.0999755859375,553.7999877929688,562.0,12215712
2023-06-26,537.0782470703125,557.0499877929688,558.5,554.5,556.0,8360264
2023-06-27,545.8037109375,566.0999755859375,567.9500122070312,555.6500244140625,558.25,10694768
2023-06-28,549.37109375,569.7999877929688,574.0,568.5499877929688,572.25,18028934
2023-06-30,552.3117065429688,572.8499755859375,574.0,570.2000122070312,574.0,8718232
2023-07-03,564.4600219726562,585.4500122070312,586.3499755859375,573.9000244140625,574.5,15421985
2023-07-04,568.123779296875,589.25,595.9500122070312,582.25,588.2000122070312,24799250
2023-07-05,569.4253540039062,590.5999755859375,593.7000122070312,588.2000122070312,589.7999877929688,13598114
2023-07-06,571.2572631835938,592.5,593.5,589.0999755859375,590.4000244140625,11323509
2023-07-07,572.3177490234375,593.5999755859375,595.5,585.5,590.0,11707209
2023-07-10,571.3536376953125,592.5999755859375,599.7999877929688,590.25,594.6500244140625,11417363
2023-07-11,567.4488525390625,588.5499877929688,595.9500122070312,587.3499755859375,595.0,13221177
2023-07-12,568.123779296875,589.25,594.5,588.2000122070312,589.0,16029716
2023-07-13,564.65283203125,585.6500244140625,598.0,583.3499755859375,594.9000244140625,20024503
2023-07-14,563.4476318359375,584.4000244140625,591.2999877929688,580.7000122070312,586.75,12190152
2023-07-17,579.5489501953125,601.0999755859375,602.8499755859375,584.2000122070312,587.0,19378986
2023-07-18,571.1126098632812,592.3499755859375,604.0499877929688,588.75,603.0499877929688,25757209
2023-07-19,579.8864135742188,601.4500122070312,602.4000244140625,592.0,594.6500244140625,17556585
2023-07-20,588.1780395507812,610.0499877929688,610.7999877929688,598.75,601.4000244140625,34038351
2023-07-21,593.0469360351562,615.0999755859375,619.5,609.0,610.0,21040281
2023-07-24,595.5055541992188,617.6500244140625,621.9000244140625,614.2999877929688,615.0499877929688,11756364
2023-07-25,587.744140625,609.5999755859375,621.7999877929688,604.2000122070312,621.7999877929688,18503305
2023-07-26,593.09521484375,615.1500244140625,616.3499755859375,609.1500244140625,612.0,9999125
2023-07-27,594.4450073242188,616.5499877929688,621.25,613.0999755859375,616.4000244140625,17444742
2023-07-28,593.962890625,616.0499877929688,619.9000244140625,613.5999755859375,616.4000244140625,11930586
2023-07-31,597.9641723632812,620.2000122070312,621.0,614.5,616.6500244140625,8605483
2023-08-01,589.9135131835938,611.8499755859375,620.8499755859375,610.5999755859375,620.2000122070312,13493453
2023-08-02,576.993896484375,598.4500122070312,610.5,594.0999755859375,609.8499755859375,14977497
2023-08-03,569.3289184570312,590.5,600.8499755859375,585.0,598.7000122070312,27774877
2023-08-04,552.74560546875,573.2999877929688,598.7000122070312,571.4000244140625,594.7999877929688,52725616
2023-08-07,547.5392456054688,567.9000244140625,577.0,566.6500244140625,577.0,32736325
2023-08-08,552.5527954101562,573.0999755859375,574.25,568.4500122070312,571.0,25038671
2023-08-09,553.1795043945312,573.75,575.0,568.3499755859375,575.0,15769111
2023-08-10,553.0830688476562,573.6500244140625,577.5999755859375,570.0999755859375,573.75,27325801
2023-08-11,553.565185546875,574.1500244140625,579.0,572.0,575.4500122070312,18221179
2023-08-14,540.6937866210938,560.7999877929688,573.0,558.5999755859375,572.9500122070312,28084093
2023-08-16,545.0806274414062,565.3499755859375,566.4000244140625,554.0,558.7999877929688,15725767
2023-08-17,551.6368408203125,572.1500244140625,573.1500244140625,564.0,565.75,27910162
2023-08-18,552.408203125,572.9500122070312,575.25,567.4000244140625,570.0,18253227
2023-08-21,551.2030029296875,571.7000122070312,575.5499877929688,570.75,572.9500122070312,9380810
2023-08-22,548.11767578125,568.5,574.4500122070312,567.5,572.5,14073413
2023-08-23,556.216552734375,576.9000244140625,577.9500122070312,566.0,571.0,18579297
2023-08-24,556.2647705078125,576.9500122070312,582.0,575.5499877929688,578.1500244140625,24131644
2023-08-25,549.5157470703125,569.9500122070312,575.2999877929688,567.2000122070312,573.7999877929688,12271885
2023-08-28,552.3117065429688,572.8499755859375,574.7999877929688,569.2000122070312,572.7999877929688,9711932
2023-08-29,554.239990234375,574.8499755859375,576.2999877929688,571.8499755859375,573.6500244140625,13144855
2023-08-30,547.0571899414062,567.4000244140625,577.7000122070312,566.0999755859375,576.7000122070312,15281416
2023-08-31,541.2239990234375,561.3499755859375,570.2999877929688,559.4000244140625,569.2999877929688,27898476
2023-09-01,549.1300659179688,569.5499877929688,571.2000122070312,562.0999755859375,562.7000122070312,18121168
2023-09-04,554.9149780273438,575.5499877929688,576.3499755859375,568.4500122070312,572.0,12108655
2023-09-05,552.4563598632812,573.0,578.25,571.3499755859375,575.5999755859375,14444729
2023-09-06,550.0460205078125,570.5,574.25,568.0,574.25,20609936
2023-09-07,558.2894897460938,579.0499877929688,581.0,568.0,568.0,12390597
2023-09-08,562.53173828125,583.4500122070312,588.5,579.7000122070312,581.0,14032068
2023-09-11,570.4859619140625,591.7000122070312,592.2999877929688,585.3499755859375,587.0,10946134
2023-09-12,567.2560424804688,588.3499755859375,594.25,584.6500244140625,593.6500244140625,16093060
2023-09-13,575.0656127929688,596.4500122070312,598.0,583.4500122070312,588.4000244140625,19377172
2023-09-14,575.8851318359375,597.2999877929688,603.7000122070312,595.2000122070312,598.4500122070312,13178911
2023-09-15,577.3313598632812,598.7999877929688,600.7000122070312,595.2000122070312,599.3499755859375,11756389
2023-09-18,582.2967529296875,603.9500122070312,608.4000244140625,597.0499877929688,598.7999877929688,19305055
2023-09-20,579.5489501953125,601.0999755859375,606.7999877929688,599.4000244140625,600.8499755859375,21314600
2023-09-21,567.063232421875,588.1500244140625,606.5999755859375,584.6500244140625,600.0,23453425
2023-09-22,576.7047119140625,598.1500244140625,602.0,591.4000244140625,593.5,18784139
2023-09-25,572.7516479492188,594.0499877929688,601.5,590.4500122070312,601.5,9712784
2023-09-26,573.089111328125,594.4000244140625,595.0,591.25,594.0,8327427
2023-09-27,568.6058349609375,589.75,594.2999877929688,588.2000122070312,593.4500122070312,9865347
2023-09-28,568.7987060546875,589.9500122070312,595.2000122070312,588.8499755859375,591.25,21960816
2023-09-29,577.09033203125,598.5499877929688,600.0,591.2999877929688,592.8499755859375,12189735
2023-10-03,581.3325805664062,602.9500122070312,604.9000244140625,589.5999755859375,596.5999755859375,15322196
2023-10-04,565.2313232421875,586.25,600.4500122070312,584.4500122070312,600.0,24914612
2023-10-05,570.9197998046875,592.1500244140625,594.3499755859375,587.0999755859375,590.0,13248028
2023-10-06,572.9445190429688,594.25,598.9500122070312,592.2000122070312,593.4000244140625,8216780
2023-10-09,564.12255859375,585.0999755859375,589.0,581.5499877929688,588.0,9189597
2023-10-10,570.437744140625,591.6500244140625,595.0,585.75,587.0,10373508
2023-10-11,567.2560424804688,588.3499755859375,597.0,587.5999755859375,596.9000244140625,14220119
2023-10-12,565.0384521484375,586.0499877929688,593.0,585.0,590.7999877929688,11983797
2023-10-13,555.4934692382812,576.1500244140625,581.2999877929688,574.7999877929688,577.75,19064577
2023-10-16,555.0113525390625,575.6500244140625,578.75,571.5,576.0,11290293
2023-10-17,555.7826538085938,576.4500122070312,579.9500122070312,575.2999877929688,577.7000122070312,10765224
2023-10-18,552.1189575195312,572.6500244140625,579.25,569.3499755859375,577.75,11777454
2023-10-19,550.720947265625,571.2000122070312,574.0,567.0,569.7999877929688,11441499
2023-10-20,542.9113159179688,563.0999755859375,570.0,562.0999755859375,569.9000244140625,11110988
2023-10-23,533.125244140625,552.9500122070312,566.0,551.0,563.0999755859375,11875035
2023-10-25,536.2587280273438,556.2000122070312,560.7999877929688,553.5999755859375,558.5999755859375,12134624
2023-10-26,527.3885498046875,547.0,552.9000244140625,543.2000122070312,551.4500122070312,19424825
2023-10-27,541.03125,561.1500244140625,562.5,550.0,550.0,10415296
2023-10-30,544.9360961914062,565.2000122070312,566.7000122070312,556.5,563.0,8593704
2023-10-31,545.2734985351562,565.5499877929688,569.5,563.1500244140625,567.0,13039696
2023-11-01,546.0930786132812,566.4000244140625,569.6500244140625,563.8499755859375,566.25,13575575
2023-11-02,551.588623046875,572.0999755859375,575.4500122070312,567.5999755859375,571.0999755859375,11148516
2023-11-03,557.4217529296875,578.1500244140625,579.5,573.4500122070312,576.0,11371371
2023-11-06,553.7579956054688,574.3499755859375,582.5,573.25,582.0,16499138
2023-11-07,558.96435546875,579.75,581.2000122070312,572.5999755859375,574.7999877929688,17923281
2023-11-08,559.49462890625,580.2999877929688,582.5999755859375,579.0,581.9000244140625,15434808
2023-11-09,557.6145629882812,578.3499755859375,581.8499755859375,576.5,581.0,12434363
2023-11-10,558.7233276367188,579.5,581.0,575.4000244140625,577.7999877929688,6773038
2023-11-13,560.5069580078125,581.3499755859375,582.5,575.2000122070312,581.0,11282362
2023-11-15,563.7369384765625,584.7000122070312,588.0,582.5999755859375,587.25,11397676
2023-11-16,563.688720703125,584.6500244140625,588.0,582.9000244140625,584.7000122070312,8622660
2023-11-17,542.8630981445312,563.0499877929688,574.5,562.0999755859375,574.5,37173221
2023-11-20,543.5380249023438,563.75,566.7999877929688,560.5999755859375,564.0,12714585
2023-11-21,541.3687133789062,561.5,566.6500244140625,561.0,566.0,14280013
2023-11-22,538.9100952148438,558.9500122070312,564.5,555.1500244140625,562.9500122070312,14909071
2023-11-23,539.874267578125,559.9500122070312,563.5,558.2999877929688,561.75,6376210
2023-11-24,540.2598876953125,560.3499755859375,562.4500122070312,559.25,561.9500122070312,6529851
2023-11-28,544.212890625,564.4500122070312,565.2000122070312,561.0999755859375,563.5999755859375,8153314
2023-11-29,548.214111328125,568.5999755859375,569.0,565.0999755859375,568.0,10299034
2023-11-30,544.502197265625,564.75,570.2000122070312,563.6500244140625,569.75,19758998
2023-12-01,551.2511596679688,571.75,574.2000122070312,566.5499877929688,567.0,10614230
2023-12-04,573.37841796875,594.7000122070312,596.0,584.5499877929688,588.0,26077882
2023-12-05,586.4425659179688,608.25,611.2999877929688,595.0499877929688,595.0499877929688,36430152
2023-12-06,586.6353759765625,608.4500122070312,614.0,604.5499877929688,614.0,21439069
2023-12-07,589.7689208984375,611.7000122070312,612.5499877929688,605.0,610.0,10725706
2023-12-08,592.131103515625,614.1500244140625,616.7999877929688,605.3499755859375,610.0,17722136
2023-12-11,592.2274780273438,614.25,619.9000244140625,613.0999755859375,615.0,11706255
2023-12-12,590.4437866210938,612.4000244140625,617.9500122070312,610.7999877929688,617.0,14494836
2023-12-13,597.626708984375,619.8499755859375,620.5,611.6500244140625,614.4500122070312,13977914
2023-12-14,601.2904663085938,623.6500244140625,627.75,622.4000244140625,626.0,15813797
2023-12-15,625.0084228515625,648.25,650.0,619.8499755859375,628.0,29813572
2023-12-18,625.24951171875,648.5,655.6500244140625,642.4000244140625,646.6500244140625,16221796
2023-12-19,631.902099609375,655.4000244140625,659.5999755859375,640.25,648.5,19964008
2023-12-20,613.6315307617188,636.4500122070312,660.4000244140625,633.9500122070312,658.7000122070312,22542056
2023-12-21,620.6697998046875,643.75,648.9500122070312,627.5,632.1500244140625,19915516
2023-12-22,613.9207763671875,636.75,649.4000244140625,635.1500244140625,644.75,14998068
2023-12-26,615.1741333007812,638.0499877929688,641.2999877929688,635.6500244140625,638.8499755859375,10153089
2023-12-27,625.2977294921875,648.5499877929688,649.4500122070312,639.0,640.75,14417646
2023-12-28,628.0455322265625,651.4000244140625,653.2999877929688,646.5,650.25,16982092
2023-12-29,619.03076171875,642.0499877929688,649.5999755859375,639.5499877929688,645.5,13221898
2024-01-01,618.3558349609375,641.3499755859375,646.9000244140625,638.0,642.2000122070312,8295548
2024-01-02,616.52392578125,639.4500122070312,648.0,633.8499755859375,641.3499755859375,15164482
2024-01-03,620.3805541992188,643.4500122070312,648.0,635.7999877929688,639.3499755859375,14571772
2024-01-04,619.7056274414062,642.75,646.4000244140625,638.6500244140625,642.5,13883388
2024-01-05,618.934326171875,641.9500122070312,651.75,637.75,645.0,15984585
2024-01-08,604.5203247070312,627.0,645.0,625.0499877929688,640.0,14739531
2024-01-09,602.9777221679688,625.4000244140625,634.3499755859375,624.5,632.0,13400235
2024-01-10,599.4585571289062,621.75,625.2999877929688,618.2000122070312,624.7999877929688,12742464
2024-01-11,597.9641723632812,620.2000122070312,627.1500244140625,618.5,626.0,15533860
2024-01-12,610.8836669921875,633.5999755859375,636.5,621.0999755859375,623.7999877929688,16620797
2024-01-15,617.150634765625,640.0999755859375,645.5,636.0999755859375,638.9000244140625,16844018
2024-01-16,614.0654296875,636.9000244140625,644.9000244140625,633.4500122070312,640.0,15025543
2024-01-17,603.55615234375,626.0,636.7999877929688,623.0,624.0,30016308
2024-01-18,605.773681640625,628.2999877929688,633.4500122070312,619.0499877929688,625.7999877929688,14695436
2024-01-19,605.2434692382812,627.75,635.5,624.7000122070312,633.0,11675202
2024-01-23,583.405517578125,605.0999755859375,634.9000244140625,600.6500244140625,627.0,30954343
2024-01-24,596.1322021484375,618.2999877929688,622.3499755859375,603.0999755859375,609.9500122070312,19221835
2024-01-25,590.7811889648438,612.75,623.7999877929688,606.25,618.5,22684904
2024-01-29,600.6155395507812,622.9500122070312,629.5,615.5999755859375,619.0,19572140
2024-01-30,604.279296875,626.75,633.5,624.2000122070312,625.4500122070312,16966577
2024-01-31,617.5363159179688,640.5,643.2000122070312,622.0,626.4000244140625,23270745
2024-02-01,624.4299926757812,647.6500244140625,652.9500122070312,633.25,642.75,26587707
2024-02-02,626.3582763671875,649.6500244140625,660.5499877929688,646.7000122070312,652.0,27471811
2024-02-05,619.8984985351562,642.9500122070312,654.7999877929688,638.75,647.0999755859375,28339525
2024-02-06,626.9367065429688,650.25,655.0,637.7000122070312,644.4500122070312,14079390
2024-02-07,651.0404663085938,675.25,677.9500122070312,655.0,655.0499877929688,41696232
2024-02-08,674.46923828125,699.5499877929688,718.9000244140625,678.5,680.4000244140625,74222434
2024-02-09,699.247802734375,725.25,728.3499755859375,694.2000122070312,703.6500244140625,43235061
2024-02-12,682.5198974609375,707.9000244140625,726.0,704.5,726.0,22873137
2024-02-13,687.8709106445312,713.4500122070312,718.0,702.1500244140625,708.5499877929688,23351472
2024-02-14,716.7471313476562,743.4000244140625,748.5,705.5499877929688,705.5499877929688,36782182
2024-02-15,734.3909912109375,761.7000122070312,764.0,741.6500244140625,747.7000122070312,33941282
2024-02-16,727.6419067382812,754.7000122070312,774.5999755859375,753.3499755859375,763.4500122070312,27365121
2024-02-19,732.02880859375,759.25,765.0,750.0,758.7000122070312,13979584
2024-02-20,732.8483276367188,760.0999755859375,763.5,754.0,759.0499877929688,12528399
2024-02-21,743.839599609375,771.5,777.5,759.5999755859375,760.6500244140625,21465311
2024-02-22,738.4403686523438,765.9000244140625,773.0,757.0,773.0,18799244
2024-02-23,731.8359375,759.0499877929688,770.5,755.0,765.9000244140625,14143636
2024-02-26,731.69140625,758.9000244140625,766.3499755859375,752.7000122070312,755.0,11355186
2024-02-27,722.9658203125,749.8499755859375,762.3499755859375,742.2000122070312,758.9000244140625,13969393
2024-02-28,715.8793334960938,742.5,756.75,741.0,749.8499755859375,11263318
2024-02-29,721.278564453125,748.0999755859375,753.9000244140625,737.1500244140625,743.9000244140625,19217113
2024-03-01,741.5738525390625,769.1500244140625,772.0,751.9500122070312,752.0,17348526
2024-03-04,744.369873046875,772.0499877929688,777.0,769.0,774.4000244140625,9789141
2024-03-05,755.84326171875,783.9500122070312,786.9500122070312,769.0999755859375,769.5,18088847
2024-03-06,755.7950439453125,783.9000244140625,790.2999877929688,772.9000244140625,783.6500244140625,26710525
2024-03-07,759.7962646484375,788.0499877929688,793.4000244140625,783.0,790.0,15497868
2024-03-11,745.9607543945312,773.7000122070312,792.7999877929688,770.5499877929688,790.0,16778340
2024-03-12,732.4627075195312,759.7000122070312,777.75,757.3499755859375,770.0,21529705
2024-03-13,720.4590454101562,747.25,763.7000122070312,743.0,758.6500244140625,27950252
2024-03-14,714.4813232421875,741.0499877929688,750.7999877929688,734.0499877929688,749.9000244140625,19730882
2024-03-15,705.659423828125,731.9000244140625,746.5499877929688,723.0,739.25,29792241
2024-03-18,704.7434692382812,730.9500122070312,737.9000244140625,722.0999755859375,727.0999755859375,18145126
2024-03-19,697.8497924804688,723.7999877929688,734.3499755859375,721.1500244140625,730.0,15205043
2024-03-20,709.8534545898438,736.25,738.9500122070312,719.7999877929688,725.1500244140625,25405455
2024-03-21,717.61474609375,744.2999877929688,750.5999755859375,740.5499877929688,742.0,15161161
2024-03-22,719.9287719726562,746.7000122070312,748.7999877929688,741.4000244140625,743.8499755859375,15535921
2024-03-26,713.5171508789062,740.0499877929688,747.8499755859375,738.5,743.0499877929688,14678342
2024-03-27,707.0091552734375,733.2999877929688,745.8499755859375,730.2000122070312,743.0,30088789
2024-03-28,725.3761596679688,752.3499755859375,759.5499877929688,736.9000244140625,737.75,21705116
2024-04-01,731.1128540039062,758.2999877929688,761.5,752.0999755859375,759.0499877929688,9949971
2024-04-02,738.9224853515625,766.4000244140625,768.75,753.3499755859375,758.2000122070312,15713063
2024-04-03,743.4057006835938,771.0499877929688,772.5999755859375,760.1500244140625,764.9000244140625,19136981
2024-04-04,732.0770263671875,759.2999877929688,775.2999877929688,758.0999755859375,775.0,15889530
2024-04-05,737.3316040039062,764.75,767.7000122070312,752.5999755859375,757.9500122070312,9939620
2024-04-08,740.7543334960938,768.2999877929688,770.0,761.7999877929688,766.0499877929688,9797174
2024-04-09,736.8013916015625,764.2000122070312,772.4500122070312,761.0999755859375,768.4500122070312,7465892
2024-04-10,751.118896484375,779.0499877929688,780.7000122070312,763.6500244140625,766.5,14530669
2024-04-12,738.8259887695312,766.2999877929688,779.5,764.7999877929688,777.25,14408722
2024-04-15,730.341552734375,757.5,763.2999877929688,748.75,759.7999877929688,11356572
2024-04-16,724.74951171875,751.7000122070312,754.9000244140625,744.4000244140625,751.25,13338991
2024-04-18,718.0968627929688,744.7999877929688,759.9500122070312,742.0,752.0499877929688,14589648
2024-04-19,723.5443115234375,750.4500122070312,752.0,732.0499877929688,734.5,10886554
2024-04-22,738.6331787109375,766.0999755859375,769.0,750.4500122070312,754.1500244140625,17452186
2024-04-23,745.2858276367188,773.0,777.7000122070312,765.5499877929688,770.3499755859375,12292429
2024-04-24,745.3822021484375,773.0999755859375,778.5,770.2000122070312,778.5,7842615
2024-04-25,783.5625,812.7000122070312,814.4000244140625,769.6500244140625,770.6500244140625,36732974
2024-04-26,772.5711669921875,801.2999877929688,816.9000244140625,798.9000244140625,815.9000244140625,14964358
2024-04-29,796.86767578125,826.5,831.25,798.7000122070312,807.0,27302732
2024-04-30,796.6266479492188,826.25,834.8499755859375,819.9000244140625,826.5,27449073
2024-05-02,800.2904052734375,830.0499877929688,833.9000244140625,825.0,826.9000244140625,19943724
2024-05-03,801.6402587890625,831.4500122070312,836.2000122070312,820.0,834.7999877929688,22667634
2024-05-06,778.838134765625,807.7999877929688,836.0,803.0,835.0,35283557
2024-05-07,773.1497192382812,801.9000244140625,814.6500244140625,793.2000122070312,812.0,16725013
2024-05-08,781.7305908203125,810.7999877929688,822.0,799.5,802.5999755859375,27908322
2024-05-09,790.4078979492188,819.7999877929688,839.6500244140625,803.5499877929688,811.9000244140625,49290254
2024-05-10,788.0457153320312,817.3499755859375,832.0499877929688,815.5999755859375,827.0,20543142
2024-05-13,779.8023071289062,808.7999877929688,819.8499755859375,798.5999755859375,819.8499755859375,15398505
2024-05-14,788.8652954101562,818.2000122070312,822.4000244140625,807.9000244140625,813.0,10912462
2024-05-15,790.8900146484375,820.2999877929688,825.2999877929688,818.0499877929688,821.0,9755062
2024-05-16,782.8394165039062,811.9500122070312,826.1500244140625,797.3499755859375,825.2999877929688,20536990
2024-05-17,788.52783203125,817.8499755859375,822.4500122070312,811.2000122070312,814.5,12492509
2024-05-21,800.8689575195312,830.6500244140625,836.2999877929688,819.5999755859375,821.0,14037801
2024-05-22,802.6334838867188,818.75,826.6500244140625,813.5499877929688,826.5499877929688,19239277
2024-05-23,815.7206420898438,832.0999755859375,835.5,822.0,824.7000122070312,17497488
2024-05-24,812.28955078125,828.5999755859375,841.25,827.0,830.0,12252075
2024-05-27,817.2891845703125,833.7000122070312,839.4000244140625,823.0,832.5999755859375,12295193
2024-05-28,814.7894287109375,831.1500244140625,840.7000122070312,823.2999877929688,835.7000122070312,13818893
2024-05-29,806.4567260742188,822.6500244140625,834.4500122070312,819.2999877929688,828.4000244140625,14518232
2024-05-30,809.5936889648438,825.8499755859375,836.0,819.2999877929688,821.4000244140625,17818705
2024-05-31,814.005126953125,830.3499755859375,835.0,817.0999755859375,830.7000122070312,22267336
2024-06-03,887.8229370117188,905.6500244140625,912.0,856.75,863.5499877929688,64269020
2024-06-04,759.9407348632812,775.2000122070312,897.0,731.9500122070312,897.0,122381193
2024-06-05,774.2042846679688,789.75,795.0,744.0499877929688,790.75,74256082
2024-06-06,800.868896484375,816.9500122070312,833.3499755859375,796.0,800.0,40555649
2024-06-07,813.613037109375,829.9500122070312,831.5,810.5,819.9000244140625,25061284
2024-06-10,815.4265747070312,831.7999877929688,845.4500122070312,829.2000122070312,834.1500244140625,16725508
2024-06-11,819.102783203125,835.5499877929688,839.5999755859375,829.0499877929688,836.0,14754408
2024-06-12,822.5828857421875,839.0999755859375,845.5499877929688,833.0,837.0,15071442
2024-06-13,827.2884521484375,843.9000244140625,845.9000244140625,836.0999755859375,845.0,12523972
2024-06-14,822.680908203125,839.2000122070312,849.9000244140625,835.0999755859375,845.0,12903496
2024-06-18,828.2687377929688,844.9000244140625,851.5,840.25,841.5499877929688,14929083
2024-06-19,835.817138671875,852.5999755859375,860.5999755859375,841.0,846.7999877929688,32925140
2024-06-20,827.141357421875,843.75,853.0999755859375,842.3499755859375,853.0,13985352
2024-06-21,819.8380126953125,836.2999877929688,848.0499877929688,828.5999755859375,844.9000244140625,18990090
2024-06-24,816.3088989257812,832.7000122070312,836.0,821.0499877929688,831.5,12715254
2024-06-25,825.6708984375,842.25,845.8499755859375,834.2999877929688,837.0,20917530
2024-06-26,828.7098388671875,845.3499755859375,848.7999877929688,836.0,839.8499755859375,16281760
2024-06-27,827.3864135742188,844.0,847.4000244140625,838.25,843.9000244140625,20378887
2024-06-28,832.239013671875,848.9500122070312,864.0,844.0,846.9000244140625,23636388
2024-07-01,825.3768310546875,841.9500122070312,850.5,839.9500122070312,849.3499755859375,10967797
2024-07-02,809.8878173828125,826.1500244140625,846.2999877929688,823.1500244140625,844.0,21142840
2024-07-03,823.4161987304688,839.9500122070312,843.8499755859375,825.0,829.0,23598009
2024-07-04,822.7789306640625,839.2999877929688,844.9000244140625,834.2999877929688,843.0,13372587
2024-07-05,842.826416015625,859.75,861.25,837.0,838.0,24873722
2024-07-08,839.3953247070312,856.25,865.0,853.5,859.75,10359800
2024-07-09,844.3458862304688,861.2999877929688,869.9500122070312,856.0,859.9000244140625,13585081
2024-07-10,832.2880249023438,849.0,860.25,843.5,860.0999755859375,17343236
2024-07-11,839.8364868164062,856.7000122070312,858.2999877929688,849.75,854.4000244140625,8501366
2024-07-12,842.7774047851562,859.7000122070312,863.0,855.2999877929688,856.7000122070312,11446064
2024-07-15,864.001220703125,881.3499755859375,887.3499755859375,859.7000122070312,859.7000122070312,25392820
2024-07-16,863.364013671875,880.7000122070312,888.0999755859375,874.2999877929688,882.2999877929688,11893692
2024-07-18,875.9610595703125,893.5499877929688,894.9000244140625,877.5,880.6500244140625,19435183
2024-07-19,871.84375,889.3499755859375,899.0,883.2999877929688,895.0,14562742
2024-07-22,859.540771484375,876.7999877929688,895.0,868.0,881.4500122070312,14614111
2024-07-23,846.8947143554688,863.9000244140625,884.5,849.0999755859375,883.0,18279212
2024-07-24,835.2289428710938,852.0,868.0,847.2000122070312,864.2000122070312,19624845
2024-07-25,831.7978515625,848.5,850.75,841.2000122070312,847.5,9522375
2024-07-26,845.4732666015625,862.4500122070312,864.25,844.0,844.6500244140625,12081506
2024-07-29,854.443115234375,871.5999755859375,889.0999755859375,863.2000122070312,866.0499877929688,26582781
2024-07-30,855.6195068359375,872.7999877929688,880.5499877929688,869.0,874.7000122070312,13528447
2024-07-31,855.2274169921875,872.4000244140625,874.9500122070312,868.0,873.8499755859375,11636874
2024-08-01,845.6693725585938,862.6500244140625,881.4000244140625,859.4500122070312,877.7999877929688,11787203
2024-08-02,831.16064453125,847.8499755859375,858.2999877929688,846.1500244140625,856.7000122070312,12609331
2024-08-05,795.6732788085938,811.6500244140625,831.3499755859375,800.0,830.0,27676951
2024-08-06,781.9978637695312,797.7000122070312,826.5499877929688,795.6500244140625,822.6500244140625,17900930
2024-08-07,792.7322998046875,808.6500244140625,810.7000122070312,800.5499877929688,809.0,17692355
2024-08-08,792.1441040039062,808.0499877929688,817.7999877929688,802.7999877929688,812.0,14769069
2024-08-09,808.07421875,824.2999877929688,829.9500122070312,809.5499877929688,816.0,15320885
2024-08-12,796.6044921875,812.5999755859375,823.0,811.2000122070312,820.5999755859375,16120449
2024-08-13,781.8507690429688,797.5499877929688,820.0,795.0499877929688,813.5,17585172
2024-08-14,787.1934814453125,803.0,809.1500244140625,800.4000244140625,800.9500122070312,11788665
2024-08-16,796.1143188476562,812.0999755859375,814.9000244140625,803.0,803.0,11427335
2024-08-19,797.682861328125,813.7000122070312,825.4000244140625,812.5999755859375,815.0,10151482
2024-08-20,804.1529541015625,820.2999877929688,823.0,813.3499755859375,817.9500122070312,10347493
2024-08-21,799.4964599609375,815.5499877929688,821.0,811.2000122070312,820.2999877929688,14607257
2024-08-22,804.1529541015625,820.2999877929688,823.9000244140625,817.0999755859375,819.0,7832917
2024-08-23,799.3003540039062,815.3499755859375,822.0,814.5,821.5,5537747
2024-08-26,799.0062866210938,815.0499877929688,823.4500122070312,813.7999877929688,818.0,8523795
2024-08-27,799.839599609375,815.9000244140625,819.4500122070312,811.0499877929688,817.7999877929688,12833290
2024-08-28,793.467529296875,809.4000244140625,817.2000122070312,806.5,814.75,10371300
2024-08-29,798.4671020507812,814.5,816.0,806.9500122070312,809.5499877929688,18247268
2024-08-30,799.5454711914062,815.5999755859375,820.7000122070312,814.3499755859375,817.1500244140625,8911426
2024-09-02,805.966552734375,822.1500244140625,825.4000244140625,813.0499877929688,817.2999877929688,11813750
2024-09-03,808.5643920898438,824.7999877929688,825.9500122070312,816.4000244140625,822.1500244140625,10548350
2024-09-04,800.427734375,816.5,818.6500244140625,813.6500244140625,815.4500122070312,10789570
2024-09-05,802.6334838867188,818.75,822.1500244140625,814.4000244140625,818.3499755859375,8395074
2024-09-06,767.0970458984375,782.5,812.9000244140625,777.0,811.5,40220096
2024-09-09,768.8125610351562,784.25,788.2000122070312,771.0,785.0,21322103
2024-09-10,767.2440795898438,782.6500244140625,788.7999877929688,777.5,788.0,12824701
2024-09-11,753.4706420898438,768.5999755859375,788.0,765.4000244140625,780.0499877929688,20060665
2024-09-12,772.24365234375,787.75,789.9000244140625,772.75,775.0,17578964
2024-09-13,775.2826538085938,790.8499755859375,795.0,785.0999755859375,791.0,12950936
2024-09-16,770.0869750976562,785.5499877929688,795.0,784.4000244140625,790.8499755859375,9553736
2024-09-17,767.4891967773438,782.9000244140625,787.5,780.5499877929688,785.5999755859375,10665630
2024-09-18,777.145263671875,792.75,794.75,782.0,783.7999877929688,18324412
2024-09-19,774.400390625,789.9500122070312,801.3499755859375,784.0499877929688,795.0499877929688,10645478
2024-09-20,766.3128051757812,781.7000122070312,794.8499755859375,779.5,794.8499755859375,21372244
2024-09-23,786.0661010742188,801.8499755859375,805.0,784.5,786.0,17309545
2024-09-24,782.5369873046875,798.25,804.25,796.5,799.25,15180653
2024-09-25,777.4883422851562,793.0999755859375,798.0,788.7000122070312,797.9000244140625,18465571
2024-09-26,786.0661010742188,801.8499755859375,803.0,791.5999755859375,796.0,23198842
2024-09-27,786.8504028320312,802.6500244140625,808.0,798.4500122070312,801.8499755859375,15193681
2024-09-30,772.3907470703125,787.9000244140625,802.5999755859375,786.4500122070312,801.9000244140625,15484573
2024-10-01,781.2625732421875,796.9500122070312,800.3499755859375,788.0,788.0,13280535
2024-10-03,778.4686889648438,794.0999755859375,804.0,784.2999877929688,789.9000244140625,15944135
2024-10-04,780.968505859375,796.6500244140625,809.8499755859375,785.25,792.0,20097454
2024-10-07,755.4802856445312,770.6500244140625,804.0,765.4000244140625,800.0,24267990
2024-10-08,766.0676879882812,781.4500122070312,784.4000244140625,772.25,772.25,8560960
2024-10-09,781.7037353515625,797.4000244140625,804.3499755859375,782.0499877929688,786.7000122070312,18758697
2024-10-10,781.4096069335938,797.0999755859375,804.4500122070312,795.0,799.0,10241015
2024-10-11,784.0074462890625,799.75,802.7000122070312,793.0,797.2000122070312,14322720
2024-10-14,789.3012084960938,805.1500244140625,809.25,800.7999877929688,802.0,8967564
2024-10-15,788.81103515625,804.6500244140625,807.5,801.5999755859375,805.5,6252104
2024-10-16,789.5952758789062,805.4500122070312,809.0,802.0499877929688,802.7999877929688,6494240
2024-10-17,795.0850219726562,811.0499877929688,819.5,806.0,809.5,18580553
2024-10-18,804.2510375976562,820.4000244140625,822.5999755859375,802.9000244140625,811.0999755859375,11704698
2024-10-21,797.927978515625,813.9500122070312,826.4500122070312,809.0,824.7000122070312,10359618
2024-10-22,774.841552734375,790.4000244140625,816.8499755859375,787.5,814.0,16645356
2024-10-23,770.5281372070312,786.0,792.5999755859375,779.7999877929688,790.0,13866198
2024-10-24,778.9097900390625,794.5499877929688,797.0,784.6500244140625,786.0499877929688,5607500
2024-10-25,765.5775756835938,780.9500122070312,800.75,772.0,798.0,9717125
2024-10-28,776.4590454101562,792.0499877929688,803.9500122070312,783.5499877929688,783.7999877929688,13757251
2024-10-29,816.3088989257812,832.7000122070312,834.8499755859375,790.5,796.0,28274791
2024-10-30,806.2606201171875,822.4500122070312,833.0,821.0499877929688,828.0,15977682
2024-10-31,804.054931640625,820.2000122070312,828.0,813.5499877929688,820.0,13402324
2024-11-01,805.0352783203125,821.2000122070312,825.5999755859375,818.9000244140625,822.4000244140625,1637141
2024-11-04,813.5149536132812,829.8499755859375,837.5,807.0999755859375,822.7000122070312,14498161
2024-11-05,832.4840698242188,849.2000122070312,851.4000244140625,826.25,829.8499755859375,26254561
2024-11-06,837.9738159179688,854.7999877929688,861.4000244140625,846.2000122070312,849.2000122070312,15002433
2024-11-07,842.6793212890625,859.5999755859375,862.4000244140625,846.7000122070312,861.0,15283847
2024-11-08,826.55322265625,843.1500244140625,863.5,834.2000122070312,859.5999755859375,26139105
2024-11-11,830.964599609375,847.6500244140625,854.0,842.0,846.0,12621337
2024-11-12,810.427001953125,826.7000122070312,853.4000244140625,824.2999877929688,852.5,11350729
2024-11-13,792.7322998046875,808.6500244140625,831.75,804.6500244140625,823.3499755859375,13756706
2024-11-14,788.4188842773438,804.25,818.0,801.0499877929688,808.6500244140625,9461484
2024-11-18,798.2710571289062,814.2999877929688,816.7000122070312,799.25,811.0,9322451
2024-11-19,787.1934814453125,803.0,820.2999877929688,800.0999755859375,819.0,13677029
2024-11-21,765.3814697265625,780.75,798.5,761.5499877929688,798.5,29486577
2024-11-22,799.9866333007812,816.0499877929688,819.9500122070312,784.0499877929688,786.0,20665405
2024-11-25,827.8275756835938,844.4500122070312,849.5999755859375,825.6500244140625,827.0,23434605
2024-11-26,822.8770141601562,839.4000244140625,846.7000122070312,835.5499877929688,844.0,8893744
2024-11-27,817.6812744140625,834.0999755859375,842.5,832.0999755859375,838.5,8375108
2024-11-28,822.3377685546875,838.8499755859375,845.7999877929688,830.5,834.0999755859375,13505677
2024-11-29,822.4358520507812,838.9500122070312,844.0499877929688,831.5499877929688,841.0999755859375,10822949
2024-12-02,819.93603515625,836.4000244140625,842.0,832.7000122070312,838.9500122070312,6651119
2024-12-03,837.1405639648438,853.9500122070312,856.5999755859375,836.9000244140625,838.0,12186182
2024-12-04,842.7774047851562,859.7000122070312,864.0,850.2999877929688,853.9500122070312,10749716
2024-12-05,848.4142456054688,865.4500122070312,871.4500122070312,855.5999755859375,860.0,14716036
2024-12-06,846.649658203125,863.6500244140625,875.4500122070312,857.0,865.25,14520568
2024-12-09,841.1598510742188,858.0499877929688,866.8499755859375,856.9500122070312,859.0,9630346
2024-12-10,850.423828125,867.5,868.9500122070312,858.0499877929688,861.7999877929688,7379849
2024-12-11,844.6399536132812,861.5999755859375,869.8499755859375,860.9500122070312,867.5,7006973
2024-12-12,836.8955078125,853.7000122070312,864.2999877929688,851.1500244140625,861.5,8845103
2024-12-13,844.5909423828125,861.5499877929688,862.9000244140625,835.0,852.5999755859375,9379370
2024-12-16,844.0028076171875,860.9500122070312,866.4000244140625,857.7999877929688,859.7999877929688,6432713
2024-12-17,833.8074951171875,850.5499877929688,862.5999755859375,847.0499877929688,858.5499877929688,8791216
2024-12-18,821.651611328125,838.1500244140625,852.0,837.0,851.0,8295338
2024-12-19,816.4068603515625,832.7999877929688,838.0,820.2000122070312,824.5999755859375,9453398
2024-12-20,796.016357421875,812.0,836.0,810.0,834.9000244140625,10244198
2024-12-23,804.9862670898438,821.1500244140625,824.0,812.2000122070312,817.2999877929688,4933200
2024-12-24,796.0653686523438,812.0499877929688,826.2000122070312,809.2000122070312,824.25,10602771
2024-12-26,796.45751953125,812.4500122070312,822.8499755859375,808.0,813.0,8318714
2024-12-27,783.9094848632812,799.6500244140625,818.2999877929688,797.2000122070312,816.2999877929688,10649800
2024-12-30,772.7828369140625,788.2999877929688,807.9500122070312,785.0,802.0,21515438
2024-12-31,779.3019409179688,794.9500122070312,799.2000122070312,786.0,786.9500122070312,9086044
2025-01-01,777.58642578125,793.2000122070312,798.6500244140625,789.5,795.5499877929688,7273098
2025-01-02,785.428955078125,801.2000122070312,802.4000244140625,787.0,795.0,11398319
2025-01-03,777.782470703125,793.4000244140625,809.5,792.1500244140625,801.2000122070312,13336514
2025-01-06,761.1171264648438,776.4000244140625,797.5999755859375,773.1500244140625,797.4000244140625,11419367
2025-01-07,763.4208374023438,778.75,783.8499755859375,774.8499755859375,779.8499755859375,9669152
2025-01-08,755.970458984375,771.1500244140625,783.9500122070312,760.0999755859375,780.9000244140625,15641490
2025-01-09,745.4810791015625,760.4500122070312,771.3499755859375,726.25,771.1500244140625,15351029
2025-01-10,728.61962890625,743.25,763.4000244140625,742.0499877929688,760.3499755859375,11779296
2025-01-13,715.1403198242188,729.5,743.9500122070312,722.5,741.5,10414733
2025-01-14,733.4232177734375,748.1500244140625,757.0,732.9500122070312,732.9500122070312,11960975
2025-01-15,738.8639526367188,753.7000122070312,758.9000244140625,750.0,753.1500244140625,7792299
2025-01-16,751.2158813476562,766.2999877929688,776.7000122070312,760.4000244140625,760.4000244140625,11816079
2025-01-17,749.0592041015625,764.0999755859375,767.9500122070312,759.4000244140625,766.2999877929688,5766573
2025-01-20,763.9110107421875,779.25,785.0,767.8499755859375,769.0,9198929
2025-01-21,744.1085815429688,759.0499877929688,784.9000244140625,756.0499877929688,784.7999877929688,13751780
2025-01-22,738.6188354492188,753.4500122070312,763.0,738.0,762.0,9908339
2025-01-23,731.2174682617188,745.9000244140625,755.6500244140625,743.0999755859375,750.0,10986405
2025-01-24,729.501953125,744.1500244140625,753.7000122070312,739.0,749.9000244140625,10579213
2025-01-27,734.4525146484375,749.2000122070312,755.3499755859375,735.9000244140625,740.0,11433353
2025-01-28,737.5895385742188,752.4000244140625,759.75,745.4000244140625,757.0,14140860
2025-01-29,743.5204467773438,758.4500122070312,760.7999877929688,749.7999877929688,753.0,9251973
2025-01-30,747.5887451171875,762.5999755859375,765.0,754.75,758.5499877929688,11085824
2025-01-31,757.68603515625,772.9000244140625,777.5499877929688,759.5,764.9000244140625,10083763
2025-02-01,750.9218139648438,766.0,778.75,752.1500244140625,774.7999877929688,9363077
2025-02-03,745.9712524414062,760.9500122070312,762.7999877929688,753.1500244140625,762.7999877929688,7862190
2025-02-04,763.8619995117188,779.2000122070312,781.25,765.6500244140625,767.0,12020807
2025-02-05,750.9708251953125,766.0499877929688,782.0,765.0,780.0,13419162
2025-02-06,737.4424438476562,752.25,770.8499755859375,750.0499877929688,769.0,32745391
2025-02-07,722.688720703125,737.2000122070312,759.9000244140625,731.75,759.7999877929688,37240692
2025-02-10,722.2965698242188,736.7999877929688,743.9000244140625,733.4000244140625,740.0,12667049
2025-02-11,716.7088012695312,731.0999755859375,740.1500244140625,726.5499877929688,737.4500122070312,13017060
2025-02-12,718.7184448242188,733.1500244140625,738.7000122070312,717.1500244140625,733.1500244140625,12697743
2025-02-13,713.3267211914062,727.6500244140625,737.5,726.1500244140625,734.4000244140625,12370571
2025-02-14,707.9349975585938,722.1500244140625,732.9000244140625,716.2000122070312,730.9500122070312,10417539
2025-02-17,713.375732421875,727.7000122070312,728.75,711.5499877929688,719.0499877929688,9093600
2025-02-18,711.5131225585938,725.7999877929688,728.25,717.3499755859375,727.7000122070312,8562003
2025-02-19,712.9835815429688,727.2999877929688,734.8499755859375,722.0499877929688,722.0499877929688,6766606
2025-02-20,715.3363647460938,729.7000122070312,731.5,723.3499755859375,724.9000244140625,7423268
2025-02-21,707.7879028320312,722.0,731.7000122070312,720.0,727.2999877929688,6571602
2025-02-24,702.2981567382812,716.4000244140625,719.75,710.5,710.5,6912148
2025-02-25,696.9064331054688,710.9000244140625,718.9500122070312,710.0,718.9500122070312,8599635
2025-02-27,690.0442504882812,703.9000244140625,717.7000122070312,701.0999755859375,716.0,12033139
2025-02-28,675.241455078125,688.7999877929688,701.3499755859375,682.5999755859375,700.9000244140625,15780609
2025-03-03,681.6134643554688,695.2999877929688,697.4000244140625,680.0,690.1500244140625,10598479
2025-03-04,701.9550170898438,716.0499877929688,718.4500122070312,692.0999755859375,693.0,14386214
2025-03-05,715.9735107421875,730.3499755859375,731.2999877929688,717.0,717.5499877929688,10409805
2025-03-06,717.6400756835938,732.0499877929688,736.75,727.0,736.0,10928847
2025-03-07,718.3262939453125,732.75,734.8499755859375,728.0,732.0499877929688,7246729
2025-03-10,714.5521240234375,728.9000244140625,738.5,726.5999755859375,732.75,7400109
2025-03-11,715.4833984375,729.8499755859375,734.0499877929688,722.7000122070312,724.9000244140625,5538789
2025-03-12,708.8172607421875,723.0499877929688,737.0,719.0499877929688,730.5999755859375,5547762
2025-03-13,713.5227661132812,727.8499755859375,731.4500122070312,724.5,725.9000244140625,5908337
2025-03-17,708.915283203125,723.1500244140625,731.25,722.2999877929688,728.9000244140625,5149563
2025-03-18,708.915283203125,723.1500244140625,723.1500244140625,723.1500244140625,723.1500244140625,0
2025-03-19,730.4331665039062,745.0999755859375,749.2999877929688,739.0999755859375,739.5999755859375,7604850
2025-03-20,734.7955932617188,749.5499877929688,752.7000122070312,744.2000122070312,748.0,6963197
2025-03-21,738.373779296875,753.2000122070312,755.5999755859375,747.0,749.9500122070312,9577327
2025-03-24,765.4304809570312,780.7999877929688,782.9500122070312,755.0999755859375,758.0,12095064
2025-03-25,757.636962890625,772.8499755859375,786.0,769.2000122070312,783.9000244140625,15190143
2025-03-26,748.961181640625,764.0,776.0499877929688,761.4500122070312,772.0,7711852
2025-03-27,757.0977783203125,772.2999877929688,775.7999877929688,760.5,763.7999877929688,15648616
2025-03-28,756.3135375976562,771.5,778.5999755859375,767.0,772.0999755859375,7628185
2025-04-01,756.5096435546875,771.7000122070312,782.75,763.2000122070312,766.7999877929688,7011125
2025-04-02,760.6759643554688,775.9500122070312,777.0,764.2999877929688,772.2999877929688,5458436
2025-04-03,763.8619995117188,779.2000122070312,784.7000122070312,769.9500122070312,770.0,7956680
2025-04-04,752.34326171875,767.4500122070312,782.9000244140625,765.0,779.0999755859375,8231194
2025-04-07,732.1978149414062,746.9000244140625,753.7000122070312,730.0,730.0,14923235
2025-04-08,753.4706420898438,768.5999755859375,774.0,758.1500244140625,760.0,12911288
2025-04-09,727.59033203125,742.2000122070312,767.9500122070312,741.0,767.0,11319387
2025-04-11,739.0109252929688,753.8499755859375,759.7000122070312,746.0,759.0,9360327
2025-04-15,748.4710083007812,763.5,770.7000122070312,757.0999755859375,770.0,7859090
2025-04-16,756.5586547851562,771.75,774.75,760.5,763.5,12536694
2025-04-17,781.7527465820312,797.4500122070312,801.0,767.1500244140625,772.0,27034818
2025-04-21,800.6238403320312,816.7000122070312,824.3499755859375,801.4000244140625,803.0,16398507
2025-04-22,806.211669921875,822.4000244140625,835.5,814.0,821.1500244140625,25117557
2025-04-23,797.4378051757812,813.4500122070312,831.0,810.0999755859375,826.0,12104382
2025-04-24,797.3887939453125,813.4000244140625,819.0,811.1500244140625,812.75,12713521
2025-04-25,782.9291381835938,798.6500244140625,819.0,787.0,815.0,13131038
2025-04-28,801.260986328125,817.3499755859375,822.7999877929688,797.4000244140625,798.6500244140625,11317611
2025-04-29,796.5554809570312,812.5499877929688,829.0,809.0,820.0,11283059
2025-04-30,773.1259765625,788.6500244140625,811.5,784.5,811.5,25635764
2025-05-02,781.0175170898438,796.7000122070312,803.4000244140625,789.0,790.3499755859375,14720184
2025-05-05,774.4494018554688,790.0,799.0,782.0,782.0,23986447
2025-05-06,758.8623657226562,774.0999755859375,799.1500244140625,771.0999755859375,793.9500122070312,18869468
2025-05-07,760.822998046875,776.0999755859375,782.4000244140625,764.5499877929688,765.2999877929688,15586266
2025-05-08,753.8627319335938,769.0,786.5,764.0,779.0,14491673
2025-05-09,763.9110107421875,779.25,781.7000122070312,755.5,756.5,13578216
2025-05-12,785.8701171875,801.6500244140625,803.9000244140625,793.0,799.0,15096824
2025-05-13,785.9680786132812,801.75,807.6500244140625,797.2000122070312,798.5999755859375,13909596
2025-05-14,784.9387817382812,800.7000122070312,807.5,796.2999877929688,805.75,9281719
2025-05-15,791.8499755859375,807.75,809.4500122070312,794.5,804.4500122070312,17058854
2025-05-16,792.0999755859375,792.0999755859375,804.0,791.0,804.0,14733924
2025-05-19,795.0,795.0,801.4000244140625,792.0999755859375,792.0999755859375,10666184
2025-05-20,785.6500244140625,785.6500244140625,799.4000244140625,783.7999877929688,798.1500244140625,11324667
2025-05-21,787.0999755859375,787.0999755859375,791.0,779.0999755859375,787.0,8206040
2025-05-22,785.25,785.25,788.2000122070312,780.2999877929688,788.0,7355826
2025-05-23,790.5,790.5,794.9500122070312,786.2000122070312,787.9000244140625,5534158
2025-05-26,794.4000244140625,794.4000244140625,797.5499877929688,789.2000122070312,792.0,4965466
2025-05-27,793.7000122070312,793.7000122070312,801.3499755859375,790.0499877929688,794.4000244140625,11995043
2025-05-28,796.5499877929688,796.5499877929688,798.9000244140625,792.6500244140625,794.5,6873519
2025-05-29,797.3499755859375,797.3499755859375,800.4000244140625,791.3499755859375,799.0,14034127
2025-05-30,812.2999877929688,812.2999877929688,814.5,792.5999755859375,798.0,22037314
2025-06-02,813.6500244140625,813.6500244140625,822.5499877929688,809.2000122070312,812.8499755859375,26891575
2025-06-03,809.7999877929688,809.7999877929688,818.4000244140625,805.1500244140625,816.2000122070312,14247597
2025-06-04,806.5,806.5,817.0,805.25,817.0,9607927
2025-06-05,806.0,806.0,811.7000122070312,802.8499755859375,808.7000122070312,13595507
2025-06-06,813.0499877929688,813.0499877929688,816.4500122070312,803.0999755859375,806.6500244140625,17163935
2025-06-09,820.0499877929688,820.0499877929688,824.5,815.7000122070312,817.4000244140625,12793040
2025-06-10,817.0499877929688,817.0499877929688,822.0499877929688,814.5999755859375,821.0,6560513
2025-06-11,815.0499877929688,815.0499877929688,820.5999755859375,813.0499877929688,817.0,7197825
2025-06-12,805.9500122070312,805.9500122070312,816.5,801.2000122070312,816.0,13448521
2025-06-13,792.3499755859375,792.3499755859375,796.2999877929688,786.25,786.25,11377117
2025-06-16,792.5,792.5,795.4000244140625,786.1500244140625,792.5,8085001
2025-06-17,792.2999877929688,792.2999877929688,798.8499755859375,790.5499877929688,794.0,7753156
2025-06-18,791.9000244140625,791.9000244140625,795.5,788.3499755859375,792.5,5710169
2025-06-19,785.0999755859375,785.0999755859375,793.25,781.7000122070312,792.3499755859375,11824333
2025-06-20,796.1500244140625,796.1500244140625,799.4500122070312,786.0999755859375,787.5,11367669
2025-06-23,790.2000122070312,790.2000122070312,794.9500122070312,788.5,790.0,5549253
2025-06-24,795.4000244140625,795.4000244140625,806.6500244140625,793.6500244140625,799.0,11402190
2025-06-25,800.0499877929688,800.0499877929688,803.7999877929688,796.0999755859375,799.5,6528324
2025-06-26,797.0499877929688,797.0499877929688,803.3499755859375,791.4000244140625,802.0,24704402
2025-06-27,805.4000244140625,805.4000244140625,809.4500122070312,802.6500244140625,805.0,19375990
2025-06-30,820.3499755859375,820.3499755859375,821.0,807.0499877929688,809.0,19652607
2025-07-01,820.2999877929688,820.2999877929688,824.9000244140625,813.25,820.0,11456405
2025-07-02,812.9000244140625,812.9000244140625,824.0499877929688,809.0,821.0,6661200
2025-07-03,807.0999755859375,807.0999755859375,814.5,805.7999877929688,813.5,7020403
2025-07-04,811.8499755859375,811.8499755859375,813.8499755859375,804.0999755859375,808.75,4319538
2025-07-07,806.8499755859375,806.8499755859375,812.6500244140625,805.1500244140625,811.2000122070312,4461783
2025-07-08,812.6500244140625,812.6500244140625,813.5499877929688,805.3499755859375,807.9000244140625,5935770
2025-07-09,810.9500122070312,810.9500122070312,812.4500122070312,809.0,810.0,4099112
2025-07-10,808.0,808.0,815.5,806.9000244140625,811.2999877929688,12178137
2025-07-11,808.6500244140625,808.6500244140625,812.5499877929688,804.5499877929688,807.5499877929688,6202372
2025-07-14,808.8499755859375,808.8499755859375,815.5,808.0,809.7999877929688,6938635
2025-07-15,816.4500122070312,816.4500122070312,821.0,810.5,811.0,9297645
2025-07-16,831.7000122070312,831.7000122070312,834.2000122070312,815.2999877929688,816.0,16458920
2025-07-17,829.0,829.0,842.5,826.3499755859375,838.4000244140625,23073718
2025-07-18,823.3499755859375,823.3499755859375,832.6500244140625,820.25,832.0,15387801
2025-07-21,824.2000122070312,824.2000122070312,827.3499755859375,817.9500122070312,823.0,8852594
2025-07-22,815.0,815.0,828.0499877929688,814.0,827.5,7851163
2025-07-23,820.6500244140625,820.6500244140625,825.2000122070312,811.5,812.5,15470390
2025-07-24,815.7000122070312,815.7000122070312,821.9500122070312,810.6500244140625,820.0,10118309
2025-07-25,806.5499877929688,806.5499877929688,819.2000122070312,805.5,815.0,6734439
2025-07-28,797.1500244140625,797.1500244140625,808.9500122070312,796.0,806.5499877929688,7734158
2025-07-29,799.2000122070312,799.2000122070312,800.0,793.0999755859375,796.2000122070312,7833759
2025-07-30,801.6500244140625,801.6500244140625,803.4000244140625,796.2000122070312,798.9500122070312,8743723
2025-07-31,796.5499877929688,796.5499877929688,803.7999877929688,792.5499877929688,795.0999755859375,11359112
2025-08-01,794.0,794.0,801.0,792.0,795.7000122070312,15468391
2025-08-04,795.7000122070312,795.7000122070312,797.2000122070312,786.5499877929688,794.5,8820724
2025-08-05,800.5999755859375,800.5999755859375,804.0499877929688,796.2999877929688,798.0,7381537
2025-08-06,805.1500244140625,805.1500244140625,810.2000122070312,799.0,800.9500122070312,7409396
2025-08-07,805.1500244140625,805.1500244140625,806.6500244140625,793.4000244140625,801.0999755859375,7091392
2025-08-08,804.2999877929688,804.2999877929688,807.7999877929688,790.0,805.0,15708181
2025-08-11,823.4500122070312,823.4500122070312,825.0,808.0,808.0,15236297
2025-08-12,820.5999755859375,820.5999755859375,825.5,820.0,824.9500122070312,7986728
2025-08-13,821.8499755859375,821.8499755859375,824.9500122070312,820.6500244140625,822.6500244140625,4447508
2025-08-14,826.5499877929688,826.5499877929688,828.0,819.0999755859375,822.0,7087573
2025-08-18,827.6500244140625,827.6500244140625,838.0,825.1500244140625,836.0,6138124
2025-08-19,830.4000244140625,830.4000244140625,831.0,825.7999877929688,827.5,5076681
2025-08-20,828.9500122070312,828.9500122070312,831.9000244140625,827.4000244140625,828.7000122070312,4493888
2025-08-21,825.7000122070312,825.7000122070312,833.25,824.0499877929688,828.9500122070312,4402511
2025-08-22,816.25,816.25,826.0,815.7000122070312,824.0,5097647
2025-08-25,816.4500122070312,816.4500122070312,820.5,814.2000122070312,817.4500122070312,5672898
2025-08-26,807.8499755859375,807.8499755859375,815.8499755859375,806.75,814.8499755859375,6997817
2025-08-28,801.9500122070312,801.9500122070312,811.0,800.6500244140625,807.25,7898436
2025-08-29,802.5,802.5,806.7000122070312,798.5,800.7000122070312,6861440
2025-09-01,806.0499877929688,806.0499877929688,808.2999877929688,802.6500244140625,803.0999755859375,5619805
2025-09-02,803.9000244140625,803.9000244140625,810.5,802.6500244140625,806.2999877929688,5075460
2025-09-03,812.1500244140625,812.1500244140625,813.2999877929688,803.0,804.2999877929688,4261589
2025-09-04,809.4000244140625,809.4000244140625,816.75,808.0,814.6500244140625,4471950
2025-09-05,806.5999755859375,806.5999755859375,812.5,803.6500244140625,811.5,5194842
2025-09-08,808.7999877929688,808.7999877929688,813.8499755859375,806.7999877929688,808.0,4614227
2025-09-09,808.8499755859375,808.8499755859375,812.3499755859375,805.5999755859375,812.0,4567272
2025-09-10,818.2000122070312,818.2000122070312,824.5999755859375,810.4000244140625,812.0,7285853
2025-09-11,823.6500244140625,823.6500244140625,825.7000122070312,819.0,819.0999755859375,7425055
2025-09-12,823.5499877929688,823.5499877929688,825.7999877929688,819.7999877929688,824.0999755859375,5078018
2025-09-15,824.75,824.75,827.7999877929688,821.0999755859375,823.5499877929688,3852494
2025-09-16,831.5499877929688,831.5499877929688,833.0,821.6500244140625,825.0999755859375,9467531
2025-09-17,857.1500244140625,857.1500244140625,858.1500244140625,831.0,834.2999877929688,17243938
2025-09-18,854.3499755859375,854.3499755859375,860.7999877929688,851.0999755859375,858.6500244140625,10400847
2025-09-19,862.3499755859375,862.3499755859375,864.4500122070312,849.2999877929688,852.0,15206426
2025-09-22,855.25,855.25,868.2000122070312,854.0,862.0,6594034
2025-09-23,870.5999755859375,870.5999755859375,874.25,851.2000122070312,854.5999755859375,14357863
2025-09-24,866.2000122070312,866.2000122070312,880.5,864.4500122070312,876.0,12840160
2025-09-25,861.1500244140625,861.1500244140625,870.1500244140625,859.9500122070312,866.5499877929688,8678821
2025-09-26,856.9500122070312,856.9500122070312,864.3499755859375,853.0,862.0,6959545
2025-09-29,870.75,870.75,873.5,856.0,858.0499877929688,22641712
2025-09-30,872.4500122070312,872.4500122070312,877.5999755859375,867.5999755859375,869.9500122070312,12831593
2025-10-01,864.0999755859375,864.0999755859375,876.4500122070312,862.7999877929688,872.2999877929688,10832384
2025-10-03,867.2999877929688,867.2999877929688,873.0,863.7999877929688,865.1500244140625,8019442
2025-10-06,874.0499877929688,874.0499877929688,875.2999877929688,862.7999877929688,868.0,7820352
2025-10-07,864.7000122070312,864.7000122070312,877.0,863.0,874.1500244140625,9242580
2025-10-08,858.25,858.25,867.7999877929688,857.25,866.7999877929688,7156112
2025-10-09,862.0999755859375,862.0999755859375,865.7999877929688,858.0999755859375,861.5999755859375,7020501
2025-10-10,880.6500244140625,880.6500244140625,883.75,861.2999877929688,862.0999755859375,13713015
2025-10-13,882.9500122070312,882.9500122070312,888.0999755859375,876.0,879.0,11923143
2025-10-14,876.9500122070312,876.9500122070312,884.1500244140625,872.0999755859375,883.0,7681973
2025-10-15,886.0999755859375,886.0999755859375,887.5,877.0499877929688,878.0999755859375,8269225
2025-10-16,886.9500122070312,886.9500122070312,891.8499755859375,882.4500122070312,888.2999877929688,8493686
2025-10-17,889.1500244140625,889.1500244140625,894.75,883.0,887.5,8511854
2025-10-20,907.5,907.5,913.6500244140625,891.0499877929688,894.5999755859375,13546463
2025-10-21,907.8499755859375,907.8499755859375,910.0,906.4000244140625,908.0,1783576
2025-10-23,911.5499877929688,911.5499877929688,918.0,904.7999877929688,912.0,13382769
2025-10-24,904.5,904.5,914.0999755859375,900.9500122070312,910.9500122070312,5313227
2025-10-27,922.75,922.75,928.0,906.0,906.9500122070312,9150761
2025-10-28,930.25,930.25,935.8499755859375,917.7000122070312,927.0999755859375,22066289
2025-10-29,939.75,939.75,942.0499877929688,930.25,933.9000244140625,12314222
2025-10-30,934.3499755859375,934.3499755859375,944.9000244140625,933.0499877929688,939.4500122070312,13044473
2025-10-31,937.0,937.0,946.7000122070312,930.25,934.9000244140625,12078252
2025-11-03,949.7000122070312,949.7000122070312,953.4000244140625,937.5,938.75,11744735
2025-11-04,957.5999755859375,957.5999755859375,959.2999877929688,941.5,951.0,19154518
2025-11-06,960.75,960.75,971.4000244140625,955.2999877929688,969.6500244140625,23088096
2025-11-07,955.8499755859375,955.8499755859375,964.8499755859375,944.0,958.75,13371323
2025-11-10,951.1500244140625,951.1500244140625,963.2000122070312,949.0999755859375,956.0,7343249
2025-11-11,953.2999877929688,953.2999877929688,954.9500122070312,945.0499877929688,953.5999755859375,8648917
2025-11-12,957.1500244140625,957.1500244140625,961.5499877929688,951.4000244140625,957.7000122070312,7043323
2025-11-13,954.0,954.0,963.9500122070312,952.4500122070312,954.25,8894441
2025-11-14,967.8499755859375,967.8499755859375,969.0499877929688,952.0,952.9500122070312,11032927
2025-11-17,973.3499755859375,973.3499755859375,976.0,968.5,971.0,7415026
2025-11-18,972.4500122070312,972.4500122070312,976.7000122070312,968.8499755859375,975.5999755859375,6594686
2025-11-19,982.75,982.75,984.4500122070312,968.7999877929688,972.4500122070312,8291226
2025-11-20,981.5499877929688,981.5499877929688,986.5999755859375,979.3499755859375,986.0,6440857
2025-11-21,972.5999755859375,972.5999755859375,980.5999755859375,971.0499877929688,979.7000122070312,5377241
2025-11-24,970.5999755859375,970.5999755859375,977.7000122070312,968.0499877929688,975.5499877929688,9901946
2025-11-25,983.5999755859375,983.5999755859375,988.9500122070312,971.3499755859375,975.5499877929688,9140201
2025-11-26,983.9000244140625,983.9000244140625,999.0,982.1500244140625,986.5999755859375,13943490
2025-11-27,972.8499755859375,972.8499755859375,988.5499877929688,968.9000244140625,986.7000122070312,11909168
2025-11-28,979.0,979.0,983.0,973.0499877929688,976.7999877929688,8117842
2025-12-01,973.0999755859375,973.0999755859375,991.2000122070312,969.8499755859375,985.4500122070312,8808306
2025-12-02,967.2999877929688,967.2999877929688,980.4500122070312,964.9000244140625,976.0,13444314
2025-12-03,951.0499877929688,951.0499877929688,972.5499877929688,947.5499877929688,970.4500122070312,14051968
2025-12-04,948.0999755859375,948.0999755859375,952.5499877929688,944.4500122070312,951.0499877929688,13622724
2025-12-05,971.5,971.5,973.2999877929688,946.7000122070312,948.8499755859375,17347847
2025-12-08,956.4000244140625,956.4000244140625,972.5,951.7000122070312,970.8499755859375,15386438
2025-12-09,959.3499755859375,959.3499755859375,964.0,950.4500122070312,954.7999877929688,9580294
2025-12-10,959.75,959.75,963.9500122070312,955.25,960.0999755859375,6989178
2025-12-11,963.25,963.25,966.5,958.4500122070312,962.0999755859375,5979035
2025-12-12,963.1500244140625,963.1500244140625,967.0,958.0,966.0,5681930
2025-12-15,967.25,967.25,968.8499755859375,957.25,957.25,4416952
2025-12-16,961.1500244140625,961.1500244140625,969.0,958.0499877929688,966.0499877929688,4764786
2025-12-17,975.8499755859375,975.8499755859375,978.5,964.2999877929688,965.5499877929688,8013382
2025-12-18,977.5499877929688,977.5499877929688,981.4500122070312,973.5,977.9000244140625,4926879
2025-12-19,980.2999877929688,980.2999877929688,982.0,977.0499877929688,979.9500122070312,5376584
2025-12-22,974.2999877929688,974.2999877929688,983.0,972.5499877929688,981.0999755859375,5959037
2025-12-23,971.9000244140625,971.9000244140625,977.5499877929688,970.7000122070312,976.2999877929688,5123287
2025-12-24,968.9500122070312,968.9500122070312,977.2999877929688,967.5,973.2000122070312,4105643
2025-12-26,966.2999877929688,966.2999877929688,971.0,964.75,968.9500122070312,3286321
2025-12-29,965.0499877929688,965.0499877929688,968.9000244140625,961.4500122070312,966.9000244140625,5267233
2025-12-30,973.4500122070312,973.4500122070312,976.2000122070312,959.5,963.0,15030644
2025-12-31,982.2000122070312,982.2000122070312,985.6500244140625,973.5,975.25,5807630
2026-01-01,984.75,984.75,987.6500244140625,980.3499755859375,983.2000122070312,4328348
2026-01-02,998.9500122070312,998.9500122070312,1009.5,983.9500122070312,984.5,7357435
2026-01-05,1005.5499877929688,1005.5499877929688,1015.5,1000.0,1000.0,11259060
2026-01-06,1018.9000244140625,1018.9000244140625,1024.0,1004.9500122070312,1007.9500122070312,9575742
2026-01-07,1007.1500244140625,1007.1500244140625,1022.7000122070312,1004.0,1022.7000122070312,7896720
2026-01-08,998.0,998.0,1011.5999755859375,995.8499755859375,1006.5999755859375,6854268
2026-01-09,1000.5,1000.5,1008.0,994.0,996.0,7809460
2026-01-12,1015.1500244140625,1015.1500244140625,1017.25,996.0,1008.0,7617922
2026-01-13,1028.449951171875,1028.449951171875,1029.5,1016.0,1022.7999877929688,11016895
2026-01-14,1028.3499755859375,1028.3499755859375,1030.4000244140625,1020.5,1030.0,7370514
2026-01-15,1028.3499755859375,1028.3499755859375,1028.3499755859375,1028.3499755859375,1028.3499755859375,0
2026-01-16,1042.300048828125,1042.300048828125,1047.449951171875,1028.4000244140625,1032.0,11051580
2026-01-19,1038.4000244140625,1038.4000244140625,1043.5999755859375,1034.0,1035.0,5460164
2026-01-20,1036.4000244140625,1036.4000244140625,1052.0,1033.050048828125,1039.75,8905718
2026-01-21,1028.6500244140625,1028.6500244140625,1040.5999755859375,1022.0,1032.0,7408949
2026-01-22,1048.3499755859375,1048.3499755859375,1055.5,1034.050048828125,1035.0,12001641
2026-01-23,1029.5,1029.5,1053.0,1025.5999755859375,1051.9000244140625,10917698
2026-01-27,1053.1500244140625,1053.1500244140625,1055.0,1030.25,1034.0999755859375,14420630
2026-01-28,1063.5,1063.5,1065.5999755859375,1044.1500244140625,1059.4000244140625,12171257
2026-01-29,1066.199951171875,1066.199951171875,1075.0,1060.300048828125,1063.0,14800724
2026-01-30,1077.1500244140625,1077.1500244140625,1082.5,1060.4000244140625,1064.0,9480769
2026-02-02,1028.699951171875,1028.699951171875,1031.300048828125,990.0,1019.9000244140625,14434549
2026-02-03,1064.199951171875,1064.199951171875,1089.800048828125,1040.300048828125,1087.0,16129381
2026-02-04,1068.199951171875,1068.199951171875,1073.9000244140625,1056.300048828125,1064.199951171875,7312276
2026-02-05,1073.5,1073.5,1081.0,1067.5,1068.199951171875,9551567
2026-02-06,1066.4000244140625,1066.4000244140625,1073.5999755859375,1051.0,1070.0,7041557
2026-02-09,1146.0,1146.0,1150.0,1100.5,1120.0,40852966
2026-02-10,1144.0999755859375,1144.0999755859375,1154.0,1138.0999755859375,1151.0,17280036
2026-02-11,1182.9000244140625,1182.9000244140625,1187.5,1142.800048828125,1144.699951171875,29491859
2026-02-12,1192.4000244140625,1192.4000244140625,1203.699951171875,1174.800048828125,1183.0,33214985
2026-02-13,1198.5999755859375,1198.5999755859375,1201.0,1184.5,1189.0,18141390
2026-02-16,1208.0999755859375,1208.0999755859375,1212.300048828125,1185.300048828125,1194.0,14972739
2026-02-17,1213.4000244140625,1213.4000244140625,1225.5,1204.0999755859375,1206.0999755859375,20107196
2026-02-18,1218.9000244140625,1218.9000244140625,1224.0999755859375,1214.0,1218.800048828125,10417264
2026-02-19,1205.699951171875,1205.699951171875,1224.9000244140625,1199.199951171875,1222.9000244140625,9630899
2026-02-20,1216.0999755859375,1216.0999755859375,1218.0,1201.800048828125,1206.199951171875,9958162
2026-02-23,1227.800048828125,1227.800048828125,1231.0999755859375,1217.0999755859375,1222.0,9733835
2026-02-24,1223.300048828125,1223.300048828125,1234.699951171875,1219.699951171875,1232.0,15788449
2026-02-25,1200.0999755859375,1200.0999755859375,1228.0999755859375,1197.5,1228.0999755859375,19581100
2026-02-26,1209.5,1209.5,1215.4000244140625,1188.9000244140625,1201.0,16196052
2026-02-27,1201.699951171875,1201.699951171875,1211.800048828125,1198.5999755859375,1207.0,10700355
2026-03-02,1189.9000244140625,1189.9000244140625,1197.300048828125,1179.4000244140625,1185.0,16270835
2026-03-04,1174.5,1174.5,1182.699951171875,1157.5999755859375,1172.0999755859375,13855065
2026-03-05,1169.5,1169.5,1183.199951171875,1150.5999755859375,1181.0,22100665
2026-03-06,1143.0,1143.0,1169.300048828125,1138.0,1168.5,20333328
2026-03-09,1098.5,1098.5,1115.0,1064.300048828125,1115.0,24631198
2026-03-10,1112.199951171875,1112.199951171875,1119.9000244140625,1104.5,1111.0999755859375,17491459
2026-03-11,1091.0999755859375,1091.0999755859375,1115.9000244140625,1088.0,1113.4000244140625,8364878
2026-03-12,1085.199951171875,1085.199951171875,1098.0,1070.5,1075.0999755859375,14614140
2026-03-13,1047.0,1047.0,1081.300048828125,1042.300048828125,1077.5,15978675
2026-03-16,1066.699951171875,1066.699951171875,1073.0,1036.0999755859375,1048.699951171875,15322269
2026-03-17,1064.699951171875,1064.699951171875,1073.9000244140625,1047.0,1073.9000244140625,16427877
2026-03-18,1069.800048828125,1069.800048828125,1075.4000244140625,1061.300048828125,1067.5,10749915
2026-03-19,1048.9000244140625,1048.9000244140625,1059.699951171875,1041.0,1049.5,13431191
2026-03-20,1058.0,1058.0,1085.0,1054.0,1058.4000244140625,17748625
2026-03-23,1031.9000244140625,1031.9000244140625,1045.5999755859375,1014.2000122070312,1039.0,16039603
2026-03-24,1030.800048828125,1030.800048828125,1059.0,1020.0,1055.199951171875,30416734
2026-03-25,1060.5999755859375,1060.5999755859375,1065.5,1043.0,1043.0,16205333
2026-03-27,1019.5,1019.5,1055.300048828125,1013.0,1051.300048828125,20445349
2026-03-30,979.4000244140625,979.4000244140625,1009.4000244140625,975.7999877929688,1005.0,21438137
2026-04-01,1017.7999877929688,1017.7999877929688,1031.0,998.4500122070312,1008.0,17424479
2026-04-02,1018.4000244140625,1018.4000244140625,1026.0,977.9000244140625,1000.0,20777629
2026-04-06,1032.75,1032.75,1035.699951171875,1005.0499877929688,1020.0,23576634
