Date,adj close,close,high,low,open,volume
2021-03-30,12.853327751159668,14.180000305175781,14.3100004196167,13.859999656677246,13.859999656677246,2020649
2021-03-31,12.735487937927246,14.050000190734863,14.40999984741211,14.010000228881836,14.390000343322754,2101989
2021-04-01,12.862391471862793,14.1899995803833,14.359999656677246,14.0600004196167,14.34000015258789,1377819
2021-04-05,12.672039031982422,13.979999542236328,14.220000267028809,13.75,14.220000267028809,1590343
2021-04-06,12.5179443359375,13.8100004196167,14.180000305175781,13.300000190734863,13.800000190734863,1979075
2021-04-07,12.572330474853516,13.869999885559082,14.0,13.800000190734863,13.899999618530273,1567496
2021-04-08,12.826132774353027,14.149999618530273,15.25,13.890000343322754,13.979999542236328,7543692
2021-04-09,12.798938751220703,14.119999885559082,14.399999618530273,14.029999732971191,14.270000457763672,1477864
2021-04-12,12.146302223205566,13.399999618530273,13.869999885559082,13.329999923706055,13.779999732971191,5548936
2021-04-13,12.391042709350586,13.670000076293945,13.789999961853027,13.350000381469727,13.350000381469727,1990489
2021-04-15,12.644845962524414,13.949999809265137,14.149999618530273,13.5,13.670000076293945,2466484
2021-04-16,12.690167427062988,14.0,14.210000038146973,13.850000381469727,13.949999809265137,1624822
2021-04-19,12.200689315795898,13.460000038146973,13.649999618530273,13.149999618530273,13.649999618530273,1918015
2021-04-20,12.27320384979248,13.539999961853027,13.800000190734863,13.399999618530273,13.600000381469727,2306593
2021-04-22,12.246010780334473,13.510000228881836,13.640000343322754,13.260000228881836,13.539999961853027,1390168
2021-04-23,12.218816757202148,13.479999542236328,13.739999771118164,13.430000305175781,13.5,2221954
2021-04-26,12.327590942382812,13.600000381469727,13.699999809265137,13.529999732971191,13.5600004196167,1170807
2021-04-27,12.753617286682129,14.069999694824219,14.09000015258789,13.600000381469727,13.600000381469727,2385395
2021-04-28,12.708296775817871,14.020000457763672,14.40999984741211,13.890000343322754,14.260000228881836,1842806
2021-04-29,12.527007102966309,13.819999694824219,14.210000038146973,13.75,14.0600004196167,1628835
2021-04-30,12.499814987182617,13.789999961853027,13.949999809265137,13.550000190734863,13.649999618530273,2194780
2021-05-03,12.808004379272461,14.130000114440918,14.430000305175781,13.579999923706055,13.75,2573294
2021-05-04,12.55420207977295,13.850000381469727,14.239999771118164,13.800000190734863,14.140000343322754,2145291
2021-05-05,12.572330474853516,13.869999885559082,14.199999809265137,13.829999923706055,13.989999771118164,1520134
2021-05-06,12.58139419555664,13.880000114440918,14.09000015258789,13.800000190734863,13.949999809265137,2036993
2021-05-07,13.832283020019531,15.260000228881836,15.260000228881836,14.100000381469727,14.199999809265137,9924233
2021-05-10,15.210071563720703,16.780000686645508,16.780000686645508,15.899999618530273,16.25,10090520
2021-05-11,16.72382926940918,18.450000762939453,18.450000762939453,16.780000686645508,17.700000762939453,15885800
2021-05-12,15.889902114868164,17.530000686645508,19.3700008392334,17.530000686645508,19.079999923706055,18393840
2021-05-14,15.355100631713867,16.940000534057617,18.25,16.65999984741211,17.600000381469727,8835740
2021-05-17,14.5936918258667,16.100000381469727,16.850000381469727,16.100000381469727,16.75,5683405
2021-05-18,15.318843841552734,16.899999618530273,16.899999618530273,16.040000915527344,16.100000381469727,6615924
2021-05-19,15.228199005126953,16.799999237060547,17.510000228881836,16.450000762939453,17.350000381469727,3873206
2021-05-20,15.246329307556152,16.81999969482422,17.1200008392334,16.649999618530273,16.799999237060547,1597102
2021-05-21,15.110363006591797,16.670000076293945,17.100000381469727,16.649999618530273,17.100000381469727,2804697
2021-05-24,15.201006889343262,16.770000457763672,17.200000762939453,16.610000610351562,16.760000228881836,3935066
2021-05-25,15.395537376403809,16.6200008392334,17.0,16.56999969482422,16.670000076293945,2937348
2021-05-26,15.91629409790039,16.809999465942383,17.440000534057617,16.610000610351562,16.719999313354492,10781830
2021-05-27,15.707991600036621,16.59000015258789,16.899999618530273,16.549999237060547,16.899999618530273,2727541
2021-05-28,15.39553451538086,16.260000228881836,16.700000762939453,16.049999237060547,16.600000381469727,2717622
2021-05-31,15.10201644897461,15.949999809265137,16.25,15.899999618530273,16.25,3396265
2021-06-01,15.007333755493164,15.850000381469727,16.200000762939453,15.649999618530273,15.949999809265137,2388164
2021-06-02,15.149358749389648,16.0,16.100000381469727,15.699999809265137,15.899999618530273,2435445
2021-06-03,15.244041442871094,16.100000381469727,16.299999237060547,16.049999237060547,16.100000381469727,2030347
2021-06-04,15.149358749389648,16.0,16.200000762939453,15.899999618530273,16.200000762939453,1599914
2021-06-07,15.90682601928711,16.799999237060547,16.799999237060547,16.0,16.100000381469727,7739680
2021-06-08,15.528090476989746,16.399999618530273,16.75,16.25,16.649999618530273,3411614
2021-06-09,15.291382789611816,16.149999618530273,16.700000762939453,16.0,16.299999237060547,4113191
2021-06-10,16.048852920532227,16.950000762939453,16.950000762939453,16.149999618530273,16.149999618530273,9332016
2021-06-11,15.812143325805664,16.700000762939453,17.5,16.649999618530273,17.450000762939453,4940207
2021-06-14,15.90682601928711,16.799999237060547,16.899999618530273,16.25,16.75,3102674
2021-06-15,15.764800071716309,16.649999618530273,17.0,16.600000381469727,16.850000381469727,2820205
2021-06-16,15.670117378234863,16.549999237060547,16.899999618530273,16.450000762939453,16.649999618530273,1956388
2021-06-17,15.85948371887207,16.75,17.350000381469727,16.299999237060547,16.299999237060547,8366233
2021-06-18,15.622775077819824,16.5,16.899999618530273,15.949999809265137,16.899999618530273,4574443
2021-06-21,15.764800071716309,16.649999618530273,16.899999618530273,16.299999237060547,16.299999237060547,3052656
2021-06-22,15.812143325805664,16.700000762939453,17.149999618530273,16.649999618530273,16.75,4289063
2021-06-23,15.717460632324219,16.600000381469727,17.100000381469727,16.549999237060547,16.899999618530273,2331684
2021-06-24,15.717460632324219,16.600000381469727,16.75,16.549999237060547,16.600000381469727,1250662
2021-06-25,15.764800071716309,16.649999618530273,16.950000762939453,16.5,16.700000762939453,1956629
2021-06-28,15.622775077819824,16.5,16.850000381469727,16.450000762939453,16.700000762939453,2155587
2021-06-29,15.386066436767578,16.25,16.649999618530273,16.149999618530273,16.649999618530273,1334795
2021-06-30,15.480751037597656,16.350000381469727,16.75,16.299999237060547,16.399999618530273,1088434
2021-07-01,15.480751037597656,16.350000381469727,16.549999237060547,16.299999237060547,16.450000762939453,912236
2021-07-02,15.528090476989746,16.399999618530273,16.5,16.350000381469727,16.350000381469727,1458606
2021-07-05,16.285558700561523,17.200000762939453,17.200000762939453,16.399999618530273,16.600000381469727,9282903
2021-07-06,17.090368270874023,18.049999237060547,18.049999237060547,17.700000762939453,17.899999618530273,3991635
2021-07-07,16.238218307495117,17.149999618530273,18.100000381469727,17.149999618530273,18.100000381469727,6061996
2021-07-08,16.3802433013916,17.299999237060547,17.850000381469727,17.049999237060547,17.149999618530273,6757311
2021-07-09,16.474925994873047,17.399999618530273,17.549999237060547,17.149999618530273,17.299999237060547,2619848
2021-07-12,16.948347091674805,17.899999618530273,18.25,17.450000762939453,17.950000762939453,9752342
2021-07-13,16.9010009765625,17.850000381469727,18.149999618530273,17.600000381469727,18.049999237060547,1998566
2021-07-14,16.99568748474121,17.950000762939453,18.299999237060547,17.75,17.850000381469727,2784338
2021-07-15,16.71163558959961,17.649999618530273,18.25,17.549999237060547,18.049999237060547,1671569
2021-07-16,16.75897979736328,17.700000762939453,18.100000381469727,17.649999618530273,17.850000381469727,1737185
2021-07-19,16.71163558959961,17.649999618530273,18.049999237060547,17.5,17.600000381469727,1856342
2021-07-20,16.3802433013916,17.299999237060547,17.75,16.899999618530273,17.700000762939453,2213081
2021-07-22,16.806318283081055,17.75,18.049999237060547,17.350000381469727,17.350000381469727,1748846
2021-07-23,16.66429328918457,17.600000381469727,18.0,17.450000762939453,18.0,1468816
2021-07-26,16.19087791442871,17.100000381469727,17.799999237060547,17.049999237060547,17.600000381469727,1766831
2021-07-27,16.99568748474121,17.950000762939453,17.950000762939453,17.149999618530273,17.25,3225551
2021-07-28,17.800495147705078,18.799999237060547,18.799999237060547,18.200000762939453,18.75,14377580
2021-07-29,18.65264892578125,19.700000762939453,19.700000762939453,19.350000381469727,19.700000762939453,6120787
2021-07-30,19.552141189575195,20.649999618530273,20.649999618530273,19.799999237060547,20.600000381469727,6793208
2021-08-02,19.220748901367188,20.299999237060547,21.649999618530273,19.850000381469727,21.350000381469727,10384350
2021-08-03,20.167585372924805,21.299999237060547,21.299999237060547,19.350000381469727,19.350000381469727,10324400
2021-08-04,21.114416122436523,22.299999237060547,22.350000381469727,21.600000381469727,22.350000381469727,39953510
2021-08-05,20.072898864746094,21.200000762939453,22.899999618530273,21.200000762939453,22.899999618530273,5242203
2021-08-06,19.268091201782227,20.350000381469727,21.450000762939453,20.149999618530273,20.600000381469727,6993105
2021-08-09,19.883533477783203,21.0,21.350000381469727,20.549999237060547,20.799999237060547,5696746
2021-08-10,18.88935661315918,19.950000762939453,21.149999618530273,19.950000762939453,21.0,4168590
2021-08-11,18.510622024536133,19.549999237060547,20.350000381469727,19.0,19.649999618530273,7731756
2021-08-12,19.362773895263672,20.450000762939453,20.5,19.0,19.399999618530273,5454879
2021-08-13,20.309608459472656,21.450000762939453,21.450000762939453,21.450000762939453,21.450000762939453,2518530
2021-08-16,19.930871963500977,21.049999237060547,22.5,20.700000762939453,22.5,10574480
2021-08-17,19.457456588745117,20.549999237060547,21.049999237060547,20.25,21.0,4094808
2021-08-18,19.552141189575195,20.649999618530273,21.100000381469727,20.5,20.600000381469727,4248743
2021-08-20,19.12606430053711,20.200000762939453,20.799999237060547,20.049999237060547,20.450000762939453,2995419
2021-08-23,18.463279724121094,19.5,20.649999618530273,19.200000762939453,20.5,5216249
2021-08-24,19.362773895263672,20.450000762939453,20.450000762939453,19.450000762939453,19.5,3348817
2021-08-25,19.362773895263672,20.450000762939453,21.149999618530273,20.299999237060547,20.799999237060547,3768717
2021-08-26,19.268091201782227,20.350000381469727,21.0,20.25,20.5,2178685
2021-08-27,19.07872200012207,20.149999618530273,20.5,20.049999237060547,20.399999618530273,2199192
2021-08-30,19.12606430053711,20.200000762939453,20.549999237060547,20.100000381469727,20.399999618530273,2143139
2021-08-31,19.504798889160156,20.600000381469727,21.200000762939453,20.149999618530273,20.299999237060547,6114320
2021-09-01,20.309608459472656,21.450000762939453,21.600000381469727,20.399999618530273,20.799999237060547,3017404
2021-09-02,21.30378532409668,22.5,22.5,21.299999237060547,21.600000381469727,5461479
2021-09-03,22.34530258178711,23.600000381469727,23.600000381469727,22.850000381469727,23.200000762939453,10519990
2021-09-06,22.582014083862305,23.850000381469727,24.649999618530273,23.049999237060547,24.25,5707269
2021-09-07,22.34530258178711,23.600000381469727,24.350000381469727,23.350000381469727,23.899999618530273,2462890
2021-09-08,23.43416404724121,24.75,24.75,23.75,23.75,6536298
2021-09-09,24.144289016723633,25.5,25.950000762939453,25.100000381469727,25.399999618530273,14847110
2021-09-13,23.907581329345703,25.25,26.399999618530273,24.899999618530273,26.399999618530273,7033019
2021-09-14,23.76555633544922,25.100000381469727,25.799999237060547,24.899999618530273,25.700000762939453,4204689
2021-09-15,23.244796752929688,24.549999237060547,25.299999237060547,24.100000381469727,25.25,5408486
2021-09-16,23.292137145996094,24.600000381469727,25.5,24.5,24.549999237060547,2626530
2021-09-17,22.487327575683594,23.75,24.950000762939453,23.399999618530273,24.799999237060547,5203048
2021-09-20,22.818721771240234,24.100000381469727,24.799999237060547,23.700000762939453,23.799999237060547,4128825
2021-09-21,22.62935447692871,23.899999618530273,24.399999618530273,23.100000381469727,24.149999618530273,5086575
2021-09-22,22.724037170410156,24.0,24.399999618530273,23.799999237060547,23.899999618530273,3337940
2021-09-23,23.055429458618164,24.350000381469727,24.75,24.149999618530273,24.200000762939453,3894141
2021-09-24,22.91340446472168,24.200000762939453,24.799999237060547,24.049999237060547,24.700000762939453,2935089
2021-09-27,23.244796752929688,24.549999237060547,24.950000762939453,24.299999237060547,24.700000762939453,3253057
2021-09-28,24.380998611450195,25.75,25.75,24.399999618530273,24.799999237060547,13883820
2021-09-29,25.327831268310547,26.75,27.0,25.299999237060547,25.850000381469727,8472309
2021-09-30,26.511375427246094,28.0,28.049999237060547,26.399999618530273,27.200000762939453,10282070
2021-10-01,27.836946487426758,29.399999618530273,29.399999618530273,27.600000381469727,27.950000762939453,10907950
2021-10-04,29.209857940673828,30.850000381469727,30.850000381469727,30.149999618530273,30.399999618530273,7060712
2021-10-05,30.630107879638672,32.349998474121094,32.349998474121094,32.349998474121094,32.349998474121094,819155
2021-10-06,32.14504623413086,33.95000076293945,33.95000076293945,32.400001525878906,33.95000076293945,6702703
2021-10-07,30.677452087402344,32.400001525878906,35.599998474121094,32.29999923706055,35.400001525878906,30119010
2021-10-08,32.192386627197266,34.0,34.0,30.799999237060547,31.600000381469727,10165880
2021-10-11,33.802001953125,35.70000076293945,35.70000076293945,35.70000076293945,35.70000076293945,1553030
2021-10-12,35.45896911621094,37.45000076293945,37.45000076293945,36.29999923706055,36.95000076293945,8324751
2021-10-13,37.210609436035156,39.29999923706055,39.29999923706055,37.599998474121094,39.29999923706055,7713778
2021-10-14,36.642513275146484,38.70000076293945,41.25,37.5,40.900001525878906,16673210
2021-10-18,38.441497802734375,40.599998474121094,40.599998474121094,39.20000076293945,40.29999923706055,8491080
2021-10-19,39.7197265625,41.95000076293945,42.599998474121094,40.29999923706055,42.400001525878906,25523340
2021-10-20,38.062767028808594,40.20000076293945,43.349998474121094,39.900001525878906,43.0,16652460
2021-10-21,36.59517288208008,38.650001525878906,41.900001525878906,38.29999923706055,41.099998474121094,4007288
2021-10-22,38.3941535949707,40.54999923706055,40.54999923706055,39.5,40.54999923706055,6048257
2021-10-25,37.5420036315918,39.650001525878906,42.0,38.95000076293945,41.099998474121094,4290863
2021-10-26,37.826053619384766,39.95000076293945,41.20000076293945,39.650001525878906,39.900001525878906,1628215
2021-10-27,37.115928649902344,39.20000076293945,40.45000076293945,38.75,40.349998474121094,3427509
2021-10-28,35.97875213623047,37.650001525878906,39.349998474121094,37.400001525878906,39.20000076293945,2209855
2021-10-29,36.26543426513672,37.95000076293945,39.0,35.79999923706055,37.75,2451983
2021-11-01,38.03330993652344,39.79999923706055,39.79999923706055,38.849998474121094,39.0,3484064
2021-11-02,38.36777877807617,40.150001525878906,41.29999923706055,39.70000076293945,40.79999923706055,1616514
2021-11-03,36.88657760620117,38.599998474121094,40.54999923706055,38.150001525878906,40.45000076293945,4903915
2021-11-04,37.93775177001953,39.70000076293945,39.849998474121094,39.0,39.45000076293945,2081143
2021-11-08,38.081092834472656,39.849998474121094,40.45000076293945,39.29999923706055,40.45000076293945,3746645
2021-11-09,38.36777877807617,40.150001525878906,41.099998474121094,39.54999923706055,40.150001525878906,3701119
2021-11-10,38.17665481567383,39.95000076293945,40.400001525878906,39.70000076293945,40.0,2499095
2021-11-11,37.88997268676758,39.650001525878906,40.20000076293945,39.599998474121094,40.0,2678045
2021-11-12,37.88997268676758,39.650001525878906,40.099998474121094,39.599998474121094,39.70000076293945,2157344
2021-11-15,37.31660461425781,39.04999923706055,40.0,38.79999923706055,40.0,3165753
2021-11-16,39.180049896240234,41.0,41.0,38.5,39.099998474121094,8355763
2021-11-17,41.13904571533203,43.04999923706055,43.04999923706055,41.650001525878906,41.900001525878906,7097406
2021-11-18,43.1936149597168,45.20000076293945,45.20000076293945,42.099998474121094,44.79999923706055,12635030
2021-11-22,45.34373474121094,47.45000076293945,47.45000076293945,43.0,45.0,17660890
2021-11-23,47.58941650390625,49.79999923706055,49.79999923706055,48.150001525878906,49.75,4386675
2021-11-24,49.930667877197266,52.25,52.25,51.599998474121094,52.25,3953833
2021-11-25,52.41525650024414,54.849998474121094,54.849998474121094,53.349998474121094,54.20000076293945,3427077
2021-11-26,54.99540328979492,57.54999923706055,57.54999923706055,55.0,56.900001525878906,15455480
2021-11-29,52.271915435791016,54.70000076293945,59.900001525878906,54.70000076293945,57.900001525878906,4367462
2021-11-30,49.691768646240234,52.0,52.0,52.0,52.0,3663177
2021-12-01,47.20718002319336,49.400001525878906,51.29999923706055,49.400001525878906,50.099998474121094,8036354
2021-12-02,44.865928649902344,46.95000076293945,47.75,46.95000076293945,47.150001525878906,1662347
2021-12-03,42.66802978515625,44.650001525878906,44.650001525878906,44.650001525878906,44.650001525878906,1134800
2021-12-06,44.77036666870117,46.849998474121094,46.849998474121094,45.04999923706055,45.04999923706055,2176486
2021-12-07,46.96827697753906,49.150001525878906,49.150001525878906,49.150001525878906,49.150001525878906,528842
2021-12-08,49.30952453613281,51.599998474121094,51.599998474121094,51.599998474121094,51.599998474121094,554778
2021-12-09,51.74633026123047,54.150001525878906,54.150001525878906,53.04999923706055,53.70000076293945,5898325
2021-12-10,52.271915435791016,54.70000076293945,56.849998474121094,52.04999923706055,56.70000076293945,16779570
2021-12-13,52.128570556640625,54.54999923706055,57.29999923706055,53.79999923706055,55.0,7223314
2021-12-14,50.16957092285156,52.5,55.04999923706055,52.099998474121094,54.849998474121094,5532865
2021-12-15,52.65415954589844,55.099998474121094,55.099998474121094,51.5,51.79999923706055,3258498
2021-12-16,54.70872116088867,57.25,57.849998474121094,54.5,57.349998474121094,10669890
2021-12-17,52.41525650024414,54.849998474121094,58.70000076293945,54.400001525878906,58.20000076293945,2978472
2021-12-20,49.83510971069336,52.150001525878906,53.0,52.150001525878906,52.349998474121094,1450158
2021-12-21,48.497249603271484,50.75,54.54999923706055,49.79999923706055,50.0,7996499
2021-12-22,50.88628005981445,53.25,53.25,51.5,51.5,4570237
2021-12-23,50.79072189331055,53.150001525878906,54.5,52.5,54.5,2932801
2021-12-24,49.78732681274414,52.099998474121094,53.45000076293945,51.70000076293945,53.20000076293945,3011315
2021-12-27,49.070621490478516,51.349998474121094,52.099998474121094,49.849998474121094,52.099998474121094,2974005
2021-12-28,51.50742721557617,53.900001525878906,53.900001525878906,52.0,52.0,1565964
2021-12-29,50.79072189331055,53.150001525878906,55.5,53.0,54.79999923706055,4131133
2021-12-30,50.16957092285156,52.5,53.95000076293945,52.20000076293945,53.95000076293945,2543002
2021-12-31,50.98183822631836,53.349998474121094,55.099998474121094,52.54999923706055,52.900001525878906,7702421
2022-01-03,51.45964050292969,53.849998474121094,54.400001525878906,53.599998474121094,54.099998474121094,2907712
2022-01-04,50.838497161865234,53.20000076293945,54.79999923706055,52.599998474121094,54.400001525878906,1314197
2022-01-05,50.31291580200195,52.650001525878906,53.599998474121094,52.45000076293945,53.25,2491458
2022-01-06,50.50403594970703,52.849998474121094,54.0,51.099998474121094,52.45000076293945,1499539
2022-01-07,50.74293899536133,53.099998474121094,54.650001525878906,52.599998474121094,53.20000076293945,3710399
2022-01-10,51.029624938964844,53.400001525878906,53.95000076293945,53.150001525878906,53.70000076293945,2711246
2022-01-11,53.56199264526367,56.04999923706055,56.04999923706055,51.75,54.5,8458214
2022-01-12,56.237701416015625,58.849998474121094,58.849998474121094,57.5,58.599998474121094,5987815
2022-01-13,59.00897216796875,61.75,61.75,61.75,61.75,1036773
2022-01-14,61.923587799072266,64.80000305175781,64.80000305175781,63.79999923706055,64.80000305175781,2614175
2022-01-17,64.9815444946289,68.0,68.0,67.0,67.0,2641494
2022-01-18,61.732460021972656,64.5999984741211,70.9000015258789,64.5999984741211,70.9000015258789,9242487
2022-01-19,58.67450714111328,61.400001525878906,62.0,61.400001525878906,61.400001525878906,2249250
2022-01-20,61.58911895751953,64.44999694824219,64.44999694824219,58.650001525878906,58.650001525878906,4602554
2022-01-21,61.39799880981445,64.25,67.6500015258789,62.0,67.6500015258789,7214991
2022-01-24,58.34004211425781,61.04999923706055,64.44999694824219,61.04999923706055,63.900001525878906,1196439
2022-01-25,59.58233642578125,62.349998474121094,64.0999984741211,58.0,58.0,2026035
2022-01-27,58.292266845703125,61.0,61.79999923706055,59.25,61.79999923706055,2169416
2022-01-28,57.71889877319336,60.400001525878906,63.70000076293945,60.099998474121094,61.0,1100347
2022-01-31,58.19670486450195,60.900001525878906,63.25,60.0,63.20000076293945,1588499
2022-02-01,57.86223602294922,60.54999923706055,62.900001525878906,59.0,62.849998474121094,1583576
2022-02-02,58.14891815185547,60.849998474121094,61.900001525878906,60.099998474121094,60.54999923706055,1073256
2022-02-03,58.292266845703125,61.0,61.5,59.349998474121094,59.349998474121094,1109102
2022-02-04,59.48678207397461,62.25,63.75,60.150001525878906,61.54999923706055,726169
2022-02-07,58.91341018676758,61.650001525878906,63.400001525878906,60.79999923706055,63.400001525878906,585207
2022-02-08,57.71889877319336,60.400001525878906,62.29999923706055,58.599998474121094,61.95000076293945,1626779
2022-02-09,57.241092681884766,59.900001525878906,61.45000076293945,59.0,60.5,526970
2022-02-10,56.04658126831055,58.650001525878906,60.25,56.95000076293945,60.0,2569728
2022-02-11,54.37425994873047,56.900001525878906,58.0,56.0,57.0,814264
2022-02-15,54.2786979675293,56.79999923706055,56.79999923706055,51.400001525878906,51.400001525878906,3392512
2022-02-16,54.56538009643555,57.099998474121094,59.0,56.849998474121094,58.70000076293945,1535078
2022-02-17,52.46303939819336,54.900001525878906,58.400001525878906,54.5,58.400001525878906,596341
2022-02-18,50.69515609741211,53.04999923706055,54.75,52.25,52.25,1187823
2022-02-21,50.360694885253906,52.70000076293945,55.0,50.400001525878906,50.400001525878906,2705144
2022-02-22,48.688377380371094,50.95000076293945,51.95000076293945,50.099998474121094,50.25,865915
2022-02-23,50.45625305175781,52.79999923706055,53.400001525878906,51.0,51.0,1060095
2022-02-24,47.97166442871094,50.20000076293945,50.20000076293945,50.20000076293945,50.20000076293945,1116082
2022-02-25,48.019447326660156,50.25,51.900001525878906,47.70000076293945,47.70000076293945,3011435
2022-02-28,48.497249603271484,50.75,51.0,47.75,49.900001525878906,1753843
2022-03-02,47.97166442871094,50.20000076293945,50.95000076293945,48.29999923706055,49.29999923706055,1183126
2022-03-03,49.30952453613281,51.599998474121094,52.5,50.5,51.70000076293945,536811
2022-03-04,48.783935546875,51.04999923706055,52.0,50.0,51.599998474121094,457527
2022-03-07,46.442691802978516,48.599998474121094,50.0,48.5,49.0,840243
2022-03-08,47.73276138305664,49.95000076293945,50.20000076293945,48.599998474121094,49.349998474121094,390802
2022-03-09,50.074012756347656,52.400001525878906,52.400001525878906,50.0,52.400001525878906,514068
2022-03-10,52.55860137939453,55.0,55.0,55.0,55.0,144854
2022-03-11,53.036407470703125,55.5,57.0,52.45000076293945,55.900001525878906,901686
2022-03-14,52.84528350830078,55.29999923706055,57.0,54.0,56.20000076293945,1083275
2022-03-15,52.08079147338867,54.5,56.900001525878906,53.79999923706055,56.900001525878906,380025
2022-03-16,51.74633026123047,54.150001525878906,55.70000076293945,53.650001525878906,53.650001525878906,703017
2022-03-17,51.79411315917969,54.20000076293945,56.0,52.150001525878906,54.20000076293945,597797
2022-03-21,50.55181884765625,52.900001525878906,53.900001525878906,52.5,53.5,508177
2022-03-22,50.40847396850586,52.75,53.45000076293945,51.400001525878906,52.150001525878906,840151
2022-03-23,50.360694885253906,52.70000076293945,53.25,52.400001525878906,53.25,324701
2022-03-24,49.643985748291016,51.95000076293945,52.70000076293945,51.650001525878906,51.650001525878906,708070
2022-03-25,49.930667877197266,52.25,53.0,52.0,52.0,276043
2022-03-28,48.879493713378906,51.150001525878906,52.5,50.75,51.900001525878906,989351
2022-03-29,48.401695251464844,50.650001525878906,52.400001525878906,50.20000076293945,52.0,532307
2022-03-30,50.79072189331055,53.150001525878906,53.150001525878906,51.0,52.0,205402
2022-03-31,50.79072189331055,53.150001525878906,54.95000076293945,52.04999923706055,54.900001525878906,547426
2022-04-01,51.316307067871094,53.70000076293945,54.25,52.75,54.25,318577
2022-04-04,51.69854736328125,54.099998474121094,55.0,53.5,54.79999923706055,544806
2022-04-05,51.26852798461914,53.650001525878906,54.45000076293945,53.0,54.400001525878906,1011600
2022-04-06,53.8008918762207,56.29999923706055,56.29999923706055,52.75,54.349998474121094,533852
2022-04-07,53.13196563720703,55.599998474121094,57.900001525878906,54.5,57.20000076293945,793806
2022-04-08,54.08757400512695,56.599998474121094,57.0,55.04999923706055,56.0,409611
2022-04-11,53.51420974731445,56.0,58.0,55.75,56.900001525878906,1163329
2022-04-12,52.606380462646484,55.04999923706055,56.0,54.099998474121094,54.54999923706055,303680
2022-04-13,52.41525650024414,54.849998474121094,55.5,53.29999923706055,55.04999923706055,712078
2022-04-18,52.606380462646484,55.04999923706055,57.0,54.95000076293945,56.29999923706055,616146
2022-04-19,51.22073745727539,53.599998474121094,55.5,53.0,55.5,429308
2022-04-20,50.59959411621094,52.95000076293945,54.400001525878906,52.70000076293945,54.400001525878906,311178
2022-04-21,53.08418655395508,55.54999923706055,55.54999923706055,53.0,53.0,1398612
2022-04-22,51.88966751098633,54.29999923706055,55.45000076293945,53.04999923706055,55.45000076293945,810909
2022-04-25,50.647377014160156,53.0,54.0,52.849998474121094,53.900001525878906,1341422
2022-04-26,50.360694885253906,52.70000076293945,53.599998474121094,52.349998474121094,53.20000076293945,570087
2022-04-27,50.838497161865234,53.20000076293945,54.900001525878906,51.70000076293945,52.29999923706055,1836853
2022-04-28,50.360694885253906,52.70000076293945,54.400001525878906,52.099998474121094,54.400001525878906,411311
2022-04-29,49.83510971069336,52.150001525878906,53.45000076293945,52.0,52.70000076293945,1102988
2022-05-04,47.73276138305664,49.95000076293945,52.20000076293945,49.70000076293945,52.20000076293945,842377
2022-05-05,48.497249603271484,50.75,52.349998474121094,50.20000076293945,50.849998474121094,1161439
2022-05-06,47.92388916015625,50.150001525878906,50.45000076293945,49.0,49.0,1091984
2022-05-09,46.53824996948242,48.70000076293945,50.25,48.0,50.04999923706055,1698556
2022-05-10,48.25834655761719,50.5,51.099998474121094,48.599998474121094,48.599998474121094,632121
2022-05-11,46.012664794921875,48.150001525878906,52.20000076293945,48.0,51.25,2209943
2022-05-12,43.719200134277344,45.75,48.0,45.75,48.0,798110
2022-05-13,44.19700241088867,46.25,47.95000076293945,44.900001525878906,45.29999923706055,851302
2022-05-16,44.77036666870117,46.849998474121094,47.599998474121094,46.099998474121094,47.25,1009376
2022-05-17,46.96827697753906,49.150001525878906,49.150001525878906,47.099998474121094,47.099998474121094,1249757
2022-05-18,47.302738189697266,49.5,50.849998474121094,49.04999923706055,49.75,1805586
2022-05-19,45.77376174926758,47.900001525878906,48.5,47.400001525878906,47.900001525878906,471258
2022-05-20,46.3949089050293,48.54999923706055,49.5,48.29999923706055,49.400001525878906,805662
2022-05-23,45.72597885131836,47.849998474121094,49.5,47.75,48.900001525878906,826436
2022-05-24,45.15261459350586,47.25,48.45000076293945,47.099998474121094,48.45000076293945,792502
2022-05-25,43.62363815307617,45.650001525878906,47.79999923706055,45.5,47.54999923706055,1095652
2022-05-26,42.620243072509766,44.599998474121094,46.20000076293945,43.400001525878906,46.0,1973785
2022-05-27,43.7669792175293,45.79999923706055,46.20000076293945,44.849998474121094,45.25,374004
2022-05-30,45.91710662841797,48.04999923706055,48.04999923706055,46.04999923706055,46.70000076293945,1095094
2022-05-31,45.67820358276367,47.79999923706055,49.349998474121094,47.0,48.04999923706055,1950150
2022-06-01,45.10483169555664,47.20000076293945,48.79999923706055,46.75,48.79999923706055,966624
2022-06-02,44.77036666870117,46.849998474121094,47.75,46.54999923706055,47.25,439485
2022-06-03,44.101444244384766,46.150001525878906,48.0,46.0,47.599998474121094,969420
2022-06-06,43.528076171875,45.54999923706055,46.95000076293945,45.0,46.099998474121094,907637
2022-06-07,43.09804916381836,45.099998474121094,45.45000076293945,44.599998474121094,44.900001525878906,972790
2022-06-08,42.71581268310547,44.70000076293945,45.75,44.650001525878906,45.150001525878906,913285
2022-06-09,40.99570846557617,42.900001525878906,44.650001525878906,42.5,44.650001525878906,1939723
2022-06-10,41.13904571533203,43.04999923706055,44.0,41.400001525878906,42.5,1382500
2022-06-13,39.37117004394531,41.20000076293945,42.29999923706055,40.900001525878906,42.0,2404738
2022-06-14,39.27560806274414,41.099998474121094,42.45000076293945,40.150001525878906,40.900001525878906,1356521
2022-06-15,38.558895111083984,40.349998474121094,41.900001525878906,40.099998474121094,41.04999923706055,1539618
2022-06-16,36.74323654174805,38.45000076293945,41.70000076293945,38.349998474121094,41.400001525878906,2796709
2022-06-17,34.927574157714844,36.54999923706055,37.45000076293945,36.54999923706055,36.70000076293945,3507592
2022-06-20,33.207481384277344,34.75,36.0,34.75,35.25,1577436
2022-06-21,34.83201599121094,36.45000076293945,36.45000076293945,33.04999923706055,33.400001525878906,3116035
2022-06-22,36.31321716308594,38.0,38.25,36.5,36.900001525878906,3157039
2022-06-23,36.69546127319336,38.400001525878906,39.599998474121094,36.849998474121094,38.70000076293945,1132353
2022-06-24,35.644287109375,37.29999923706055,39.25,37.150001525878906,38.599998474121094,1483059
2022-06-27,36.31321716308594,38.0,38.599998474121094,37.599998474121094,38.25,1437171
2022-06-28,36.791019439697266,38.5,39.099998474121094,37.349998474121094,38.0,935361
2022-06-29,37.268821716308594,39.0,40.20000076293945,37.79999923706055,38.25,1394797
2022-06-30,36.98214340209961,38.70000076293945,39.79999923706055,37.95000076293945,39.0,1015946
2022-07-01,36.408775329589844,38.099998474121094,38.75,37.650001525878906,38.45000076293945,820802
2022-07-04,36.59989929199219,38.29999923706055,38.849998474121094,38.0,38.849998474121094,285178
2022-07-05,37.31660461425781,39.04999923706055,40.099998474121094,38.25,38.650001525878906,1598016
2022-07-06,37.07770538330078,38.79999923706055,39.75,38.5,39.5,767636
2022-07-07,36.934364318847656,38.650001525878906,39.400001525878906,38.349998474121094,38.900001525878906,814843
2022-07-08,37.12548065185547,38.849998474121094,39.20000076293945,38.650001525878906,39.20000076293945,637341
2022-07-11,36.98214340209961,38.70000076293945,39.349998474121094,38.5,39.04999923706055,694817
2022-07-12,36.07431411743164,37.75,38.0,37.54999923706055,37.79999923706055,1070656
2022-07-13,35.50094985961914,37.150001525878906,37.900001525878906,37.04999923706055,37.900001525878906,1001044
2022-07-14,34.54533386230469,36.150001525878906,37.20000076293945,35.75,37.150001525878906,1762001
2022-07-15,34.593116760253906,36.20000076293945,36.54999923706055,35.79999923706055,36.45000076293945,959867
2022-07-18,36.31321716308594,38.0,38.0,35.5,35.5,1223998
2022-07-19,38.128875732421875,39.900001525878906,39.900001525878906,38.29999923706055,38.54999923706055,1054646
2022-07-20,39.992313385009766,41.849998474121094,41.849998474121094,40.70000076293945,41.099998474121094,1740470
2022-07-21,39.22782897949219,41.04999923706055,43.75,40.349998474121094,43.5,4088585
2022-07-22,38.128875732421875,39.900001525878906,41.849998474121094,39.650001525878906,41.5,1678058
2022-07-25,36.934364318847656,38.650001525878906,39.150001525878906,38.0,39.04999923706055,1589650
2022-07-26,37.50772476196289,39.25,40.29999923706055,38.54999923706055,38.599998474121094,1344497
2022-07-27,36.791019439697266,38.5,39.45000076293945,38.29999923706055,39.25,1177144
2022-07-28,36.26543426513672,37.95000076293945,38.79999923706055,37.5,38.5,2219279
2022-07-29,37.93775177001953,39.70000076293945,39.79999923706055,38.400001525878906,38.400001525878906,2598014
2022-08-01,37.88997268676758,39.650001525878906,40.70000076293945,39.29999923706055,40.04999923706055,2456626
2022-08-02,38.702239990234375,40.5,41.150001525878906,39.5,39.5,2600463
2022-08-03,38.36777877807617,40.150001525878906,40.45000076293945,39.25,40.29999923706055,1345152
2022-08-04,39.27560806274414,41.099998474121094,41.5,39.0,40.20000076293945,3284482
2022-08-05,38.46333694458008,40.25,42.0,40.04999923706055,41.70000076293945,2307374
2022-08-08,37.985530853271484,39.75,40.849998474121094,39.599998474121094,40.349998474121094,1545733
2022-08-10,36.360992431640625,38.04999923706055,38.400001525878906,34.95000076293945,36.099998474121094,4973119
2022-08-11,35.69206619262695,37.349998474121094,38.25,37.04999923706055,37.849998474121094,2271451
2022-08-12,35.88318634033203,37.54999923706055,38.70000076293945,36.95000076293945,37.20000076293945,1797541
2022-08-16,35.59650802612305,37.25,38.0,37.099998474121094,37.5,1027084
2022-08-17,36.408775329589844,38.099998474121094,38.79999923706055,37.400001525878906,37.79999923706055,3068759
2022-08-18,36.756072998046875,38.099998474121094,38.400001525878906,37.849998474121094,38.20000076293945,1899170
2022-08-19,37.04549789428711,38.400001525878906,39.70000076293945,37.79999923706055,38.400001525878906,4688412
2022-08-22,36.273712158203125,37.599998474121094,38.400001525878906,37.5,38.400001525878906,1956011
2022-08-23,35.59840774536133,36.900001525878906,38.150001525878906,36.599998474121094,37.150001525878906,2046917
2022-08-24,35.26074981689453,36.54999923706055,37.20000076293945,36.5,36.900001525878906,1860307
2022-08-25,35.45369338989258,36.75,37.349998474121094,36.650001525878906,36.70000076293945,1789678
2022-08-26,35.69487762451172,37.0,37.349998474121094,36.849998474121094,37.20000076293945,1991211
2022-08-29,34.826622009277344,36.099998474121094,36.599998474121094,35.54999923706055,35.54999923706055,2960678
2022-08-30,35.405460357666016,36.70000076293945,37.900001525878906,36.150001525878906,36.150001525878906,3378855
2022-09-01,35.550167083740234,36.849998474121094,37.5,36.45000076293945,36.70000076293945,2163656
2022-09-02,38.34787368774414,39.75,40.349998474121094,37.0,37.400001525878906,6349340
2022-09-05,39.50554656982422,40.95000076293945,41.849998474121094,40.0,40.349998474121094,8923627
2022-09-06,38.733768463134766,40.150001525878906,41.70000076293945,39.79999923706055,41.45000076293945,3525743
2022-09-07,38.106689453125,39.5,40.150001525878906,39.400001525878906,40.099998474121094,1453302
2022-09-08,38.782005310058594,40.20000076293945,40.79999923706055,39.70000076293945,39.79999923706055,3150219
2022-09-09,38.34787368774414,39.75,40.70000076293945,39.5,40.45000076293945,1017079
2022-09-12,38.29964065551758,39.70000076293945,40.25,39.650001525878906,39.650001525878906,1979923
2022-09-13,38.4443473815918,39.849998474121094,40.5,39.70000076293945,39.79999923706055,2166140
2022-09-14,38.010223388671875,39.400001525878906,40.04999923706055,39.0,39.099998474121094,2410468
2022-09-15,38.0584602355957,39.45000076293945,40.29999923706055,39.25,39.54999923706055,2205500
2022-09-16,36.756072998046875,38.099998474121094,39.599998474121094,37.79999923706055,39.45000076293945,2586301
2022-09-19,36.563133239746094,37.900001525878906,38.54999923706055,37.54999923706055,38.04999923706055,4853654
2022-09-20,36.756072998046875,38.099998474121094,38.54999923706055,38.0,38.25,1324355
2022-09-21,36.37018966674805,37.70000076293945,38.45000076293945,37.45000076293945,38.099998474121094,1758849
2022-09-22,36.514892578125,37.849998474121094,38.20000076293945,37.45000076293945,37.599998474121094,1417599
2022-09-23,36.32195281982422,37.650001525878906,38.650001525878906,37.400001525878906,38.5,936084
2022-09-26,35.35722351074219,36.650001525878906,37.349998474121094,35.900001525878906,37.150001525878906,2560020
2022-09-27,35.308990478515625,36.599998474121094,37.25,36.0,37.04999923706055,1275492
2022-09-28,34.681915283203125,35.95000076293945,36.5,35.54999923706055,36.400001525878906,1289889
2022-09-29,34.826622009277344,36.099998474121094,36.54999923706055,35.79999923706055,36.400001525878906,1100630
2022-09-30,35.16427993774414,36.45000076293945,36.70000076293945,35.599998474121094,35.599998474121094,1459099
2022-10-03,34.826622009277344,36.099998474121094,36.650001525878906,36.0,36.349998474121094,1303138
2022-10-04,35.405460357666016,36.70000076293945,37.0,36.400001525878906,36.400001525878906,434431
2022-10-06,36.129005432128906,37.45000076293945,37.650001525878906,36.900001525878906,37.099998474121094,1311297
2022-10-07,36.80431365966797,38.150001525878906,38.650001525878906,37.04999923706055,37.45000076293945,1878820
2022-10-10,36.032527923583984,37.349998474121094,37.900001525878906,37.29999923706055,37.900001525878906,583668
2022-10-11,35.45369338989258,36.75,37.70000076293945,36.150001525878906,37.099998474121094,7703940
2022-10-12,35.26074981689453,36.54999923706055,37.0,36.25,36.95000076293945,746768
2022-10-13,34.77838897705078,36.04999923706055,36.70000076293945,36.0,36.5,1082868
2022-10-14,34.97133255004883,36.25,36.849998474121094,36.099998474121094,36.75,918865
2022-10-17,34.63368225097656,35.900001525878906,36.25,35.75,36.04999923706055,1037957
2022-10-18,34.34425735473633,35.599998474121094,36.5,35.5,36.5,1546338
2022-10-19,33.81365966796875,35.04999923706055,35.599998474121094,34.29999923706055,34.29999923706055,1647112
2022-10-20,33.958370208740234,35.20000076293945,35.5,34.25,34.95000076293945,1903427
2022-10-21,33.86189651489258,35.099998474121094,35.75,35.0,35.349998474121094,1160153
2022-10-24,34.58544158935547,35.849998474121094,36.0,35.650001525878906,35.650001525878906,692792
2022-10-25,34.15131759643555,35.400001525878906,35.75,35.20000076293945,35.650001525878906,879724
2022-10-27,34.63368225097656,35.900001525878906,36.349998474121094,35.70000076293945,35.70000076293945,1681463
2022-10-28,34.10307693481445,35.349998474121094,35.95000076293945,35.25,35.95000076293945,1051571
2022-10-31,34.00660705566406,35.25,35.650001525878906,35.150001525878906,35.400001525878906,929541
2022-11-01,33.91013717651367,35.150001525878906,35.5,35.099998474121094,35.20000076293945,1161805
2022-11-02,34.05484390258789,35.29999923706055,35.45000076293945,35.099998474121094,35.099998474121094,431952
2022-11-03,34.00660705566406,35.25,35.650001525878906,35.099998474121094,35.150001525878906,852039
2022-11-04,34.19955062866211,35.45000076293945,35.54999923706055,35.20000076293945,35.20000076293945,1188625
2022-11-07,36.032527923583984,37.349998474121094,37.70000076293945,35.599998474121094,35.79999923706055,3790160
2022-11-09,37.383148193359375,38.75,39.20000076293945,37.70000076293945,37.900001525878906,5151440
2022-11-10,36.46665573120117,37.79999923706055,39.20000076293945,37.54999923706055,39.0,1122996
2022-11-11,35.93606185913086,37.25,38.70000076293945,36.900001525878906,38.54999923706055,1966897
2022-11-14,34.19955062866211,35.45000076293945,35.70000076293945,30.700000762939453,30.700000762939453,9454825
2022-11-15,34.39249801635742,35.650001525878906,36.349998474121094,35.04999923706055,35.04999923706055,2111897
2022-11-16,33.86189651489258,35.099998474121094,36.0,35.04999923706055,36.0,2259049
2022-11-17,33.76542663574219,35.0,35.29999923706055,34.849998474121094,35.099998474121094,1377526
2022-11-18,33.47600555419922,34.70000076293945,35.20000076293945,34.54999923706055,35.0,1644478
2022-11-21,32.99364471435547,34.20000076293945,34.849998474121094,34.150001525878906,34.70000076293945,752583
2022-11-22,32.848934173583984,34.04999923706055,34.29999923706055,33.900001525878906,34.04999923706055,1196863
2022-11-23,32.848934173583984,34.04999923706055,34.29999923706055,34.0,34.04999923706055,1064599
2022-11-24,33.0418815612793,34.25,34.5,34.099998474121094,34.099998474121094,1137357
2022-11-25,33.66895294189453,34.900001525878906,35.20000076293945,34.20000076293945,34.20000076293945,1431322
2022-11-28,33.91013717651367,35.150001525878906,35.79999923706055,34.79999923706055,34.79999923706055,1689881
2022-11-29,33.91013717651367,35.150001525878906,35.45000076293945,35.099998474121094,35.150001525878906,891390
2022-11-30,34.05484390258789,35.29999923706055,35.5,35.04999923706055,35.150001525878906,1208217
2022-12-01,34.87486267089844,36.150001525878906,36.70000076293945,35.099998474121094,35.349998474121094,1330141
2022-12-02,36.2254753112793,37.54999923706055,37.900001525878906,36.5,36.5,5537984
2022-12-05,36.41842269897461,37.75,38.70000076293945,37.45000076293945,37.95000076293945,3293114
2022-12-06,35.59840774536133,36.900001525878906,37.70000076293945,36.75,37.400001525878906,1720218
2022-12-07,35.01956558227539,36.29999923706055,37.150001525878906,36.099998474121094,37.04999923706055,1438951
2022-12-08,35.59840774536133,36.900001525878906,37.099998474121094,36.0,36.0,1271807
2022-12-09,34.97133255004883,36.25,37.349998474121094,36.0,37.150001525878906,1227367
2022-12-12,35.35722351074219,36.650001525878906,37.099998474121094,36.29999923706055,36.400001525878906,1386462
2022-12-13,35.01956558227539,36.29999923706055,36.95000076293945,36.20000076293945,36.70000076293945,1013067
2022-12-14,34.923099517822266,36.20000076293945,36.650001525878906,36.099998474121094,36.29999923706055,1044077
2022-12-15,35.01956558227539,36.29999923706055,36.599998474121094,36.099998474121094,36.349998474121094,1315860
2022-12-16,34.73014831542969,36.0,36.599998474121094,35.79999923706055,36.099998474121094,1252008
2022-12-19,33.81365966796875,35.04999923706055,36.25,34.95000076293945,36.099998474121094,1969684
2022-12-20,33.427772521972656,34.650001525878906,35.5,34.45000076293945,35.0,1729917
2022-12-21,32.848934173583984,34.04999923706055,35.04999923706055,34.0,34.900001525878906,2019807
2022-12-22,31.787738800048828,32.95000076293945,34.45000076293945,32.54999923706055,34.0,3404676
2022-12-23,30.00299072265625,31.100000381469727,32.349998474121094,31.0,31.799999237060547,1811338
2022-12-26,32.31833267211914,33.5,33.900001525878906,30.450000762939453,30.5,3533884
2022-12-27,33.47600555419922,34.70000076293945,35.099998474121094,33.599998474121094,34.20000076293945,2511718
2022-12-28,33.13835144042969,34.349998474121094,35.0,33.95000076293945,35.0,592958
2022-12-29,32.704227447509766,33.900001525878906,34.20000076293945,33.599998474121094,34.20000076293945,855472
2022-12-30,33.0418815612793,34.25,34.70000076293945,34.099998474121094,34.20000076293945,830844
2023-01-02,33.186588287353516,34.400001525878906,34.650001525878906,34.25,34.349998474121094,1088574
2023-01-03,33.23482894897461,34.45000076293945,34.599998474121094,34.29999923706055,34.400001525878906,481704
2023-01-04,32.80070114135742,34.0,34.599998474121094,33.70000076293945,34.45000076293945,885424
2023-01-05,32.848934173583984,34.04999923706055,34.400001525878906,33.900001525878906,34.29999923706055,693192
2023-01-06,32.46304702758789,33.650001525878906,34.0,33.54999923706055,33.849998474121094,695567
2023-01-09,32.46304702758789,33.650001525878906,34.400001525878906,33.25,33.75,377964
2023-01-10,32.55951690673828,33.75,34.400001525878906,33.5,33.650001525878906,1081700
2023-01-11,32.607749938964844,33.79999923706055,34.099998474121094,33.650001525878906,33.75,845853
2023-01-12,32.46304702758789,33.650001525878906,33.95000076293945,33.599998474121094,33.79999923706055,643686
2023-01-13,32.55951690673828,33.75,33.900001525878906,33.54999923706055,33.70000076293945,554920
2023-01-16,32.46304702758789,33.650001525878906,34.099998474121094,33.5,33.849998474121094,904541
2023-01-17,32.36656951904297,33.54999923706055,33.75,33.5,33.650001525878906,617784
2023-01-18,32.221866607666016,33.400001525878906,33.599998474121094,33.349998474121094,33.54999923706055,730629
2023-01-19,32.27009963989258,33.45000076293945,33.79999923706055,33.29999923706055,33.349998474121094,715621
2023-01-20,31.69126319885254,32.849998474121094,33.650001525878906,32.75,33.400001525878906,927684
2023-01-23,31.69126319885254,32.849998474121094,33.150001525878906,32.70000076293945,32.849998474121094,894103
2023-01-24,31.739501953125,32.900001525878906,33.20000076293945,32.79999923706055,32.900001525878906,782312
2023-01-25,31.401845932006836,32.54999923706055,33.04999923706055,32.45000076293945,32.900001525878906,895862
2023-01-27,30.967716217041016,32.099998474121094,32.75,31.75,32.54999923706055,1453768
2023-01-30,30.678300857543945,31.799999237060547,32.5,31.299999237060547,31.600000381469727,1430588
2023-01-31,33.23482894897461,34.45000076293945,34.54999923706055,32.04999923706055,32.099998474121094,4770679
2023-02-01,31.787738800048828,32.95000076293945,35.0,32.5,34.79999923706055,2200562
2023-02-02,31.980682373046875,33.150001525878906,34.20000076293945,32.400001525878906,33.0,914719
2023-02-03,31.546554565429688,32.70000076293945,33.54999923706055,32.5,33.400001525878906,1077207
2023-02-06,31.257139205932617,32.400001525878906,33.04999923706055,32.29999923706055,32.75,1125736
2023-02-07,30.967716217041016,32.099998474121094,32.54999923706055,32.0,32.349998474121094,1243321
2023-02-08,30.967716217041016,32.099998474121094,32.29999923706055,31.899999618530273,32.099998474121094,1217125
2023-02-09,30.967716217041016,32.099998474121094,32.150001525878906,31.75,32.0,927571
2023-02-10,30.967716217041016,32.099998474121094,32.54999923706055,31.799999237060547,32.0,1506981
2023-02-13,30.726537704467773,31.850000381469727,32.29999923706055,31.75,32.04999923706055,1308921
2023-02-14,30.485355377197266,31.600000381469727,32.0,31.5,31.850000381469727,961137
2023-02-15,30.678300857543945,31.799999237060547,31.950000762939453,31.399999618530273,31.549999237060547,954789
2023-02-16,30.678300857543945,31.799999237060547,32.04999923706055,31.700000762939453,31.950000762939453,935278
2023-02-17,30.581829071044922,31.700000762939453,32.099998474121094,31.549999237060547,31.75,795398
2023-02-20,30.91948127746582,32.04999923706055,32.5,31.450000762939453,31.600000381469727,1579437
2023-02-21,30.437118530273438,31.549999237060547,32.0,31.399999618530273,31.75,1055180
2023-02-22,30.05122947692871,31.149999618530273,31.549999237060547,31.049999237060547,31.350000381469727,950172
2023-02-23,30.00299072265625,31.100000381469727,31.399999618530273,31.049999237060547,31.149999618530273,774345
2023-02-24,29.66533851623535,30.75,31.299999237060547,30.700000762939453,31.100000381469727,908662
2023-02-27,28.79708480834961,29.850000381469727,30.75,29.600000381469727,30.700000762939453,1767896
2023-02-28,29.279447555541992,30.350000381469727,30.649999618530273,29.350000381469727,29.799999237060547,1467095
2023-03-01,30.060876846313477,31.15999984741211,31.600000381469727,30.40999984741211,30.40999984741211,1575646
2023-03-02,29.85828399658203,30.950000762939453,31.350000381469727,30.899999618530273,31.15999984741211,1054062
2023-03-03,29.23120880126953,30.299999237060547,31.229999542236328,30.15999984741211,31.010000228881836,1737217
2023-03-06,29.250505447387695,30.31999969482422,30.549999237060547,30.1200008392334,30.34000015258789,2152082
2023-03-08,30.234525680541992,31.34000015258789,31.56999969482422,30.059999465942383,30.139999389648438,2446513
2023-03-09,29.70392608642578,30.790000915527344,31.81999969482422,30.610000610351562,31.5,989767
2023-03-10,29.597808837890625,30.68000030517578,30.899999618530273,30.239999771118164,30.260000228881836,1498478
2023-03-13,28.922496795654297,29.979999542236328,30.829999923706055,29.899999618530273,30.559999465942383,889767
2023-03-14,28.60413932800293,29.649999618530273,30.030000686645508,29.350000381469727,29.899999618530273,1082843
2023-03-15,28.51731300354004,29.559999465942383,30.100000381469727,29.5,29.719999313354492,1319970
2023-03-16,27.58152961730957,28.59000015258789,29.530000686645508,28.43000030517578,29.420000076293945,2266248
2023-03-17,27.63941192626953,28.649999618530273,29.209999084472656,28.5,28.610000610351562,1517512
2023-03-20,27.041282653808594,28.030000686645508,28.950000762939453,27.920000076293945,28.149999618530273,1785369
2023-03-21,26.317737579345703,27.280000686645508,28.25,26.950000762939453,28.100000381469727,1875238
2023-03-22,26.915868759155273,27.899999618530273,29.299999237060547,26.75,27.040000915527344,8994066
2023-03-23,26.665037155151367,27.639999389648438,28.25,27.530000686645508,28.059999465942383,2252757
2023-03-24,26.124792098999023,27.079999923706055,27.899999618530273,27.010000228881836,27.639999389648438,1445561
2023-03-27,24.42687225341797,25.31999969482422,27.200000762939453,25.100000381469727,27.020000457763672,3908864
2023-03-28,24.822410583496094,25.729999542236328,26.850000381469727,25.100000381469727,25.790000915527344,4410462
2023-03-29,25.333715438842773,26.260000228881836,26.540000915527344,25.540000915527344,25.989999771118164,2754053
2023-03-31,26.954456329345703,27.940000534057617,28.139999389648438,26.260000228881836,26.530000686645508,6271454
2023-04-03,27.157047271728516,28.149999618530273,29.010000228881836,27.860000610351562,28.559999465942383,2464161
2023-04-05,27.77447509765625,28.790000915527344,28.979999542236328,27.889999389648438,28.299999237060547,2040754
2023-04-06,28.546253204345703,29.59000015258789,29.959999084472656,28.350000381469727,28.850000381469727,2918746
2023-04-10,28.71025848388672,29.760000228881836,30.239999771118164,29.43000030517578,29.979999542236328,2140134
2023-04-11,30.803714752197266,31.93000030517578,32.20000076293945,29.649999618530273,29.649999618530273,7323553
2023-04-12,31.257139205932617,32.400001525878906,33.38999938964844,32.099998474121094,32.5,3864285
2023-04-13,30.321352005004883,31.43000030517578,32.54999923706055,31.0,32.54999923706055,2970321
2023-04-17,29.867929458618164,30.959999084472656,31.420000076293945,30.399999618530273,31.399999618530273,1941949
2023-04-18,30.292409896850586,31.399999618530273,31.700000762939453,31.010000228881836,31.010000228881836,1676340
2023-04-19,29.964401245117188,31.059999465942383,31.579999923706055,30.950000762939453,31.5,1318588
2023-04-20,29.974050521850586,31.06999969482422,31.350000381469727,30.950000762939453,31.010000228881836,1345974
2023-04-21,29.5206298828125,30.600000381469727,31.06999969482422,30.399999618530273,31.0,1175746
2023-04-24,29.636394500732422,30.719999313354492,31.059999465942383,30.489999771118164,30.920000076293945,1385267
2023-04-25,29.530277252197266,30.610000610351562,30.950000762939453,30.420000076293945,30.719999313354492,1257389
2023-04-26,29.318035125732422,30.389999389648438,31.100000381469727,30.290000915527344,30.459999084472656,1133771
2023-04-27,30.031932830810547,31.1299991607666,31.280000686645508,30.350000381469727,30.350000381469727,969010
2023-04-28,29.993343353271484,31.09000015258789,31.450000762939453,31.010000228881836,31.209999084472656,1129638
2023-05-02,31.26678466796875,32.40999984741211,32.689998626708984,31.18000030517578,31.239999771118164,2410139
2023-05-03,31.006305694580078,32.13999938964844,32.45000076293945,31.860000610351562,32.150001525878906,1116845
2023-05-04,31.57549285888672,32.72999954223633,33.0,32.060001373291016,32.13999938964844,1012770
2023-05-05,30.977365493774414,32.11000061035156,32.72999954223633,32.0099983215332,32.72999954223633,1122899
2023-05-08,31.257139205932617,32.400001525878906,32.75,32.099998474121094,32.119998931884766,1594661
2023-05-09,30.774770736694336,31.899999618530273,32.7400016784668,31.649999618530273,32.40999984741211,1468956
2023-05-10,30.92913055419922,32.060001373291016,32.25,31.65999984741211,31.90999984741211,1721034
2023-05-11,30.967716217041016,32.099998474121094,32.38999938964844,32.029998779296875,32.209999084472656,1114507
2023-05-12,30.62041473388672,31.739999771118164,32.16999816894531,31.68000030517578,32.0099983215332,1045827
2023-05-15,31.51761245727539,32.66999816894531,33.0,31.81999969482422,31.81999969482422,940056
2023-05-16,33.968017578125,35.209999084472656,35.70000076293945,32.959999084472656,33.0,6089256
2023-05-17,33.90048599243164,35.13999938964844,36.849998474121094,34.75,35.849998474121094,7288833
2023-05-19,32.50162887573242,33.689998626708984,34.59000015258789,33.20000076293945,34.13999938964844,6587608
2023-05-22,33.16729736328125,34.380001068115234,34.58000183105469,33.47999954223633,33.70000076293945,3087272
2023-05-23,33.418121337890625,34.63999938964844,35.22999954223633,34.380001068115234,34.529998779296875,4017053
2023-05-24,33.49530029296875,34.720001220703125,34.97999954223633,34.47999954223633,34.65999984741211,2823351
2023-05-25,31.39219856262207,32.540000915527344,33.25,31.649999618530273,32.689998626708984,4979391
2023-05-26,31.151016235351562,32.290000915527344,32.93000030517578,32.15999984741211,32.599998474121094,3106266
2023-05-30,31.073837280273438,32.209999084472656,32.66999816894531,32.15999984741211,32.439998626708984,2873829
2023-05-31,31.48866844177246,32.63999938964844,32.79999923706055,32.0,32.209999084472656,1817561
2023-06-01,31.342348098754883,32.130001068115234,32.83000183105469,32.04999923706055,32.599998474121094,1714005
2023-06-02,31.51793670654297,32.310001373291016,32.650001525878906,32.25,32.33000183105469,621513
2023-06-05,33.146995544433594,33.97999954223633,34.47999954223633,32.470001220703125,32.5099983215332,6682640
2023-06-06,32.52268600463867,33.34000015258789,34.189998626708984,33.18000030517578,34.099998474121094,1623522
2023-06-07,32.76655578613281,33.59000015258789,33.79999923706055,33.349998474121094,33.72999954223633,1586123
2023-06-08,32.756805419921875,33.58000183105469,34.290000915527344,33.45000076293945,33.630001068115234,1909961
2023-06-09,32.58121871948242,33.400001525878906,34.040000915527344,33.310001373291016,33.709999084472656,1121858
2023-06-12,32.61048126220703,33.43000030517578,33.849998474121094,33.400001525878906,33.54999923706055,1985647
2023-06-13,32.669010162353516,33.4900016784668,33.84000015258789,33.369998931884766,33.52000045776367,540844
2023-06-14,32.415382385253906,33.22999954223633,33.7400016784668,33.150001525878906,33.61000061035156,496348
2023-06-15,32.278812408447266,33.09000015258789,33.439998626708984,33.02000045776367,33.310001373291016,636998
2023-06-16,32.7177848815918,33.540000915527344,33.79999923706055,33.099998474121094,33.150001525878906,717209
2023-06-19,32.54219436645508,33.36000061035156,33.900001525878906,33.2599983215332,33.709999084472656,950259
2023-06-20,32.669010162353516,33.4900016784668,33.95000076293945,33.209999084472656,33.209999084472656,1844466
2023-06-21,32.58121871948242,33.400001525878906,33.79999923706055,33.33000183105469,33.52000045776367,774510
2023-06-22,33.312828063964844,34.150001525878906,35.349998474121094,33.40999984741211,33.40999984741211,11333340
2023-06-23,32.64950180053711,33.470001220703125,34.70000076293945,33.349998474121094,34.369998931884766,4020542
2023-06-26,33.0494499206543,33.880001068115234,34.279998779296875,32.599998474121094,33.4900016784668,5785469
2023-06-27,33.000675201416016,33.83000183105469,34.5,33.66999816894531,33.900001525878906,1452252
2023-06-28,32.57145690917969,33.38999938964844,34.099998474121094,33.31999969482422,33.849998474121094,1168493
2023-06-30,32.3861198425293,33.20000076293945,33.79999923706055,33.130001068115234,33.40999984741211,611286
2023-07-07,32.79581832885742,33.619998931884766,34.310001373291016,33.349998474121094,33.709999084472656,995704
2023-07-10,32.62023162841797,33.439998626708984,33.88999938964844,33.29999923706055,33.72999954223633,792526
2023-07-14,32.14224624633789,32.95000076293945,33.119998931884766,32.52000045776367,32.52000045776367,446255
2023-07-17,32.415382385253906,33.22999954223633,33.54999923706055,32.810001373291016,32.959999084472656,1424543
2023-07-19,32.093475341796875,32.900001525878906,33.130001068115234,32.79999923706055,32.95000076293945,876018
2023-07-20,31.995920181274414,32.79999923706055,33.09000015258789,32.75,32.880001068115234,834585
2023-07-21,32.46415328979492,33.279998779296875,34.0,32.619998931884766,32.70000076293945,2133465
2023-07-24,32.22028732299805,33.029998779296875,33.689998626708984,32.93000030517578,33.45000076293945,1695563
2023-07-26,32.093475341796875,32.900001525878906,33.20000076293945,32.83000183105469,33.130001068115234,1297189
2023-07-28,31.381366729736328,32.16999816894531,32.33000183105469,31.65999984741211,32.0099983215332,1904831
2023-08-03,31.12774085998535,31.90999984741211,32.20000076293945,31.799999237060547,32.0099983215332,1347554
2023-08-04,31.117984771728516,31.899999618530273,32.2400016784668,31.68000030517578,31.920000076293945,1502448
2023-08-07,31.157007217407227,31.940000534057617,32.29999923706055,31.799999237060547,32.0099983215332,1371653
2023-08-08,31.157007217407227,31.940000534057617,32.099998474121094,31.850000381469727,31.950000762939453,1135981
2023-08-09,31.303329467773438,32.09000015258789,32.2400016784668,31.809999465942383,32.0,796847
2023-08-10,32.56170654296875,33.380001068115234,33.900001525878906,32.0099983215332,32.0099983215332,6169922
2023-08-11,32.14224624633789,32.95000076293945,33.7400016784668,32.77000045776367,33.689998626708984,1216173
2023-08-14,31.605730056762695,32.400001525878906,32.95000076293945,32.209999084472656,32.810001373291016,1320310
2023-08-16,32.02519226074219,32.83000183105469,33.20000076293945,32.220001220703125,32.220001220703125,1524770
2023-08-17,31.83009147644043,32.630001068115234,33.099998474121094,32.529998779296875,32.65999984741211,1668033
2023-08-18,31.634994506835938,32.43000030517578,33.0,32.29999923706055,32.65999984741211,816909
2023-08-21,34.805320739746094,35.68000030517578,36.130001068115234,32.5099983215332,32.5099983215332,19325930
2023-08-22,36.77580261230469,37.70000076293945,38.220001220703125,36.11000061035156,36.40999984741211,11680420
2023-08-23,35.69301223754883,36.59000015258789,37.68000030517578,36.20000076293945,37.68000030517578,6931500
2023-08-24,36.02467727661133,36.93000030517578,38.09000015258789,36.709999084472656,36.91999816894531,7394591
2023-08-25,35.72227478027344,36.619998931884766,37.5099983215332,36.5,37.189998626708984,2866551
2023-08-28,35.91737365722656,36.81999969482422,37.84000015258789,36.5,36.65999984741211,2649469
2023-08-29,36.044189453125,36.95000076293945,37.5,36.880001068115234,37.11000061035156,2788329
2023-08-30,36.03443145751953,36.939998626708984,37.439998626708984,36.81999969482422,37.11000061035156,2537390
2023-08-31,35.67350387573242,36.56999969482422,37.2400016784668,36.459999084472656,37.060001373291016,1510198
2023-09-01,38.619468688964844,39.59000015258789,39.900001525878906,36.66999816894531,36.709999084472656,16839160
2023-09-04,39.058441162109375,40.040000915527344,40.79999923706055,39.36000061035156,40.11000061035156,4736588
2023-09-05,41.61420822143555,42.65999984741211,43.75,40.11000061035156,40.20000076293945,9452506
2023-09-06,40.51190948486328,41.529998779296875,43.38999938964844,41.20000076293945,42.709999084472656,7167851
2023-09-07,40.0339241027832,41.040000915527344,41.900001525878906,40.86000061035156,41.65999984741211,2324168
2023-09-08,39.575443267822266,40.56999969482422,41.650001525878906,40.40999984741211,41.29999923706055,2283901
2023-09-11,38.87309646606445,39.849998474121094,41.20000076293945,39.5,40.65999984741211,5755638
2023-09-12,36.600215911865234,37.52000045776367,40.5,37.11000061035156,39.90999984741211,6935867
2023-09-13,38.1317253112793,39.09000015258789,39.29999923706055,37.209999084472656,37.209999084472656,5182828
2023-09-14,38.30731201171875,39.27000045776367,39.630001068115234,38.58000183105469,39.09000015258789,2471348
2023-09-15,38.04393005371094,39.0,39.66999816894531,38.77000045776367,39.310001373291016,2376248
2023-09-18,37.74153137207031,38.689998626708984,39.5099983215332,38.5099983215332,39.0099983215332,1649838
2023-09-20,37.224525451660156,38.15999984741211,38.68000030517578,38.0,38.56999969482422,767260
2023-09-21,37.02942657470703,37.959999084472656,39.150001525878906,37.810001373291016,38.060001373291016,2403432
2023-09-22,36.85383987426758,37.779998779296875,38.38999938964844,37.310001373291016,37.83000183105469,1770274
2023-09-25,36.922122955322266,37.849998474121094,38.47999954223633,37.650001525878906,37.810001373291016,774067
2023-09-26,36.73678207397461,37.65999984741211,38.25,37.5,37.86000061035156,1142844
2023-09-27,37.07820129394531,38.0099983215332,38.189998626708984,37.45000076293945,37.650001525878906,1578855
2023-09-28,36.86359786987305,37.790000915527344,38.900001525878906,37.650001525878906,38.38999938964844,1081922
2023-09-29,36.69776153564453,37.619998931884766,38.09000015258789,37.5099983215332,37.959999084472656,663674
2023-10-03,36.34658432006836,37.2599983215332,37.790000915527344,37.130001068115234,37.619998931884766,719867
2023-10-04,35.878353118896484,36.779998779296875,37.25,36.54999923706055,37.189998626708984,1597229
2023-10-05,36.60996627807617,37.529998779296875,37.68000030517578,36.88999938964844,36.9900016784668,1079359
2023-10-06,37.556190490722656,38.5,38.650001525878906,37.310001373291016,37.75,1895953
2023-10-09,35.8295783996582,36.72999954223633,37.560001373291016,36.599998474121094,37.2599983215332,2841776
2023-10-10,35.98565673828125,36.88999938964844,37.220001220703125,36.709999084472656,36.709999084472656,1320495
2023-10-11,36.180755615234375,37.09000015258789,37.540000915527344,37.0099983215332,37.0099983215332,799948
2023-10-12,36.229530334472656,37.13999938964844,37.54999923706055,37.0,37.16999816894531,703108
2023-10-13,36.19050598144531,37.099998474121094,37.29999923706055,36.880001068115234,36.9900016784668,1300269
2023-10-16,36.28805923461914,37.20000076293945,37.86000061035156,37.060001373291016,37.099998474121094,1346404
2023-10-17,35.22478103637695,36.11000061035156,37.599998474121094,36.0,36.9900016784668,5345805
2023-10-18,34.737037658691406,35.61000061035156,36.189998626708984,35.15999984741211,35.709999084472656,4204292
2023-10-19,34.00542068481445,34.86000061035156,35.439998626708984,34.709999084472656,35.0,2314069
2023-10-20,34.610225677490234,35.47999954223633,36.459999084472656,34.810001373291016,34.86000061035156,3647819
2023-10-23,32.82508850097656,33.650001525878906,35.540000915527344,33.5099983215332,35.540000915527344,1148139
2023-10-25,32.98116683959961,33.810001373291016,34.650001525878906,32.869998931884766,33.66999816894531,2209954
2023-10-26,32.85435104370117,33.68000030517578,33.900001525878906,32.400001525878906,33.560001373291016,2203418
2023-10-27,33.829837799072266,34.68000030517578,34.84000015258789,33.900001525878906,34.119998931884766,900365
2023-10-30,34.05419921875,34.90999984741211,35.130001068115234,34.04999923706055,34.68000030517578,988164
2023-10-31,34.09321594238281,34.95000076293945,35.59000015258789,34.709999084472656,34.93000030517578,1407878
2023-11-01,33.67375946044922,34.52000045776367,35.38999938964844,34.29999923706055,34.90999984741211,1093968
2023-11-02,33.99566650390625,34.849998474121094,35.08000183105469,34.70000076293945,34.97999954223633,710661
2023-11-03,34.112728118896484,34.970001220703125,35.400001525878906,34.880001068115234,35.08000183105469,1044142
2023-11-06,34.21027755737305,35.06999969482422,35.38999938964844,35.0,35.38999938964844,1003551
2023-11-07,35.86860275268555,36.77000045776367,37.5,35.11000061035156,35.11000061035156,2617907
2023-11-08,35.761295318603516,36.65999984741211,37.400001525878906,36.5,37.0099983215332,1583100
2023-11-09,35.08821487426758,35.970001220703125,36.75,35.810001373291016,36.709999084472656,639019
2023-11-10,35.302818298339844,36.189998626708984,36.2599983215332,35.560001373291016,35.9900016784668,1404802
2023-11-13,35.4979133605957,36.38999938964844,36.70000076293945,36.11000061035156,36.65999984741211,1266280
2023-11-15,37.40986633300781,38.349998474121094,39.65999984741211,37.81999969482422,38.65999984741211,4478179
2023-11-16,36.85383987426758,37.779998779296875,38.63999938964844,37.5,38.63999938964844,2971509
2023-11-17,36.52217483520508,37.439998626708984,37.970001220703125,37.310001373291016,37.310001373291016,881353
2023-11-20,36.20026779174805,37.11000061035156,37.7400016784668,36.90999984741211,37.7400016784668,894630
2023-11-21,36.39536666870117,37.310001373291016,38.189998626708984,37.150001525878906,37.150001525878906,2119165
2023-11-22,36.27830123901367,37.189998626708984,38.150001525878906,37.0,37.349998474121094,2198447
2023-11-23,36.210018157958984,37.119998931884766,37.380001068115234,37.02000045776367,37.060001373291016,574304
2023-11-24,36.02467727661133,36.93000030517578,37.47999954223633,36.849998474121094,37.34000015258789,1149046
2023-11-28,35.7125244140625,36.61000061035156,37.189998626708984,36.5,37.0099983215332,645956
2023-11-29,35.58570861816406,36.47999954223633,36.900001525878906,36.40999984741211,36.61000061035156,1856071
2023-11-30,35.380859375,36.27000045776367,36.849998474121094,36.18000030517578,36.650001525878906,845706
2023-12-01,35.429630279541016,36.31999969482422,36.880001068115234,36.25,36.470001220703125,891071
2023-12-04,35.56619644165039,36.459999084472656,36.880001068115234,36.400001525878906,36.66999816894531,1660600
2023-12-05,35.4979133605957,36.38999938964844,37.20000076293945,36.15999984741211,36.59000015258789,2907792
2023-12-06,35.35159683227539,36.2400016784668,36.599998474121094,36.099998474121094,36.5099983215332,1013689
2023-12-07,35.29306411743164,36.18000030517578,36.41999816894531,36.04999923706055,36.2599983215332,929301
2023-12-08,35.732032775878906,36.630001068115234,37.5,36.25,36.25,5168036
2023-12-11,36.94163513183594,37.869998931884766,38.25,36.79999923706055,37.0,2580039
2023-12-12,36.31732177734375,37.22999954223633,38.29999923706055,37.099998474121094,38.0099983215332,3403473
2023-12-13,36.17100524902344,37.08000183105469,37.38999938964844,36.900001525878906,37.33000183105469,1629437
2023-12-14,36.180755615234375,37.09000015258789,37.540000915527344,37.0099983215332,37.310001373291016,2317828
2023-12-15,36.13198471069336,37.040000915527344,37.599998474121094,36.93000030517578,37.15999984741211,1121548
2023-12-18,36.39536666870117,37.310001373291016,38.09000015258789,36.900001525878906,37.040000915527344,3989344
2023-12-19,36.20026779174805,37.11000061035156,37.650001525878906,37.0099983215332,37.47999954223633,2257646
2023-12-20,34.551692962646484,35.41999816894531,38.099998474121094,35.099998474121094,37.15999984741211,7005022
2023-12-21,35.185760498046875,36.06999969482422,36.189998626708984,34.810001373291016,35.029998779296875,3670306
2023-12-22,35.24428939819336,36.130001068115234,36.630001068115234,35.90999984741211,36.540000915527344,2432526
2023-12-26,35.1467399597168,36.029998779296875,36.540000915527344,35.93000030517578,36.540000915527344,971928
2023-12-27,35.24428939819336,36.130001068115234,36.40999984741211,35.849998474121094,36.31999969482422,861181
2023-12-28,35.01993179321289,35.900001525878906,36.22999954223633,35.849998474121094,36.119998931884766,1434067
2023-12-29,35.3906135559082,36.279998779296875,36.40999984741211,35.75,35.90999984741211,2358432
2024-01-01,35.67350387573242,36.56999969482422,36.900001525878906,36.310001373291016,36.56999969482422,988580
2024-01-02,36.49291229248047,37.40999984741211,38.25,36.09000015258789,36.77000045776367,4986199
2024-01-03,36.99040603637695,37.91999816894531,38.619998931884766,37.40999984741211,37.4900016784668,6805538
2024-01-04,37.35133743286133,38.290000915527344,39.0099983215332,37.83000183105469,38.2599983215332,6068633
2024-01-05,39.89735412597656,40.900001525878906,41.61000061035156,37.97999954223633,38.7400016784668,14613800
2024-01-08,47.18423080444336,48.369998931884766,49.08000183105469,41.90999984741211,41.90999984741211,60353940
2024-01-09,48.345062255859375,49.560001373291016,52.849998474121094,48.41999816894531,51.18000030517578,47775570
2024-01-10,45.72100067138672,46.869998931884766,49.2400016784668,46.54999923706055,49.2400016784668,4656171
2024-01-11,44.81380081176758,45.939998626708984,47.84000015258789,45.5,47.529998779296875,7496384
2024-01-12,46.31604766845703,47.47999954223633,48.9900016784668,45.959999084472656,45.970001220703125,5964709
2024-01-15,45.311302185058594,46.45000076293945,48.18000030517578,46.0,48.18000030517578,2529065
2024-01-16,44.39434051513672,45.5099983215332,46.7400016784668,44.029998779296875,46.4900016784668,1784672
2024-01-17,43.18474197387695,44.27000045776367,45.290000915527344,44.0,44.65999984741211,1332543
2024-01-19,44.521156311035156,45.63999938964844,46.45000076293945,45.220001220703125,46.099998474121094,3755480
2024-01-23,41.96538543701172,43.02000045776367,45.45000076293945,42.70000076293945,45.13999938964844,2576407
2024-01-24,44.75527572631836,45.880001068115234,46.70000076293945,42.5,43.02000045776367,9671518
2024-01-25,44.28704071044922,45.400001525878906,46.4900016784668,45.18000030517578,45.95000076293945,4028116
2024-01-29,44.03341293334961,45.13999938964844,46.04999923706055,44.95000076293945,45.43000030517578,3706421
2024-01-30,47.067176818847656,48.25,48.70000076293945,45.279998779296875,45.279998779296875,14372480
2024-01-31,46.39409255981445,47.560001373291016,48.75,46.7599983215332,48.54999923706055,6643508
2024-02-01,45.311302185058594,46.45000076293945,48.20000076293945,46.25,47.9900016784668,3198664
2024-02-02,45.886837005615234,47.040000915527344,48.310001373291016,46.560001373291016,46.81999969482422,2939511
2024-02-05,44.882083892822266,46.0099983215332,47.810001373291016,45.599998474121094,47.060001373291016,5115080
2024-02-06,43.71150207519531,44.810001373291016,49.099998474121094,44.060001373291016,46.11000061035156,12237340
2024-02-07,44.550418853759766,45.66999816894531,46.04999923706055,44.900001525878906,44.91999816894531,5204352
2024-02-08,43.809051513671875,44.90999984741211,46.0,44.70000076293945,45.810001373291016,3816093
2024-02-09,43.194496154785156,44.279998779296875,45.189998626708984,43.25,45.060001373291016,4668850
2024-02-12,41.682491302490234,42.72999954223633,44.90999984741211,42.25,44.380001068115234,1811347
2024-02-13,41.38009262084961,42.41999816894531,42.900001525878906,40.75,42.5099983215332,3443355
2024-02-14,42.033668518066406,43.09000015258789,43.5,41.22999954223633,41.59000015258789,1405513
2024-02-15,42.47263717651367,43.540000915527344,44.22999954223633,43.209999084472656,43.5,1053816
2024-02-16,44.05292510986328,45.15999984741211,46.189998626708984,43.400001525878906,43.790000915527344,6196037
2024-02-19,43.76028060913086,44.86000061035156,45.689998626708984,44.70000076293945,45.400001525878906,2287854
2024-02-20,43.18474197387695,44.27000045776367,45.25,44.16999816894531,44.90999984741211,2090111
2024-02-21,42.41410827636719,43.47999954223633,44.79999923706055,43.2400016784668,44.380001068115234,2228059
2024-02-22,43.087188720703125,44.16999816894531,44.40999984741211,42.849998474121094,43.630001068115234,2494957
2024-02-23,42.86282730102539,43.939998626708984,44.5,43.810001373291016,44.47999954223633,782782
2024-02-26,43.116458892822266,44.20000076293945,45.060001373291016,44.0,44.029998779296875,2156850
2024-02-27,42.5799446105957,43.650001525878906,44.5,43.5,44.2400016784668,1764200
2024-02-28,41.1362190246582,42.16999816894531,43.84000015258789,41.84000015258789,43.61000061035156,2851293
2024-02-29,41.106956481933594,42.13999938964844,42.66999816894531,41.09000015258789,42.0099983215332,2618409
2024-03-01,41.19475173950195,42.22999954223633,42.7400016784668,42.119998931884766,42.5,846700
2024-03-04,40.78504943847656,41.810001373291016,42.689998626708984,41.650001525878906,42.58000183105469,862999
2024-03-05,40.0144157409668,41.02000045776367,41.959999084472656,40.90999984741211,41.7599983215332,2138102
2024-03-06,39.09746170043945,40.08000183105469,41.459999084472656,39.38999938964844,40.88999938964844,3464690
2024-03-07,39.575443267822266,40.56999969482422,41.060001373291016,40.0099983215332,40.0099983215332,974127
2024-03-11,38.170745849609375,39.130001068115234,40.849998474121094,39.0,40.66999816894531,2635969
2024-03-12,37.32207107543945,38.2599983215332,39.349998474121094,38.040000915527344,39.189998626708984,3009601
2024-03-13,34.76630401611328,35.63999938964844,38.810001373291016,35.099998474121094,38.25,6278015
2024-03-14,37.253787994384766,38.189998626708984,38.5,35.0,35.689998626708984,3863857
2024-03-15,36.76604461669922,37.689998626708984,39.04999923706055,37.09000015258789,38.34000015258789,1918290
2024-03-18,36.600215911865234,37.52000045776367,38.33000183105469,37.029998779296875,37.709999084472656,1182418
2024-03-19,35.8295783996582,36.72999954223633,38.099998474121094,36.599998474121094,37.52000045776367,2015410
2024-03-20,35.468650817871094,36.36000061035156,37.34000015258789,36.0,36.7400016784668,1075604
2024-03-21,36.092960357666016,37.0,37.599998474121094,36.79999923706055,36.9900016784668,1452164
2024-03-22,37.722023010253906,38.66999816894531,39.790000915527344,37.11000061035156,37.11000061035156,5253248
2024-03-26,36.502662658691406,37.41999816894531,38.65999984741211,37.279998779296875,38.65999984741211,2843857
2024-03-27,35.94663619995117,36.849998474121094,37.939998626708984,36.65999984741211,37.72999954223633,2910113
2024-03-28,35.64424133300781,36.540000915527344,38.04999923706055,36.36000061035156,37.11000061035156,3100159
2024-04-01,38.219520568847656,39.18000030517578,39.5,37.060001373291016,37.20000076293945,1626728
2024-04-02,38.68775177001953,39.65999984741211,39.79999923706055,38.41999816894531,39.18000030517578,3074275
2024-04-03,40.1314697265625,41.13999938964844,42.0,39.43000030517578,39.720001220703125,5237705
2024-04-04,39.79005432128906,40.790000915527344,41.77000045776367,40.20000076293945,41.59000015258789,1509914
2024-04-05,40.043678283691406,41.04999923706055,41.2599983215332,40.20000076293945,40.75,1127937
2024-04-08,39.79005432128906,40.790000915527344,42.040000915527344,40.54999923706055,41.38999938964844,1162819
2024-04-09,39.214515686035156,40.20000076293945,41.040000915527344,39.849998474121094,41.0,769755
2024-04-10,39.282798767089844,40.27000045776367,40.720001220703125,39.66999816894531,40.310001373291016,1973623
2024-04-12,38.970645904541016,39.95000076293945,40.900001525878906,39.849998474121094,40.40999984741211,896465
2024-04-15,37.8195686340332,38.77000045776367,39.22999954223633,36.209999084472656,36.209999084472656,3981604
2024-04-16,38.04393005371094,39.0,39.560001373291016,38.2400016784668,38.310001373291016,1587018
2024-04-18,37.761043548583984,38.709999084472656,39.63999938964844,38.54999923706055,39.5099983215332,2147189
2024-04-19,37.66349411010742,38.61000061035156,38.84000015258789,37.70000076293945,37.84000015258789,2423615
2024-04-22,38.1414794921875,39.099998474121094,39.61000061035156,38.5099983215332,38.63999938964844,2057326
2024-04-23,38.93162536621094,39.90999984741211,40.25,39.099998474121094,39.209999084472656,2399113
2024-04-24,38.94137954711914,39.91999816894531,40.540000915527344,39.79999923706055,40.189998626708984,753478
2024-04-25,39.116966247558594,40.099998474121094,40.599998474121094,39.75,40.0,2003023
2024-04-26,38.824317932128906,39.79999923706055,40.2599983215332,39.689998626708984,40.04999923706055,1592618
2024-04-29,38.804813385009766,39.779998779296875,40.38999938964844,39.720001220703125,40.06999969482422,1805180
2024-04-30,38.39510726928711,39.36000061035156,40.150001525878906,39.150001525878906,39.849998474121094,1393355
2024-05-02,38.717018127441406,39.689998626708984,39.95000076293945,39.04999923706055,39.38999938964844,1854163
2024-05-03,38.56093978881836,39.529998779296875,40.04999923706055,39.119998931884766,39.849998474121094,921648
2024-05-06,38.10246276855469,39.060001373291016,39.970001220703125,38.70000076293945,39.970001220703125,1632935
2024-05-07,37.63423156738281,38.58000183105469,39.13999938964844,38.27000045776367,39.060001373291016,796962
2024-05-08,37.722023010253906,38.66999816894531,39.02000045776367,38.20000076293945,38.68000030517578,1336234
2024-05-09,36.75629425048828,37.68000030517578,39.0,37.529998779296875,38.880001068115234,1664875
2024-05-10,37.292808532714844,38.22999954223633,38.40999984741211,36.83000183105469,37.709999084472656,2127788
2024-05-13,37.10746765136719,38.040000915527344,38.290000915527344,37.2599983215332,38.22999954223633,1127093
2024-05-14,37.809814453125,38.7599983215332,39.0,37.81999969482422,37.93000030517578,724299
2024-05-15,37.60496520996094,38.54999923706055,39.31999969482422,38.33000183105469,39.02000045776367,821797
2024-05-16,37.40986633300781,38.349998474121094,38.93000030517578,38.209999084472656,38.689998626708984,1061196
2024-05-17,39.19500732421875,40.18000030517578,40.34000015258789,38.150001525878906,38.40999984741211,4798094
2024-05-21,37.21477127075195,38.150001525878906,38.29999923706055,36.90999984741211,37.15999984741211,7046698
2024-05-22,37.165992736816406,38.099998474121094,38.97999954223633,37.5,38.849998474121094,2987829
2024-05-23,36.99040603637695,37.91999816894531,38.29999923706055,37.86000061035156,38.099998474121094,1736159
2024-05-24,36.931880950927734,37.86000061035156,38.20000076293945,37.79999923706055,37.9900016784668,632773
2024-05-27,36.70751953125,37.630001068115234,38.189998626708984,37.40999984741211,37.959999084472656,1755407
2024-05-28,36.746917724609375,37.310001373291016,37.7400016784668,37.099998474121094,37.7400016784668,533698
2024-05-29,36.599178314208984,37.15999984741211,37.59000015258789,36.9900016784668,37.29999923706055,1068443
2024-05-30,36.293853759765625,36.849998474121094,37.41999816894531,36.79999923706055,37.150001525878906,1350928
2024-05-31,35.96883773803711,36.52000045776367,37.2400016784668,36.400001525878906,37.150001525878906,1361206
2024-06-03,36.35295104980469,36.90999984741211,38.11000061035156,36.810001373291016,38.11000061035156,2546706
2024-06-04,34.57026672363281,35.099998474121094,37.29999923706055,33.65999984741211,37.29999923706055,5584770
2024-06-05,36.008235931396484,36.560001373291016,36.75,34.599998474121094,35.9900016784668,2144784
2024-06-06,36.16582107543945,36.720001220703125,37.130001068115234,36.099998474121094,36.459999084472656,1274010
2024-06-07,36.50069046020508,37.060001373291016,37.2400016784668,36.70000076293945,36.88999938964844,1677485
2024-06-10,36.49083709716797,37.04999923706055,37.45000076293945,36.900001525878906,37.2599983215332,1505066
2024-06-11,37.27876281738281,37.849998474121094,38.540000915527344,36.90999984741211,37.36000061035156,1355517
2024-06-12,39.84937286376953,40.459999084472656,41.0,38.09000015258789,38.29999923706055,11698780
2024-06-13,39.46525955200195,40.06999969482422,41.790000915527344,39.650001525878906,41.25,3801260
2024-06-14,38.77582550048828,39.369998931884766,40.209999084472656,39.20000076293945,40.04999923706055,2559644
2024-06-18,38.43110656738281,39.02000045776367,39.790000915527344,38.900001525878906,39.41999816894531,846161
2024-06-19,38.007598876953125,38.59000015258789,39.20000076293945,38.279998779296875,39.0,799253
2024-06-20,38.68718338012695,39.279998779296875,40.150001525878906,38.5,38.790000915527344,2965056
2024-06-21,38.02729415893555,38.61000061035156,39.720001220703125,38.47999954223633,39.540000915527344,1751498
2024-06-24,37.958351135253906,38.540000915527344,38.900001525878906,38.310001373291016,38.529998779296875,1269711
2024-06-25,37.72197341918945,38.29999923706055,39.099998474121094,38.16999816894531,39.099998474121094,1142031
2024-06-26,38.076541900634766,38.65999984741211,39.220001220703125,38.209999084472656,38.36000061035156,1909133
2024-06-27,37.564388275146484,38.13999938964844,38.959999084472656,37.91999816894531,38.959999084472656,669437
2024-06-28,37.52499008178711,38.099998474121094,38.7400016784668,38.0,38.5,1299974
2024-07-01,38.303070068359375,38.88999938964844,39.09000015258789,38.130001068115234,38.220001220703125,2134632
2024-07-02,38.06669235229492,38.650001525878906,40.16999816894531,38.5,39.2599983215332,1215085
2024-07-03,37.859859466552734,38.439998626708984,38.970001220703125,38.34000015258789,38.720001220703125,834319
2024-07-04,37.69242858886719,38.27000045776367,38.709999084472656,38.209999084472656,38.45000076293945,1199537
2024-07-05,37.61363220214844,38.189998626708984,38.36000061035156,38.029998779296875,38.27000045776367,622220
2024-07-08,37.38710403442383,37.959999084472656,38.45000076293945,37.900001525878906,38.20000076293945,1755461
2024-07-09,37.45604705810547,38.029998779296875,38.54999923706055,37.970001220703125,38.0,1330790
2024-07-10,37.24921798706055,37.81999969482422,38.2400016784668,37.43000030517578,38.150001525878906,465271
2024-07-11,37.2393684387207,37.810001373291016,38.380001068115234,37.75,37.939998626708984,1149961
2024-07-12,37.13103103637695,37.70000076293945,38.029998779296875,37.619998931884766,37.810001373291016,1231021
2024-07-15,37.111331939697266,37.68000030517578,37.95000076293945,37.400001525878906,37.83000183105469,440272
2024-07-16,37.406803131103516,37.97999954223633,38.56999969482422,37.650001525878906,37.75,1799127
2024-07-18,37.012840270996094,37.58000183105469,38.18000030517578,37.2599983215332,38.0099983215332,1624259
2024-07-19,36.40219497680664,36.959999084472656,37.849998474121094,36.880001068115234,37.66999816894531,1745897
2024-07-22,36.668121337890625,37.22999954223633,37.470001220703125,36.45000076293945,37.279998779296875,574432
2024-07-23,36.43174743652344,36.9900016784668,37.540000915527344,36.20000076293945,37.310001373291016,768402
2024-07-24,36.87495040893555,37.439998626708984,37.79999923706055,36.81999969482422,37.099998474121094,1454888
2024-07-25,36.75676345825195,37.31999969482422,38.45000076293945,37.130001068115234,37.439998626708984,946641
2024-07-26,37.16057586669922,37.72999954223633,38.41999816894531,37.08000183105469,37.349998474121094,903369
2024-07-29,37.60378646850586,38.18000030517578,39.099998474121094,38.099998474121094,38.47999954223633,1223298
2024-07-30,40.184242248535156,40.79999923706055,41.25,37.9900016784668,38.29999923706055,5506348
2024-07-31,38.785675048828125,39.380001068115234,41.4900016784668,39.29999923706055,41.04999923706055,4818585
2024-08-01,37.850013732910156,38.43000030517578,39.68000030517578,38.29999923706055,39.63999938964844,2728038
2024-08-02,37.72197341918945,38.29999923706055,38.849998474121094,37.54999923706055,38.0,1792252
2024-08-05,36.0870246887207,36.63999938964844,37.599998474121094,36.40999984741211,37.060001373291016,3727291
2024-08-06,37.101478576660156,37.66999816894531,39.720001220703125,36.68000030517578,36.68000030517578,9183056
2024-08-07,38.234127044677734,38.81999969482422,39.2599983215332,38.15999984741211,39.11000061035156,1277299
2024-08-08,37.43634796142578,38.0099983215332,38.72999954223633,37.810001373291016,38.220001220703125,908780
2024-08-09,37.337860107421875,37.90999984741211,38.599998474121094,37.63999938964844,38.599998474121094,1235990
2024-08-12,36.884803771972656,37.45000076293945,37.75,36.939998626708984,37.279998779296875,1620476
2024-08-13,36.510536193847656,37.06999969482422,37.790000915527344,37.0,37.5099983215332,783074
2024-08-14,36.27416229248047,36.83000183105469,37.20000076293945,36.619998931884766,37.20000076293945,548546
2024-08-16,36.520389556884766,37.08000183105469,37.36000061035156,36.95000076293945,37.16999816894531,944016
2024-08-19,36.62872314453125,37.189998626708984,37.439998626708984,37.09000015258789,37.099998474121094,384885
2024-08-20,36.69766616821289,37.2599983215332,37.86000061035156,37.15999984741211,37.470001220703125,1093085
2024-08-21,37.36740493774414,37.939998626708984,38.29999923706055,37.25,37.29999923706055,1020641
2024-08-22,37.45604705810547,38.029998779296875,38.47999954223633,37.9900016784668,38.18000030517578,1396873
2024-08-23,37.17042541503906,37.7400016784668,38.40999984741211,37.65999984741211,38.40999984741211,1337797
2024-08-26,36.85525131225586,37.41999816894531,37.97999954223633,37.31999969482422,37.869998931884766,1174367
2024-08-28,36.924198150634766,37.4900016784668,38.25,37.40999984741211,37.709999084472656,1689627
2024-08-29,36.48099136352539,37.040000915527344,37.63999938964844,36.91999816894531,37.52000045776367,1534344
2024-08-30,36.42189407348633,36.97999954223633,37.29999923706055,36.900001525878906,37.25,382811
2024-09-02,36.31355285644531,36.869998931884766,37.150001525878906,36.810001373291016,36.959999084472656,956234
2024-09-03,36.372650146484375,36.93000030517578,37.18000030517578,36.83000183105469,36.83000183105469,771764
2024-09-04,36.34310531616211,36.900001525878906,37.63999938964844,36.70000076293945,36.7599983215332,1234763
2024-09-05,36.815860748291016,37.380001068115234,38.060001373291016,36.9900016784668,36.9900016784668,706994
2024-09-06,36.32340621948242,36.880001068115234,37.599998474121094,36.79999923706055,37.40999984741211,537728
2024-09-09,35.840797424316406,36.38999938964844,36.91999816894531,36.279998779296875,36.880001068115234,1144745
2024-09-10,36.38249588012695,36.939998626708984,37.04999923706055,36.439998626708984,36.439998626708984,814075
2024-09-11,35.96883773803711,36.52000045776367,37.33000183105469,36.5,36.95000076293945,1014337
2024-09-12,35.958988189697266,36.5099983215332,36.93000030517578,36.400001525878906,36.7599983215332,926736
2024-09-13,36.09687805175781,36.650001525878906,37.09000015258789,36.540000915527344,36.540000915527344,896370
2024-09-16,36.077178955078125,36.630001068115234,36.91999816894531,36.59000015258789,36.86000061035156,1006939
2024-09-17,35.929439544677734,36.47999954223633,36.79999923706055,36.38999938964844,36.65999984741211,1023651
2024-09-18,35.633968353271484,36.18000030517578,36.5099983215332,36.099998474121094,36.43000030517578,1169515
2024-09-19,35.269554138183594,35.810001373291016,36.40999984741211,35.58000183105469,36.2400016784668,1479973
2024-09-20,35.53548049926758,36.08000183105469,36.25,35.79999923706055,35.79999923706055,879808
2024-09-23,35.82109832763672,36.369998931884766,36.66999816894531,36.119998931884766,36.439998626708984,537811
2024-09-24,35.6142692565918,36.15999984741211,36.689998626708984,36.09000015258789,36.43000030517578,366224
2024-09-25,35.38774108886719,35.93000030517578,36.150001525878906,35.810001373291016,36.099998474121094,857036
2024-09-26,35.16121292114258,35.70000076293945,36.02000045776367,35.599998474121094,35.93000030517578,934158
2024-09-27,35.13166427612305,35.66999816894531,36.27000045776367,35.56999969482422,35.709999084472656,1368637
2024-09-30,36.09687805175781,36.650001525878906,37.349998474121094,35.47999954223633,35.68000030517578,3892519
2024-10-01,36.43174743652344,36.9900016784668,37.400001525878906,36.65999984741211,36.70000076293945,1243616
2024-10-03,35.377891540527344,35.91999816894531,36.79999923706055,35.84000015258789,36.060001373291016,1328156
2024-10-04,35.05287170410156,35.59000015258789,36.349998474121094,35.20000076293945,35.91999816894531,1366971
2024-10-07,33.60505676269531,34.119998931884766,35.81999969482422,34.0,35.54999923706055,2592361
2024-10-08,34.46192932128906,34.9900016784668,35.130001068115234,33.869998931884766,34.099998474121094,696179
2024-10-09,34.698307037353516,35.22999954223633,35.70000076293945,35.099998474121094,35.4900016784668,922481
2024-10-10,34.50132369995117,35.029998779296875,35.5,34.95000076293945,35.2599983215332,434045
2024-10-11,34.737701416015625,35.27000045776367,35.56999969482422,34.97999954223633,35.0099983215332,403684
2024-10-14,34.49147415161133,35.02000045776367,35.5,34.970001220703125,35.5,254008
2024-10-15,34.186153411865234,34.709999084472656,35.08000183105469,34.599998474121094,34.90999984741211,867573
2024-10-16,35.53548049926758,36.08000183105469,36.54999923706055,34.52000045776367,34.70000076293945,1631855
2024-10-17,35.082420349121094,35.619998931884766,36.439998626708984,35.41999816894531,36.2599983215332,1639064
2024-10-18,34.61951446533203,35.150001525878906,35.4900016784668,34.79999923706055,35.310001373291016,457283
2024-10-21,33.45732498168945,33.970001220703125,35.22999954223633,33.83000183105469,35.04999923706055,1038343
2024-10-22,32.61030197143555,33.11000061035156,34.25,33.02000045776367,34.0,1470677
2024-10-23,32.67924499511719,33.18000030517578,33.75,32.22999954223633,33.0,1595641
2024-10-24,32.59060287475586,33.09000015258789,33.54999923706055,33.0,33.220001220703125,903516
2024-10-25,31.477657318115234,31.959999084472656,33.13999938964844,31.799999237060547,32.7599983215332,1748957
2024-10-28,32.324676513671875,32.81999969482422,33.09000015258789,31.770000457763672,32.209999084472656,1285399
2024-10-29,32.59060287475586,33.09000015258789,33.400001525878906,32.709999084472656,32.97999954223633,764828
2024-10-31,34.13690948486328,34.65999984741211,34.790000915527344,33.5099983215332,33.88999938964844,1054932
2024-11-01,34.580116271972656,35.11000061035156,35.470001220703125,35.0,35.349998474121094,355288
2024-11-04,33.595211029052734,34.11000061035156,35.29999923706055,33.86000061035156,35.150001525878906,490816
2024-11-06,33.733097076416016,34.25,34.650001525878906,33.880001068115234,34.4900016784668,1284907
2024-11-07,33.516414642333984,34.029998779296875,34.68000030517578,34.0,34.5,883142
2024-11-08,32.86637496948242,33.369998931884766,34.209999084472656,33.189998626708984,34.040000915527344,998401
2024-11-11,32.36407470703125,32.86000061035156,33.439998626708984,32.72999954223633,33.369998931884766,411635
2024-11-12,32.22618865966797,32.720001220703125,33.150001525878906,32.599998474121094,32.86000061035156,794466
2024-11-13,31.260976791381836,31.739999771118164,32.70000076293945,31.649999618530273,32.650001525878906,1195745
2024-11-14,31.310224533081055,31.790000915527344,32.369998931884766,31.649999618530273,31.75,863378
2024-11-18,31.142789840698242,31.6200008392334,32.310001373291016,31.270000457763672,32.150001525878906,935134
2024-11-19,31.38901710510254,31.8700008392334,32.119998931884766,31.6200008392334,31.6200008392334,730586
2024-11-21,30.778371810913086,31.25,31.8700008392334,31.15999984741211,31.8700008392334,1000208
2024-11-22,30.955656051635742,31.43000030517578,31.579999923706055,31.059999465942383,31.25,621382
2024-11-25,31.418561935424805,31.899999618530273,32.400001525878906,31.860000610351562,32.13999938964844,333850
2024-11-26,31.49735450744629,31.979999542236328,32.119998931884766,31.850000381469727,31.979999542236328,174101
2024-11-27,32.186790466308594,32.68000030517578,32.790000915527344,31.989999771118164,32.0099983215332,1089906
2024-11-28,32.561058044433594,33.060001373291016,33.29999923706055,32.459999084472656,32.70000076293945,787522
2024-11-29,33.447471618652344,33.959999084472656,34.209999084472656,33.040000915527344,33.43000030517578,610916
2024-12-02,33.427772521972656,33.939998626708984,34.41999816894531,33.63999938964844,34.41999816894531,974923
2024-12-03,33.802040100097656,34.31999969482422,34.630001068115234,33.86000061035156,33.9900016784668,435796
2024-12-04,34.19600296020508,34.720001220703125,34.900001525878906,34.290000915527344,34.58000183105469,369437
2024-12-05,33.88083267211914,34.400001525878906,35.02000045776367,34.2599983215332,35.0,790167
2024-12-06,33.91038131713867,34.43000030517578,34.68000030517578,34.18000030517578,34.310001373291016,666536
2024-12-09,37.43634796142578,38.0099983215332,39.2599983215332,34.41999816894531,34.959999084472656,9583267
2024-12-10,37.06208801269531,37.630001068115234,40.16999816894531,37.0099983215332,38.810001373291016,11475910
2024-12-11,36.09687805175781,36.650001525878906,37.689998626708984,36.400001525878906,37.599998474121094,3411897
2024-12-12,35.545326232910156,36.09000015258789,37.09000015258789,35.970001220703125,36.75,1597418
2024-12-13,36.077178955078125,36.630001068115234,36.900001525878906,35.20000076293945,36.099998474121094,2395083
2024-12-16,36.224910736083984,36.779998779296875,37.33000183105469,36.38999938964844,36.72999954223633,1951309
2024-12-17,35.55517578125,36.099998474121094,37.279998779296875,35.810001373291016,37.279998779296875,1045754
2024-12-18,34.599815368652344,35.130001068115234,35.939998626708984,35.0,35.939998626708984,1842113
2024-12-19,34.304344177246094,34.83000183105469,35.119998931884766,34.20000076293945,34.41999816894531,1130984
2024-12-20,33.72324752807617,34.2400016784668,35.47999954223633,34.029998779296875,34.86000061035156,1145389
2024-12-23,33.0338134765625,33.540000915527344,34.83000183105469,33.459999084472656,34.27000045776367,582897
2024-12-24,32.9057731628418,33.40999984741211,34.060001373291016,33.279998779296875,33.5099983215332,552825
2024-12-26,32.836830139160156,33.34000015258789,33.709999084472656,33.220001220703125,33.45000076293945,281265
2024-12-27,32.67924499511719,33.18000030517578,33.54999923706055,33.09000015258789,33.16999816894531,888301
2024-12-30,32.42316818237305,32.91999816894531,33.459999084472656,32.650001525878906,33.220001220703125,1242265
2024-12-31,32.93531799316406,33.439998626708984,33.54999923706055,32.470001220703125,32.70000076293945,844074
2025-01-01,33.38838195800781,33.900001525878906,34.029998779296875,33.349998474121094,33.40999984741211,942599
2025-01-02,33.526268005371094,34.040000915527344,34.27000045776367,33.650001525878906,34.040000915527344,798434
2025-01-03,33.595211029052734,34.11000061035156,34.849998474121094,33.95000076293945,34.38999938964844,1047286
2025-01-06,32.098148345947266,32.59000015258789,34.290000915527344,32.41999816894531,34.11000061035156,1366381
2025-01-07,32.472415924072266,32.970001220703125,33.08000183105469,32.16999816894531,32.400001525878906,1359151
2025-01-08,32.058753967285156,32.54999923706055,33.09000015258789,32.29999923706055,32.959999084472656,608042
2025-01-09,31.684486389160156,32.16999816894531,32.75,32.060001373291016,32.43000030517578,795171
2025-01-10,30.965505599975586,31.440000534057617,32.29999923706055,31.149999618530273,32.150001525878906,502214
2025-01-13,29.320709228515625,29.770000457763672,31.25,29.600000381469727,31.1200008392334,1696627
2025-01-14,30.71927833557129,31.190000534057617,31.459999084472656,29.969999313354492,30.329999923706055,1162328
2025-01-15,31.152637481689453,31.6299991607666,32.18000030517578,31.309999465942383,31.329999923706055,1109879
2025-01-16,31.467809677124023,31.950000762939453,32.060001373291016,31.770000457763672,31.959999084472656,594771
2025-01-17,31.645092010498047,32.130001068115234,32.25,31.450000762939453,31.950000762939453,579957
2025-01-20,31.901166915893555,32.38999938964844,32.79999923706055,32.18000030517578,32.560001373291016,559094
2025-01-21,31.517053604125977,32.0,32.68000030517578,31.81999969482422,32.400001525878906,683374
2025-01-22,31.024599075317383,31.5,32.0,31.0,32.0,398819
2025-01-23,30.81777000427246,31.290000915527344,31.700000762939453,31.079999923706055,31.25,551919
2025-01-24,30.601089477539062,31.06999969482422,31.690000534057617,31.0,31.469999313354492,766348
2025-01-27,28.946443557739258,29.389999389648438,30.0,28.309999465942383,28.309999465942383,3748053
2025-01-28,28.49338722229004,28.93000030517578,30.299999237060547,28.520000457763672,30.020000457763672,1436308
2025-01-29,29.803314208984375,30.260000228881836,30.549999237060547,28.139999389648438,28.139999389648438,1119021
2025-01-30,30.23667335510254,30.700000762939453,31.0,29.940000534057617,30.34000015258789,1015292
2025-01-31,30.620786666870117,31.09000015258789,31.200000762939453,30.350000381469727,30.600000381469727,733309
2025-02-01,30.335163116455078,30.799999237060547,32.439998626708984,30.59000015258789,31.68000030517578,506011
2025-02-03,30.345012664794922,30.809999465942383,31.440000534057617,30.260000228881836,30.469999313354492,1221484
2025-02-04,30.778371810913086,31.25,31.530000686645508,31.0,31.0,387183
2025-02-05,30.65033531188965,31.1200008392334,31.489999771118164,31.010000228881836,31.440000534057617,553139
2025-02-06,30.56169319152832,31.030000686645508,31.350000381469727,30.8799991607666,31.25,488796
2025-02-07,29.92150115966797,30.3799991607666,31.270000457763672,30.209999084472656,31.100000381469727,260092
2025-02-10,29.222217559814453,29.670000076293945,30.670000076293945,29.559999465942383,30.479999542236328,544342
2025-02-11,28.522932052612305,28.959999084472656,30.040000915527344,28.81999969482422,29.850000381469727,415864
2025-02-12,28.14866828918457,28.579999923706055,29.09000015258789,27.68000030517578,28.809999465942383,728248
2025-02-13,28.069875717163086,28.5,29.309999465942383,28.25,28.610000610351562,785787
2025-02-14,27.419836044311523,27.84000015258789,28.719999313354492,27.65999984741211,28.610000610351562,1020611
2025-02-17,27.409988403320312,27.829999923706055,28.100000381469727,27.0,27.93000030517578,1506025
2025-02-18,26.976627349853516,27.389999389648438,28.229999542236328,27.110000610351562,28.020000457763672,431109
2025-02-19,27.606969833374023,28.030000686645508,28.239999771118164,27.040000915527344,27.09000015258789,901257
2025-02-20,27.784252166748047,28.209999084472656,28.399999618530273,27.729999542236328,27.959999084472656,306046
2025-02-21,27.419836044311523,27.84000015258789,28.90999984741211,27.700000762939453,28.31999969482422,882239
2025-02-24,26.996326446533203,27.40999984741211,27.81999969482422,27.329999923706055,27.81999969482422,444931
2025-02-25,26.750099182128906,27.15999984741211,27.690000534057617,27.079999923706055,27.459999084472656,595941
2025-02-27,26.228097915649414,26.6299991607666,27.309999465942383,26.510000228881836,27.15999984741211,602245
2025-02-28,25.390926361083984,25.780000686645508,26.6200008392334,25.5,26.5,1169822
2025-03-03,24.908321380615234,25.290000915527344,26.329999923706055,24.600000381469727,25.790000915527344,536916
2025-03-04,25.243188858032227,25.6299991607666,25.93000030517578,24.809999465942383,25.09000015258789,787527
2025-03-05,25.21364402770996,25.600000381469727,26.31999969482422,25.510000228881836,25.8700008392334,1422141
2025-03-06,25.400775909423828,25.790000915527344,26.299999237060547,25.600000381469727,25.8799991607666,1072530
2025-03-07,25.016660690307617,25.399999618530273,26.200000762939453,25.25,25.75,1306049
2025-03-10,24.790132522583008,25.170000076293945,25.829999923706055,25.0,25.479999542236328,1370156
2025-03-11,24.484811782836914,24.860000610351562,25.079999923706055,24.399999618530273,25.0,1030337
2025-03-12,24.327226638793945,24.700000762939453,25.239999771118164,24.639999389648438,25.0,787870
2025-03-13,24.041603088378906,24.40999984741211,24.81999969482422,24.25,24.690000534057617,377086
2025-03-17,23.66733741760254,24.030000686645508,24.65999984741211,23.90999984741211,24.489999771118164,973700
2025-03-18,24.140092849731445,24.510000228881836,24.59000015258789,23.979999542236328,24.030000686645508,1071602
2025-03-19,25.518964767456055,25.90999984741211,26.170000076293945,24.510000228881836,24.510000228881836,3444639
2025-03-20,25.085603713989258,25.469999313354492,26.690000534057617,25.3700008392334,26.690000534057617,639264
2025-03-21,25.223491668701172,25.610000610351562,25.920000076293945,25.350000381469727,25.5,981219
2025-03-24,25.25303840637207,25.639999389648438,26.5,25.56999969482422,25.6200008392334,1416698
2025-03-25,24.740888595581055,25.1200008392334,26.200000762939453,24.940000534057617,26.0,742666
2025-03-26,24.258281707763672,24.6299991607666,25.81999969482422,24.520000457763672,25.299999237060547,1764937
2025-03-27,24.5636043548584,24.940000534057617,25.200000762939453,24.389999389648438,24.600000381469727,881490
2025-03-28,23.903715133666992,24.270000457763672,25.399999618530273,24.1200008392334,25.190000534057617,1910532
2025-04-01,24.937868118286133,25.31999969482422,25.489999771118164,24.299999237060547,24.5,1203496
2025-04-02,24.908321380615234,25.290000915527344,25.5,24.709999084472656,25.5,619439
2025-04-03,26.779647827148438,27.190000534057617,27.790000915527344,25.020000457763672,25.020000457763672,9569353
2025-04-04,26.169002532958984,26.56999969482422,27.729999542236328,26.100000381469727,27.729999542236328,3602340
2025-04-07,25.02651023864746,25.40999984741211,26.040000915527344,23.200000762939453,23.209999084472656,3504575
2025-04-08,25.331830978393555,25.719999313354492,26.56999969482422,25.440000534057617,25.440000534057617,730058
2025-04-09,25.056058883666992,25.440000534057617,25.760000228881836,25.229999542236328,25.450000762939453,745321
2025-04-11,25.686399459838867,26.079999923706055,26.440000534057617,25.65999984741211,26.440000534057617,1253018
2025-04-15,26.129608154296875,26.530000686645508,26.950000762939453,26.25,26.950000762939453,1110263
2025-04-16,26.64175796508789,27.049999237060547,27.25,26.420000076293945,26.690000534057617,1274617
2025-04-17,26.82889175415039,27.239999771118164,27.3799991607666,26.670000076293945,27.110000610351562,1241928
2025-04-21,26.996326446533203,27.40999984741211,27.540000915527344,27.100000381469727,27.290000915527344,488387
2025-04-22,28.838104248046875,29.280000686645508,29.719999313354492,27.389999389648438,27.450000762939453,5736108
2025-04-23,28.966142654418945,29.40999984741211,29.75,28.440000534057617,29.440000534057617,2976010
2025-04-24,28.749462127685547,29.190000534057617,29.3799991607666,28.860000610351562,29.25,469303
2025-04-25,27.43953514099121,27.860000610351562,29.149999618530273,27.600000381469727,28.920000076293945,696656
2025-04-28,27.705459594726562,28.1299991607666,28.299999237060547,27.5,27.940000534057617,471204
2025-04-29,27.18345832824707,27.600000381469727,28.65999984741211,27.399999618530273,28.170000076293945,1093551
2025-04-30,26.100059509277344,26.5,27.940000534057617,26.3799991607666,27.579999923706055,994204
2025-05-02,26.228097915649414,26.6299991607666,27.09000015258789,26.450000762939453,26.979999542236328,884938
2025-05-05,26.966777801513672,27.3799991607666,27.489999771118164,26.299999237060547,26.670000076293945,957557
2025-05-06,26.592514038085938,27.0,27.6299991607666,26.520000457763672,27.6200008392334,1037206
2025-05-07,27.094818115234375,27.510000228881836,27.799999237060547,26.020000457763672,26.020000457763672,843022
2025-05-08,27.360742568969727,27.780000686645508,28.540000915527344,27.389999389648438,27.670000076293945,2067392
2025-05-09,26.365985870361328,26.770000457763672,27.270000457763672,26.110000610351562,26.110000610351562,1097159
2025-05-12,27.981233596801758,28.40999984741211,28.489999771118164,27.719999313354492,27.829999923706055,1834538
2025-05-13,27.931989669799805,28.360000610351562,28.700000762939453,28.049999237060547,28.31999969482422,917533
2025-05-14,28.099424362182617,28.530000686645508,28.850000381469727,28.399999618530273,28.399999618530273,832945
2025-05-15,28.49338722229004,28.93000030517578,29.0,28.559999465942383,28.700000762939453,937690
2025-05-16,28.936594009399414,29.3799991607666,29.489999771118164,28.770000457763672,29.25,1247315
2025-05-19,29.379802703857422,29.829999923706055,30.3799991607666,29.510000228881836,29.510000228881836,2002951
2025-05-20,28.995689392089844,29.440000534057617,30.34000015258789,29.190000534057617,30.34000015258789,1109737
2025-05-21,32.97471618652344,33.47999954223633,34.599998474121094,28.899999618530273,29.540000915527344,3108033
2025-05-22,32.373924255371094,32.869998931884766,33.47999954223633,32.29999923706055,33.47999954223633,3424088
2025-05-23,31.802677154541016,32.290000915527344,32.790000915527344,32.04999923706055,32.790000915527344,1973015
2025-05-26,32.630001068115234,33.130001068115234,34.119998931884766,32.310001373291016,32.310001373291016,3774892
2025-05-27,32.720001220703125,32.720001220703125,32.959999084472656,32.459999084472656,32.95000076293945,1230729
2025-05-28,32.529998779296875,32.529998779296875,33.369998931884766,32.33000183105469,32.720001220703125,1450368
2025-05-29,32.09000015258789,32.09000015258789,32.88999938964844,31.799999237060547,32.88999938964844,501135
2025-05-30,31.790000915527344,31.790000915527344,32.29999923706055,31.5,32.099998474121094,1074889
2025-06-02,30.829999923706055,30.829999923706055,31.959999084472656,30.700000762939453,31.959999084472656,2265231
2025-06-03,30.809999465942383,30.809999465942383,33.09000015258789,30.440000534057617,31.209999084472656,6499416
2025-06-04,31.040000915527344,31.040000915527344,31.3799991607666,30.440000534057617,31.3799991607666,704103
2025-06-05,31.020000457763672,31.020000457763672,31.43000030517578,30.850000381469727,31.06999969482422,1185094
2025-06-06,30.860000610351562,30.860000610351562,31.200000762939453,30.770000457763672,30.90999984741211,353798
2025-06-09,30.899999618530273,30.899999618530273,31.31999969482422,30.809999465942383,30.920000076293945,436645
2025-06-10,31.3799991607666,31.3799991607666,31.739999771118164,30.950000762939453,30.979999542236328,975189
2025-06-11,32.0,32.0,33.130001068115234,31.469999313354492,31.600000381469727,5589408
2025-06-12,31.399999618530273,31.399999618530273,32.20000076293945,31.020000457763672,32.20000076293945,1481953
2025-06-13,30.690000534057617,30.690000534057617,31.020000457763672,30.350000381469727,31.010000228881836,2116861
2025-06-16,30.43000030517578,30.43000030517578,30.899999618530273,30.010000228881836,30.520000457763672,623844
2025-06-17,30.559999465942383,30.559999465942383,31.170000076293945,30.40999984741211,30.469999313354492,1231451
2025-06-18,30.020000457763672,30.020000457763672,30.799999237060547,29.899999618530273,30.799999237060547,487481
2025-06-19,29.229999542236328,29.229999542236328,30.260000228881836,29.079999923706055,30.030000686645508,646601
2025-06-20,29.579999923706055,29.579999923706055,29.700000762939453,28.93000030517578,29.219999313354492,790481
2025-06-23,29.829999923706055,29.829999923706055,29.969999313354492,29.040000915527344,29.1200008392334,412621
2025-06-24,30.170000076293945,30.170000076293945,30.649999618530273,30.040000915527344,30.649999618530273,450917
2025-06-25,30.59000015258789,30.59000015258789,30.850000381469727,30.209999084472656,30.260000228881836,834193
2025-06-26,31.6200008392334,31.6200008392334,32.150001525878906,31.010000228881836,31.010000228881836,3085910
2025-06-27,31.530000686645508,31.530000686645508,31.920000076293945,31.389999389648438,31.6200008392334,1186168
2025-06-30,31.309999465942383,31.309999465942383,31.889999389648438,31.229999542236328,31.559999465942383,391564
2025-07-01,31.1200008392334,31.1200008392334,31.6200008392334,31.020000457763672,31.440000534057617,268511
2025-07-02,30.739999771118164,30.739999771118164,31.1200008392334,30.600000381469727,30.959999084472656,1012951
2025-07-03,30.81999969482422,30.81999969482422,30.93000030517578,30.559999465942383,30.889999389648438,677074
2025-07-04,31.25,31.25,31.459999084472656,30.75,30.850000381469727,706425
2025-07-07,31.1299991607666,31.1299991607666,31.65999984741211,31.06999969482422,31.299999237060547,795744
2025-07-08,32.290000915527344,32.290000915527344,33.099998474121094,31.290000915527344,31.290000915527344,8720030
2025-07-09,32.310001373291016,32.310001373291016,32.54999923706055,31.940000534057617,32.380001068115234,1516464
2025-07-10,32.08000183105469,32.08000183105469,32.470001220703125,31.950000762939453,32.400001525878906,937380
2025-07-11,31.670000076293945,31.670000076293945,32.189998626708984,31.530000686645508,31.959999084472656,278879
2025-07-14,31.190000534057617,31.190000534057617,31.770000457763672,31.1200008392334,31.770000457763672,438851
2025-07-15,31.360000610351562,31.360000610351562,31.65999984741211,31.229999542236328,31.229999542236328,854396
2025-07-16,31.389999389648438,31.389999389648438,31.809999465942383,31.299999237060547,31.389999389648438,667426
2025-07-17,31.860000610351562,31.860000610351562,32.209999084472656,31.420000076293945,31.43000030517578,1863286
2025-07-18,31.510000228881836,31.510000228881836,32.11000061035156,31.40999984741211,32.08000183105469,1081119
2025-07-21,31.579999923706055,31.579999923706055,31.829999923706055,31.420000076293945,31.549999237060547,961684
2025-07-22,30.3799991607666,30.3799991607666,31.760000228881836,29.75,31.729999542236328,1886009
2025-07-23,31.0,31.0,31.1299991607666,30.43000030517578,30.469999313354492,1401763
2025-07-24,31.520000457763672,31.520000457763672,31.899999618530273,31.020000457763672,31.229999542236328,1648465
2025-07-25,31.559999465942383,31.559999465942383,33.70000076293945,31.040000915527344,32.720001220703125,9822880
2025-07-28,30.739999771118164,30.739999771118164,31.899999618530273,30.530000686645508,31.610000610351562,2987868
2025-07-29,31.020000457763672,31.020000457763672,31.209999084472656,30.149999618530273,30.739999771118164,1663726
2025-07-30,30.700000762939453,30.700000762939453,31.15999984741211,30.600000381469727,31.09000015258789,1164626
2025-07-31,30.0,30.0,30.479999542236328,29.25,29.760000228881836,1769305
2025-08-01,28.950000762939453,28.950000762939453,30.100000381469727,28.68000030517578,30.0,1550425
2025-08-04,28.670000076293945,28.670000076293945,29.229999542236328,28.3799991607666,29.049999237060547,1706297
2025-08-05,28.489999771118164,28.489999771118164,29.09000015258789,28.399999618530273,28.729999542236328,947956
2025-08-06,28.09000015258789,28.09000015258789,28.829999923706055,28.020000457763672,28.5,1065857
2025-08-07,28.06999969482422,28.06999969482422,28.280000686645508,27.459999084472656,27.850000381469727,1368599
2025-08-08,27.700000762939453,27.700000762939453,28.31999969482422,27.56999969482422,28.219999313354492,603700
2025-08-11,27.600000381469727,27.600000381469727,27.850000381469727,27.25,27.739999771118164,962001
2025-08-12,27.889999389648438,27.889999389648438,28.030000686645508,27.549999237060547,27.549999237060547,731731
2025-08-13,28.110000610351562,28.110000610351562,28.200000762939453,27.81999969482422,27.940000534057617,322016
2025-08-14,27.950000762939453,27.950000762939453,28.299999237060547,27.829999923706055,28.25,530841
2025-08-18,28.100000381469727,28.100000381469727,28.469999313354492,28.030000686645508,28.040000915527344,267306
2025-08-19,28.75,28.75,28.860000610351562,28.049999237060547,28.239999771118164,1182454
2025-08-20,28.93000030517578,28.93000030517578,29.139999389648438,28.510000228881836,28.75,763684
2025-08-21,28.639999389648438,28.639999389648438,29.100000381469727,28.549999237060547,28.90999984741211,726964
2025-08-22,28.510000228881836,28.510000228881836,28.75,28.290000915527344,28.520000457763672,597755
2025-08-25,28.25,28.25,28.700000762939453,28.149999618530273,28.290000915527344,746623
2025-08-26,27.75,27.75,28.239999771118164,27.579999923706055,28.239999771118164,865794
2025-08-28,27.469999313354492,27.469999313354492,27.68000030517578,27.149999618530273,27.219999313354492,811119
2025-08-29,27.399999618530273,27.399999618530273,27.799999237060547,27.209999084472656,27.459999084472656,234470
2025-09-01,27.6299991607666,27.6299991607666,27.75,27.299999237060547,27.350000381469727,744737
2025-09-02,28.43000030517578,28.43000030517578,28.81999969482422,27.56999969482422,27.649999618530273,1247666
2025-09-03,28.420000076293945,28.420000076293945,28.68000030517578,28.239999771118164,28.290000915527344,678835
2025-09-04,28.350000381469727,28.350000381469727,29.020000457763672,28.200000762939453,28.860000610351562,985830
2025-09-05,28.260000228881836,28.260000228881836,28.5,28.079999923706055,28.360000610351562,449767
2025-09-08,28.25,28.25,28.59000015258789,28.09000015258789,28.280000686645508,656058
2025-09-09,28.1200008392334,28.1200008392334,28.489999771118164,28.040000915527344,28.280000686645508,657516
2025-09-10,29.190000534057617,29.190000534057617,30.0,28.479999542236328,28.489999771118164,3794434
2025-09-11,29.079999923706055,29.079999923706055,29.25,28.799999237060547,29.15999984741211,767766
2025-09-12,28.8700008392334,28.8700008392334,29.3799991607666,28.790000915527344,29.350000381469727,424583
2025-09-15,29.010000228881836,29.010000228881836,29.209999084472656,28.829999923706055,29.110000610351562,433744
2025-09-16,29.770000457763672,29.770000457763672,30.360000610351562,29.049999237060547,29.1299991607666,1828231
2025-09-17,29.959999084472656,29.959999084472656,30.239999771118164,29.700000762939453,29.809999465942383,992425
2025-09-18,29.84000015258789,29.84000015258789,30.270000457763672,29.709999084472656,29.979999542236328,705248
2025-09-19,30.1200008392334,30.1200008392334,30.25,29.75,29.940000534057617,352904
2025-09-22,30.350000381469727,30.350000381469727,30.639999389648438,29.190000534057617,29.190000534057617,1161173
2025-09-23,29.889999389648438,29.889999389648438,30.489999771118164,29.719999313354492,30.15999984741211,815839
2025-09-24,29.559999465942383,29.559999465942383,29.950000762939453,29.5,29.770000457763672,660953
2025-09-25,29.09000015258789,29.09000015258789,29.690000534057617,29.010000228881836,29.559999465942383,549376
2025-09-26,28.68000030517578,28.68000030517578,29.020000457763672,28.399999618530273,29.020000457763672,621420
2025-09-29,28.170000076293945,28.170000076293945,28.760000228881836,28.049999237060547,28.56999969482422,283309
2025-09-30,28.15999984741211,28.15999984741211,28.600000381469727,28.0,28.15999984741211,403671
2025-10-01,28.329999923706055,28.329999923706055,28.489999771118164,28.020000457763672,28.15999984741211,197906
2025-10-03,28.59000015258789,28.59000015258789,28.649999618530273,28.18000030517578,28.18000030517578,631197
2025-10-06,28.420000076293945,28.420000076293945,28.809999465942383,28.299999237060547,28.649999618530273,261157
2025-10-07,28.31999969482422,28.31999969482422,28.59000015258789,28.139999389648438,28.139999389648438,524845
2025-10-08,28.290000915527344,28.290000915527344,28.5,28.139999389648438,28.329999923706055,223188
2025-10-09,28.100000381469727,28.100000381469727,28.3700008392334,28.010000228881836,28.149999618530273,200079
2025-10-10,28.350000381469727,28.350000381469727,28.559999465942383,28.100000381469727,28.100000381469727,258144
2025-10-13,28.18000030517578,28.18000030517578,28.360000610351562,28.079999923706055,28.200000762939453,497489
2025-10-14,27.850000381469727,27.850000381469727,28.299999237060547,27.799999237060547,28.1299991607666,554929
2025-10-15,27.81999969482422,27.81999969482422,27.989999771118164,27.75,27.799999237060547,582375
2025-10-16,28.079999923706055,28.079999923706055,28.450000762939453,27.850000381469727,27.850000381469727,205356
2025-10-17,27.920000076293945,27.920000076293945,28.1299991607666,27.809999465942383,27.959999084472656,532868
2025-10-20,27.93000030517578,27.93000030517578,28.06999969482422,27.6200008392334,27.860000610351562,492564
2025-10-21,28.200000762939453,28.200000762939453,28.299999237060547,27.760000228881836,27.760000228881836,341220
2025-10-23,28.729999542236328,28.729999542236328,29.579999923706055,28.559999465942383,28.8700008392334,2465644
2025-10-24,28.59000015258789,28.59000015258789,28.93000030517578,28.399999618530273,28.700000762939453,553020
2025-10-27,28.610000610351562,28.610000610351562,28.700000762939453,28.520000457763672,28.649999618530273,589919
2025-10-28,28.479999542236328,28.479999542236328,28.780000686645508,28.399999618530273,28.780000686645508,196870
2025-10-29,29.0,29.0,29.239999771118164,28.469999313354492,28.469999313354492,402449
2025-10-30,28.809999465942383,28.809999465942383,29.059999465942383,28.700000762939453,29.0,441414
2025-10-31,28.639999389648438,28.639999389648438,28.950000762939453,28.530000686645508,28.670000076293945,431941
2025-11-03,28.899999618530273,28.899999618530273,29.139999389648438,28.59000015258789,28.600000381469727,648686
2025-11-04,28.639999389648438,28.639999389648438,29.09000015258789,28.540000915527344,29.09000015258789,192466
2025-11-06,28.06999969482422,28.06999969482422,28.639999389648438,28.0,28.600000381469727,654293
2025-11-07,28.06999969482422,28.06999969482422,28.299999237060547,27.700000762939453,28.010000228881836,667234
2025-11-10,27.940000534057617,27.940000534057617,28.139999389648438,27.899999618530273,28.049999237060547,400759
2025-11-11,28.110000610351562,28.110000610351562,28.309999465942383,27.809999465942383,28.1299991607666,486597
2025-11-12,28.920000076293945,28.920000076293945,28.989999771118164,28.260000228881836,28.6200008392334,499644
2025-11-13,28.790000915527344,28.790000915527344,29.100000381469727,28.399999618530273,29.100000381469727,777430
2025-11-14,28.219999313354492,28.219999313354492,28.68000030517578,28.030000686645508,28.68000030517578,708361
2025-11-17,28.469999313354492,28.469999313354492,28.950000762939453,28.280000686645508,28.280000686645508,739523
2025-11-18,28.3700008392334,28.3700008392334,28.579999923706055,28.219999313354492,28.440000534057617,551268
2025-11-19,28.56999969482422,28.56999969482422,28.68000030517578,28.34000015258789,28.34000015258789,299860
2025-11-20,28.579999923706055,28.579999923706055,28.790000915527344,28.469999313354492,28.600000381469727,535562
2025-11-21,28.3799991607666,28.3799991607666,28.68000030517578,28.309999465942383,28.540000915527344,218682
2025-11-24,28.059999465942383,28.059999465942383,28.5,27.940000534057617,28.399999618530273,502229
2025-11-25,27.809999465942383,27.809999465942383,28.229999542236328,27.75,28.15999984741211,466116
2025-11-26,28.329999923706055,28.329999923706055,28.459999084472656,27.719999313354492,27.780000686645508,305646
2025-11-27,28.200000762939453,28.200000762939453,28.540000915527344,28.049999237060547,28.329999923706055,182377
2025-11-28,28.219999313354492,28.219999313354492,28.399999618530273,27.959999084472656,28.139999389648438,386683
2025-12-01,28.040000915527344,28.040000915527344,28.489999771118164,27.889999389648438,28.309999465942383,198240
2025-12-02,27.920000076293945,27.920000076293945,28.020000457763672,27.690000534057617,27.860000610351562,110230
2025-12-03,28.110000610351562,28.110000610351562,28.149999618530273,27.700000762939453,27.8799991607666,445759
2025-12-04,27.989999771118164,27.989999771118164,28.229999542236328,27.90999984741211,27.989999771118164,182526
2025-12-05,27.850000381469727,27.850000381469727,27.989999771118164,27.770000457763672,27.799999237060547,432430
2025-12-08,27.06999969482422,27.06999969482422,27.920000076293945,27.0,27.780000686645508,709899
2025-12-09,27.56999969482422,27.56999969482422,27.8700008392334,26.6299991607666,26.90999984741211,220813
2025-12-10,27.649999618530273,27.649999618530273,28.0,27.549999237060547,27.6200008392334,133058
2025-12-11,27.700000762939453,27.700000762939453,27.93000030517578,27.5,27.5,131785
2025-12-12,27.649999618530273,27.649999618530273,27.920000076293945,27.540000915527344,27.709999084472656,352362
2025-12-15,27.40999984741211,27.40999984741211,27.649999618530273,27.34000015258789,27.3799991607666,411842
2025-12-16,27.030000686645508,27.030000686645508,27.5,27.0,27.309999465942383,560027
2025-12-17,27.030000686645508,27.030000686645508,27.40999984741211,26.899999618530273,27.0,561886
2025-12-18,26.709999084472656,26.709999084472656,27.0,26.450000762939453,26.93000030517578,542500
2025-12-19,26.959999084472656,26.959999084472656,27.18000030517578,26.209999084472656,26.209999084472656,682547
2025-12-22,26.979999542236328,26.979999542236328,27.149999618530273,26.93000030517578,26.93000030517578,387752
2025-12-23,27.110000610351562,27.110000610351562,27.489999771118164,26.959999084472656,26.959999084472656,336977
2025-12-24,27.06999969482422,27.06999969482422,27.219999313354492,26.969999313354492,27.100000381469727,153096
2025-12-26,26.889999389648438,26.889999389648438,27.1299991607666,26.850000381469727,27.0,462490
2025-12-29,26.56999969482422,26.56999969482422,26.8700008392334,26.5,26.770000457763672,481435
2025-12-30,26.579999923706055,26.579999923706055,26.649999618530273,26.3700008392334,26.3700008392334,405297
2025-12-31,26.760000228881836,26.760000228881836,26.889999389648438,26.549999237060547,26.549999237060547,221103
2026-01-01,26.829999923706055,26.829999923706055,26.950000762939453,26.670000076293945,26.770000457763672,357463
2026-01-02,27.030000686645508,27.030000686645508,27.079999923706055,26.670000076293945,26.709999084472656,578483
2026-01-05,26.950000762939453,26.950000762939453,27.290000915527344,26.889999389648438,27.010000228881836,529059
2026-01-06,26.6200008392334,26.6200008392334,26.940000534057617,26.549999237060547,26.809999465942383,459207
2026-01-07,26.260000228881836,26.260000228881836,26.690000534057617,26.100000381469727,26.549999237060547,311261
2026-01-08,27.1200008392334,27.1200008392334,28.5,26.1299991607666,26.170000076293945,8615436
2026-01-09,26.229999542236328,26.229999542236328,27.09000015258789,25.81999969482422,27.09000015258789,1803138
2026-01-12,25.469999313354492,25.469999313354492,26.200000762939453,25.040000915527344,26.190000534057617,1392286
2026-01-13,25.389999389648438,25.389999389648438,25.989999771118164,25.299999237060547,25.549999237060547,748014
2026-01-14,25.450000762939453,25.450000762939453,25.600000381469727,25.209999084472656,25.3799991607666,594614
2026-01-16,25.5,25.5,25.639999389648438,25.31999969482422,25.459999084472656,581471
2026-01-19,25.190000534057617,25.190000534057617,25.549999237060547,25.079999923706055,25.549999237060547,322600
2026-01-20,24.68000030517578,24.68000030517578,25.110000610351562,24.520000457763672,25.049999237060547,867445
2026-01-21,24.559999465942383,24.559999465942383,24.799999237060547,24.110000610351562,24.690000534057617,1267497
2026-01-22,26.100000381469727,26.100000381469727,26.579999923706055,24.75,24.75,1273297
2026-01-23,25.3799991607666,25.3799991607666,26.34000015258789,25.100000381469727,26.34000015258789,412824
2026-01-27,25.850000381469727,25.850000381469727,26.420000076293945,25.299999237060547,26.010000228881836,1559596
2026-01-28,26.239999771118164,26.239999771118164,26.399999618530273,25.899999618530273,26.309999465942383,1084211
2026-01-29,25.799999237060547,25.799999237060547,26.489999771118164,25.639999389648438,26.3799991607666,445754
2026-01-30,25.989999771118164,25.989999771118164,26.290000915527344,25.260000228881836,25.690000534057617,935117
2026-02-02,25.809999465942383,25.809999465942383,25.940000534057617,25.100000381469727,25.860000610351562,1064698
2026-02-03,28.719999313354492,28.719999313354492,30.850000381469727,28.290000915527344,30.510000228881836,7277341
2026-02-04,29.290000915527344,29.290000915527344,29.989999771118164,28.600000381469727,29.079999923706055,4727107
2026-02-05,28.209999084472656,28.209999084472656,29.31999969482422,28.06999969482422,29.31999969482422,1377978
2026-02-06,27.68000030517578,27.68000030517578,28.200000762939453,27.270000457763672,28.09000015258789,918385
2026-02-09,28.360000610351562,28.360000610351562,28.739999771118164,27.81999969482422,28.15999984741211,1233484
2026-02-10,27.5,27.5,27.940000534057617,27.149999618530273,27.719999313354492,2020594
2026-02-11,26.93000030517578,26.93000030517578,27.670000076293945,26.700000762939453,27.170000076293945,1374003
2026-02-12,26.6299991607666,26.6299991607666,27.399999618530273,26.3799991607666,26.5,1649292
2026-02-13,26.700000762939453,26.700000762939453,27.459999084472656,26.049999237060547,26.56999969482422,743257
2026-02-16,26.40999984741211,26.40999984741211,26.799999237060547,26.290000915527344,26.709999084472656,665513
2026-02-17,26.3799991607666,26.3799991607666,26.600000381469727,26.25,26.3799991607666,471142
2026-02-18,26.299999237060547,26.299999237060547,26.6299991607666,26.209999084472656,26.360000610351562,312012
2026-02-19,25.920000076293945,25.920000076293945,26.350000381469727,25.649999618530273,26.239999771118164,595288
2026-02-20,25.540000915527344,25.540000915527344,25.920000076293945,25.5,25.889999389648438,516619
2026-02-23,26.579999923706055,26.579999923706055,27.450000762939453,25.760000228881836,25.760000228881836,5005924
2026-02-24,25.889999389648438,25.889999389648438,26.5,25.610000610351562,26.450000762939453,1119452
2026-02-25,26.0,26.0,26.190000534057617,25.40999984741211,25.809999465942383,873588
2026-02-26,25.690000534057617,25.690000534057617,26.0,25.549999237060547,25.8799991607666,492559
2026-02-27,25.559999465942383,25.559999465942383,25.8799991607666,25.329999923706055,25.8799991607666,545412
2026-03-02,24.469999313354492,24.469999313354492,24.940000534057617,22.65999984741211,22.65999984741211,600685
2026-03-04,23.59000015258789,23.59000015258789,24.239999771118164,23.40999984741211,23.40999984741211,1517813
2026-03-05,23.8700008392334,23.8700008392334,24.1200008392334,23.549999237060547,23.860000610351562,787639
2026-03-06,23.709999084472656,23.709999084472656,24.06999969482422,23.549999237060547,23.6200008392334,434599
2026-03-09,22.959999084472656,22.959999084472656,23.450000762939453,22.68000030517578,23.06999969482422,1199064
2026-03-10,23.170000076293945,23.170000076293945,23.510000228881836,22.989999771118164,23.020000457763672,440041
2026-03-11,23.18000030517578,23.18000030517578,23.610000610351562,23.010000228881836,23.299999237060547,246291
2026-03-12,23.299999237060547,23.299999237060547,23.5,22.6200008392334,23.049999237060547,679944
2026-03-13,22.93000030517578,22.93000030517578,23.299999237060547,22.850000381469727,23.299999237060547,538527
2026-03-16,22.59000015258789,22.59000015258789,23.200000762939453,22.190000534057617,22.790000915527344,430792
2026-03-17,22.100000381469727,22.100000381469727,22.670000076293945,22.0,22.65999984741211,611921
2026-03-18,24.5,24.5,25.100000381469727,22.190000534057617,22.260000228881836,3917379
2026-03-19,23.649999618530273,23.649999618530273,24.030000686645508,23.34000015258789,24.030000686645508,1380851
2026-03-20,24.260000228881836,24.260000228881836,24.420000076293945,23.649999618530273,23.700000762939453,972130
2026-03-23,25.079999923706055,25.079999923706055,25.75,23.0,23.610000610351562,3401244
2026-03-24,25.40999984741211,25.40999984741211,25.540000915527344,24.239999771118164,25.15999984741211,2157452
2026-03-25,24.780000686645508,24.780000686645508,25.56999969482422,24.399999618530273,25.329999923706055,1269523
2026-03-27,23.790000915527344,23.790000915527344,24.600000381469727,23.549999237060547,24.209999084472656,1576029
2026-03-30,22.540000915527344,22.540000915527344,23.56999969482422,22.309999465942383,23.3700008392334,1979263
2026-04-01,23.8799991607666,23.8799991607666,24.06999969482422,23.030000686645508,23.309999465942383,1311272
2026-04-02,24.06999969482422,24.06999969482422,24.34000015258789,22.979999542236328,23.299999237060547,518493
2026-04-06,24.219999313354492,24.219999313354492,24.299999237060547,23.59000015258789,24.209999084472656,545585
