Date,adj close,close,high,low,open,volume
2021-03-30,2.2100000381469727,2.2100000381469727,2.3299999237060547,2.190000057220459,2.3299999237060547,718957
2021-03-31,2.2699999809265137,2.2699999809265137,2.319999933242798,2.0999999046325684,2.200000047683716,1533620
2021-04-01,2.369999885559082,2.369999885559082,2.380000114440918,2.2699999809265137,2.319999933242798,504814
2021-04-05,2.259999990463257,2.259999990463257,2.4800000190734863,2.259999990463257,2.2699999809265137,292004
2021-04-06,2.1500000953674316,2.1500000953674316,2.25,2.1500000953674316,2.25,817063
2021-04-07,2.130000114440918,2.130000114440918,2.200000047683716,2.049999952316284,2.0999999046325684,1373189
2021-04-08,2.2300000190734863,2.2300000190734863,2.299999952316284,2.119999885559082,2.119999885559082,564900
2021-04-09,2.200000047683716,2.200000047683716,2.299999952316284,2.069999933242798,2.299999952316284,419079
2021-04-12,1.9800000190734863,1.9800000190734863,2.180000066757202,1.9800000190734863,2.180000066757202,1807893
2021-04-13,2.0199999809265137,2.0199999809265137,2.0899999141693115,2.0,2.0199999809265137,128341
2021-04-15,2.009999990463257,2.009999990463257,2.059999942779541,1.8200000524520874,2.0299999713897705,377119
2021-04-16,2.009999990463257,2.009999990463257,2.049999952316284,1.940000057220459,1.9800000190734863,183423
2021-04-19,1.809999942779541,1.809999942779541,1.9600000381469727,1.809999942779541,1.899999976158142,673838
2021-04-20,1.690000057220459,1.690000057220459,1.909999966621399,1.6299999952316284,1.7999999523162842,2894740
2021-04-22,1.840000033378601,1.840000033378601,1.850000023841858,1.649999976158142,1.7000000476837158,617713
2021-04-23,2.0199999809265137,2.0199999809265137,2.0199999809265137,1.7000000476837158,1.9700000286102295,1220773
2021-04-26,2.2200000286102295,2.2200000286102295,2.2200000286102295,1.9900000095367432,2.140000104904175,3251501
2021-04-27,2.0,2.0,2.440000057220459,2.0,2.299999952316284,5252381
2021-04-28,1.8700000047683716,1.8700000047683716,1.9500000476837158,1.8200000524520874,1.899999976158142,2732158
2021-04-29,1.9700000286102295,1.9700000286102295,2.009999990463257,1.840000033378601,1.9500000476837158,2637556
2021-04-30,1.899999976158142,1.899999976158142,1.9900000095367432,1.8700000047683716,1.9700000286102295,876089
2021-05-03,1.909999966621399,1.909999966621399,1.9600000381469727,1.8899999856948853,1.899999976158142,531212
2021-05-04,1.8899999856948853,1.8899999856948853,1.9500000476837158,1.8700000047683716,1.9299999475479126,1138216
2021-05-05,1.8899999856948853,1.8899999856948853,1.940000057220459,1.8600000143051147,1.8700000047683716,771665
2021-05-06,1.850000023841858,1.850000023841858,1.8899999856948853,1.75,1.8899999856948853,1256504
2021-05-07,1.909999966621399,1.909999966621399,1.9600000381469727,1.7999999523162842,1.8899999856948853,1354277
2021-05-10,1.9199999570846558,1.9199999570846558,1.940000057220459,1.850000023841858,1.899999976158142,918537
2021-05-11,2.109999895095825,2.109999895095825,2.109999895095825,1.8700000047683716,1.9199999570846558,1740624
2021-05-12,2.319999933242798,2.319999933242798,2.319999933242798,2.140000104904175,2.2300000190734863,3253088
2021-05-14,2.5399999618530273,2.5399999618530273,2.549999952316284,2.309999942779541,2.309999942779541,5674958
2021-05-17,2.4200000762939453,2.4200000762939453,2.5899999141693115,2.4200000762939453,2.5399999618530273,2073037
2021-05-18,2.299999952316284,2.299999952316284,2.3499999046325684,2.299999952316284,2.319999933242798,406837
2021-05-19,2.240000009536743,2.240000009536743,2.309999942779541,2.190000057220459,2.2100000381469727,2384480
2021-05-20,2.309999942779541,2.309999942779541,2.3499999046325684,2.240000009536743,2.319999933242798,398725
2021-05-21,2.2899999618530273,2.2899999618530273,2.369999885559082,2.25,2.25,321220
2021-05-24,2.390000104904175,2.390000104904175,2.4000000953674316,2.25,2.3499999046325684,374067
2021-05-25,2.319999933242798,2.319999933242798,2.490000009536743,2.299999952316284,2.490000009536743,285793
2021-05-26,2.369999885559082,2.369999885559082,2.430000066757202,2.25,2.4000000953674316,313419
2021-05-27,2.3499999046325684,2.3499999046325684,2.4000000953674316,2.2699999809265137,2.4000000953674316,716591
2021-05-28,2.2699999809265137,2.2699999809265137,2.369999885559082,2.25,2.299999952316284,416575
2021-05-31,2.200000047683716,2.200000047683716,2.2799999713897705,2.1700000762939453,2.180000066757202,338472
2021-06-01,2.2300000190734863,2.2300000190734863,2.2899999618530273,2.1600000858306885,2.25,318116
2021-06-02,2.2699999809265137,2.2699999809265137,2.2699999809265137,2.1500000953674316,2.2300000190734863,299867
2021-06-03,2.369999885559082,2.369999885559082,2.380000114440918,2.2300000190734863,2.3499999046325684,1212422
2021-06-04,2.4700000286102295,2.4700000286102295,2.4800000190734863,2.3499999046325684,2.430000066757202,1269730
2021-06-07,2.5899999141693115,2.5899999141693115,2.5899999141693115,2.4800000190734863,2.5899999141693115,882000
2021-06-08,2.7100000381469727,2.7100000381469727,2.7100000381469727,2.7100000381469727,2.7100000381469727,1762994
2021-06-09,2.0399999618530273,2.0399999618530273,2.0399999618530273,2.0399999618530273,2.0399999618530273,211079
2021-06-10,2.140000104904175,2.140000104904175,2.140000104904175,2.140000104904175,2.140000104904175,115480
2021-06-11,2.240000009536743,2.240000009536743,2.240000009536743,2.240000009536743,2.240000009536743,128782
2021-06-14,2.3499999046325684,2.3499999046325684,2.3499999046325684,2.2100000381469727,2.3499999046325684,2607790
2021-06-15,2.390000104904175,2.390000104904175,2.450000047683716,2.240000009536743,2.450000047683716,2343926
2021-06-16,2.2899999618530273,2.2899999618530273,2.450000047683716,2.2799999713897705,2.450000047683716,1197917
2021-06-17,2.25,2.25,2.2799999713897705,2.180000066757202,2.2699999809265137,951980
2021-06-18,2.200000047683716,2.200000047683716,2.3299999237060547,2.140000104904175,2.3299999237060547,813098
2021-06-21,2.240000009536743,2.240000009536743,2.259999990463257,2.140000104904175,2.259999990463257,604451
2021-06-22,2.180000066757202,2.180000066757202,2.259999990463257,2.130000114440918,2.259999990463257,731716
2021-06-23,2.109999895095825,2.109999895095825,2.180000066757202,2.0799999237060547,2.0799999237060547,1077322
2021-06-24,2.1700000762939453,2.1700000762939453,2.2100000381469727,2.049999952316284,2.180000066757202,645702
2021-06-25,2.180000066757202,2.180000066757202,2.25,2.0999999046325684,2.1500000953674316,1197036
2021-06-28,2.1600000858306885,2.1600000858306885,2.240000009536743,2.0999999046325684,2.240000009536743,738790
2021-06-29,2.069999933242798,2.069999933242798,2.1500000953674316,2.059999942779541,2.1500000953674316,963704
2021-06-30,2.0299999713897705,2.0299999713897705,2.119999885559082,1.9700000286102295,2.0999999046325684,817590
2021-07-01,2.0299999713897705,2.0299999713897705,2.0999999046325684,1.9299999475479126,2.0999999046325684,715110
2021-07-02,2.109999895095825,2.109999895095825,2.119999885559082,1.9500000476837158,2.069999933242798,660419
2021-07-05,2.2100000381469727,2.2100000381469727,2.2100000381469727,2.009999990463257,2.1500000953674316,1125716
2021-07-06,2.319999933242798,2.319999933242798,2.319999933242798,2.2300000190734863,2.259999990463257,1353082
2021-07-07,2.299999952316284,2.299999952316284,2.430000066757202,2.2100000381469727,2.430000066757202,1156147
2021-07-08,2.259999990463257,2.259999990463257,2.390000104904175,2.25,2.3499999046325684,385339
2021-07-09,2.1500000953674316,2.1500000953674316,2.1500000953674316,2.1500000953674316,2.1500000953674316,427183
2021-07-12,2.049999952316284,2.049999952316284,2.049999952316284,2.049999952316284,2.049999952316284,1406307
2021-07-13,1.9500000476837158,1.9500000476837158,1.9500000476837158,1.9500000476837158,1.9500000476837158,3500055
2021-07-14,2.0299999713897705,2.0299999713897705,2.0399999618530273,1.8600000143051147,1.8600000143051147,10243910
2021-07-15,1.9299999475479126,1.9299999475479126,1.940000057220459,1.9299999475479126,1.9299999475479126,1982255
2021-07-16,1.840000033378601,1.840000033378601,1.8899999856948853,1.840000033378601,1.840000033378601,4749071
2021-07-19,1.9299999475479126,1.9299999475479126,1.9299999475479126,1.75,1.75,8611259
2021-07-20,2.0199999809265137,2.0199999809265137,2.0199999809265137,1.9500000476837158,2.0199999809265137,13411980
2021-07-22,2.119999885559082,2.119999885559082,2.119999885559082,2.119999885559082,2.119999885559082,2261430
2021-07-23,2.2200000286102295,2.2200000286102295,2.2200000286102295,2.1500000953674316,2.2200000286102295,47188270
2021-07-26,2.3299999237060547,2.3299999237060547,2.3299999237060547,2.259999990463257,2.3299999237060547,12568920
2021-07-27,2.440000057220459,2.440000057220459,2.440000057220459,2.25,2.440000057220459,73029550
2021-07-28,2.390000104904175,2.390000104904175,2.559999942779541,2.319999933242798,2.559999942779541,35574020
2021-07-29,2.2799999713897705,2.2799999713897705,2.5,2.2799999713897705,2.450000047683716,14717790
2021-07-30,2.1700000762939453,2.1700000762939453,2.240000009536743,2.1700000762939453,2.2100000381469727,4422904
2021-08-02,2.2699999809265137,2.2699999809265137,2.2699999809265137,2.109999895095825,2.130000114440918,4318842
2021-08-03,2.380000114440918,2.380000114440918,2.380000114440918,2.299999952316284,2.299999952316284,4110559
2021-08-04,2.4100000858306885,2.4100000858306885,2.440000057220459,2.2799999713897705,2.4100000858306885,5008726
2021-08-05,2.390000104904175,2.390000104904175,2.4200000762939453,2.2899999618530273,2.369999885559082,5209800
2021-08-06,2.3499999046325684,2.3499999046325684,2.4200000762939453,2.3299999237060547,2.4100000858306885,2432721
2021-08-09,2.359999895095825,2.359999895095825,2.450000047683716,2.319999933242798,2.4000000953674316,3481897
2021-08-10,2.2699999809265137,2.2699999809265137,2.3499999046325684,2.25,2.3499999046325684,5041209
2021-08-11,2.180000066757202,2.180000066757202,2.2799999713897705,2.1600000858306885,2.2799999713897705,4516239
2021-08-12,2.2699999809265137,2.2699999809265137,2.2799999713897705,2.1700000762939453,2.190000057220459,1921758
2021-08-13,2.240000009536743,2.240000009536743,2.319999933242798,2.2300000190734863,2.319999933242798,993854
2021-08-16,2.2899999618530273,2.2899999618530273,2.299999952316284,2.1600000858306885,2.2699999809265137,2264251
2021-08-17,2.259999990463257,2.259999990463257,2.2899999618530273,2.240000009536743,2.2699999809265137,1859824
2021-08-18,2.309999942779541,2.309999942779541,2.3499999046325684,2.2799999713897705,2.299999952316284,2066624
2021-08-20,2.2899999618530273,2.2899999618530273,2.319999933242798,2.259999990463257,2.319999933242798,1888716
2021-08-23,2.180000066757202,2.180000066757202,2.3299999237060547,2.180000066757202,2.3299999237060547,4096971
2021-08-24,2.0999999046325684,2.0999999046325684,2.180000066757202,2.0899999141693115,2.1500000953674316,3751045
2021-08-25,2.069999933242798,2.069999933242798,2.1600000858306885,2.069999933242798,2.0999999046325684,2670708
2021-08-26,2.0799999237060547,2.0799999237060547,2.140000104904175,2.059999942779541,2.059999942779541,4449098
2021-08-27,2.069999933242798,2.069999933242798,2.0999999046325684,2.049999952316284,2.0999999046325684,1552464
2021-08-30,2.1700000762939453,2.1700000762939453,2.1700000762939453,2.059999942779541,2.0999999046325684,4337247
2021-08-31,2.200000047683716,2.200000047683716,2.2300000190734863,2.190000057220459,2.2300000190734863,1485716
2021-09-01,2.0899999141693115,2.0899999141693115,2.200000047683716,2.0899999141693115,2.200000047683716,7251658
2021-09-02,1.9900000095367432,1.9900000095367432,2.0799999237060547,1.9900000095367432,2.0799999237060547,17273590
2021-09-03,1.9900000095367432,1.9900000095367432,2.0199999809265137,1.9600000381469727,2.0,2498946
2021-09-06,2.0399999618530273,2.0399999618530273,2.049999952316284,2.009999990463257,2.049999952316284,1427837
2021-09-07,2.140000104904175,2.140000104904175,2.140000104904175,2.0199999809265137,2.059999942779541,3385723
2021-09-08,2.130000114440918,2.130000114440918,2.2300000190734863,2.109999895095825,2.190000057220459,7811422
2021-09-09,2.140000104904175,2.140000104904175,2.1700000762939453,2.130000114440918,2.1500000953674316,1395696
2021-09-13,2.109999895095825,2.109999895095825,2.1700000762939453,2.0999999046325684,2.1700000762939453,1250025
2021-09-14,2.190000057220459,2.190000057220459,2.2100000381469727,2.069999933242798,2.0999999046325684,5014078
2021-09-15,2.1700000762939453,2.1700000762939453,2.25,2.140000104904175,2.200000047683716,2858689
2021-09-16,2.119999885559082,2.119999885559082,2.180000066757202,2.0999999046325684,2.140000104904175,1400445
2021-09-17,2.049999952316284,2.049999952316284,2.130000114440918,2.049999952316284,2.109999895095825,2449799
2021-09-20,2.0299999713897705,2.0299999713897705,2.0799999237060547,2.0299999713897705,2.049999952316284,2057989
2021-09-21,2.0,2.0,2.0799999237060547,2.0,2.069999933242798,2789764
2021-09-22,2.0999999046325684,2.0999999046325684,2.0999999046325684,2.0,2.0299999713897705,2580414
2021-09-23,2.200000047683716,2.200000047683716,2.200000047683716,2.119999885559082,2.200000047683716,4711037
2021-09-24,2.2100000381469727,2.2100000381469727,2.2899999618530273,2.190000057220459,2.2200000286102295,5092286
2021-09-27,2.180000066757202,2.180000066757202,2.240000009536743,2.1600000858306885,2.2100000381469727,2656996
2021-09-28,2.1600000858306885,2.1600000858306885,2.200000047683716,2.0799999237060547,2.1700000762939453,1499320
2021-09-29,2.119999885559082,2.119999885559082,2.190000057220459,2.0999999046325684,2.190000057220459,1036250
2021-09-30,2.0799999237060547,2.0799999237060547,2.1500000953674316,2.069999933242798,2.1500000953674316,1131385
2021-10-01,2.0799999237060547,2.0799999237060547,2.130000114440918,2.049999952316284,2.0899999141693115,1574591
2021-10-04,2.109999895095825,2.109999895095825,2.1500000953674316,2.0999999046325684,2.0999999046325684,1200176
2021-10-05,2.049999952316284,2.049999952316284,2.1500000953674316,2.009999990463257,2.1500000953674316,10199270
2021-10-06,2.0299999713897705,2.0299999713897705,2.0799999237060547,2.0199999809265137,2.059999942779541,1666187
2021-10-07,2.0799999237060547,2.0799999237060547,2.0999999046325684,2.049999952316284,2.049999952316284,1339040
2021-10-08,2.109999895095825,2.109999895095825,2.130000114440918,2.059999942779541,2.0999999046325684,3607626
2021-10-11,2.119999885559082,2.119999885559082,2.1500000953674316,2.0999999046325684,2.109999895095825,2153901
2021-10-12,2.0999999046325684,2.0999999046325684,2.140000104904175,2.0799999237060547,2.140000104904175,1131503
2021-10-13,2.059999942779541,2.059999942779541,2.130000114440918,2.0399999618530273,2.0899999141693115,1995366
2021-10-14,2.0999999046325684,2.0999999046325684,2.259999990463257,2.0399999618530273,2.069999933242798,8334768
2021-10-18,2.2100000381469727,2.2100000381469727,2.259999990463257,2.1500000953674316,2.1700000762939453,4141441
2021-10-19,2.2200000286102295,2.2200000286102295,2.380000114440918,2.200000047683716,2.2699999809265137,4365962
2021-10-20,2.130000114440918,2.130000114440918,2.2699999809265137,2.109999895095825,2.2699999809265137,3932092
2021-10-21,2.130000114440918,2.130000114440918,2.190000057220459,2.0999999046325684,2.119999885559082,1855727
2021-10-22,2.0899999141693115,2.0899999141693115,2.140000104904175,2.069999933242798,2.140000104904175,2752484
2021-10-25,2.0299999713897705,2.0299999713897705,2.1500000953674316,2.009999990463257,2.130000114440918,3192349
2021-10-26,2.049999952316284,2.049999952316284,2.0799999237060547,2.0299999713897705,2.0799999237060547,3951950
2021-10-27,2.049999952316284,2.049999952316284,2.069999933242798,2.0299999713897705,2.069999933242798,3027205
2021-10-28,2.0299999713897705,2.0299999713897705,2.069999933242798,2.0199999809265137,2.069999933242798,1153567
2021-10-29,2.0199999809265137,2.0199999809265137,2.049999952316284,1.9900000095367432,2.049999952316284,1611611
2021-11-01,2.009999990463257,2.009999990463257,2.069999933242798,2.0,2.069999933242798,1994010
2021-11-02,1.9700000286102295,1.9700000286102295,2.0299999713897705,1.9500000476837158,2.0299999713897705,4648831
2021-11-03,1.9700000286102295,1.9700000286102295,1.9900000095367432,1.9500000476837158,1.9900000095367432,1385616
2021-11-04,2.0299999713897705,2.0299999713897705,2.059999942779541,1.9800000190734863,1.9900000095367432,1164693
2021-11-08,2.069999933242798,2.069999933242798,2.130000114440918,2.049999952316284,2.069999933242798,2163119
2021-11-09,2.0199999809265137,2.0199999809265137,2.0999999046325684,2.009999990463257,2.0999999046325684,2280697
2021-11-10,2.049999952316284,2.049999952316284,2.0799999237060547,1.9500000476837158,2.0799999237060547,2147484
2021-11-11,2.0399999618530273,2.0399999618530273,2.059999942779541,2.009999990463257,2.059999942779541,2009413
2021-11-12,2.0299999713897705,2.0299999713897705,2.059999942779541,2.0199999809265137,2.049999952316284,1124090
2021-11-15,2.009999990463257,2.009999990463257,2.049999952316284,1.9900000095367432,2.049999952316284,1352779
2021-11-16,2.0399999618530273,2.0399999618530273,2.049999952316284,2.0,2.0299999713897705,1346998
2021-11-17,2.069999933242798,2.069999933242798,2.140000104904175,2.0199999809265137,2.0399999618530273,4918767
2021-11-18,2.2699999809265137,2.2699999809265137,2.2699999809265137,2.130000114440918,2.130000114440918,2544282
2021-11-22,2.490000009536743,2.490000009536743,2.490000009536743,2.4700000286102295,2.490000009536743,631352
2021-11-23,2.7300000190734863,2.7300000190734863,2.7300000190734863,2.569999933242798,2.7300000190734863,14556050
2021-11-24,2.4700000286102295,2.4700000286102295,2.4700000286102295,2.3399999141693115,2.440000057220459,4285146
2021-11-25,2.5899999141693115,2.5899999141693115,2.5899999141693115,2.5,2.5299999713897705,3731932
2021-11-26,2.4700000286102295,2.4700000286102295,2.5899999141693115,2.4700000286102295,2.5899999141693115,3638243
2021-11-29,2.3499999046325684,2.3499999046325684,2.3499999046325684,2.3499999046325684,2.3499999046325684,1323527
2021-11-30,2.240000009536743,2.240000009536743,2.309999942779541,2.240000009536743,2.240000009536743,2957579
2021-12-01,2.130000114440918,2.130000114440918,2.190000057220459,2.130000114440918,2.130000114440918,3530960
2021-12-02,2.059999942779541,2.059999942779541,2.200000047683716,2.0399999618530273,2.0899999141693115,1946076
2021-12-03,2.1600000858306885,2.1600000858306885,2.1600000858306885,2.0,2.0,168300
2021-12-06,2.259999990463257,2.259999990463257,2.259999990463257,2.200000047683716,2.259999990463257,843197
2021-12-07,2.1700000762939453,2.1700000762939453,2.369999885559082,2.1500000953674316,2.359999895095825,1760857
2021-12-08,2.1500000953674316,2.1500000953674316,2.200000047683716,2.0799999237060547,2.200000047683716,948248
2021-12-09,2.25,2.25,2.25,2.059999942779541,2.200000047683716,2209725
2021-12-10,2.3499999046325684,2.3499999046325684,2.3499999046325684,2.25,2.3299999237060547,3254010
2021-12-13,2.440000057220459,2.440000057220459,2.4600000381469727,2.3499999046325684,2.4000000953674316,4459682
2021-12-14,2.369999885559082,2.369999885559082,2.490000009536743,2.319999933242798,2.490000009536743,2330029
2021-12-15,2.390000104904175,2.390000104904175,2.4000000953674316,2.2699999809265137,2.4000000953674316,1865681
2021-12-16,2.440000057220459,2.440000057220459,2.490000009536743,2.299999952316284,2.450000047683716,3189895
2021-12-17,2.359999895095825,2.359999895095825,2.5,2.319999933242798,2.490000009536743,1646608
2021-12-20,2.25,2.25,2.390000104904175,2.25,2.2799999713897705,963240
2021-12-21,2.2699999809265137,2.2699999809265137,2.3499999046325684,2.140000104904175,2.1600000858306885,1482678
2021-12-22,2.2899999618530273,2.2899999618530273,2.359999895095825,2.200000047683716,2.3499999046325684,854873
2021-12-23,2.4000000953674316,2.4000000953674316,2.4000000953674316,2.259999990463257,2.390000104904175,1781158
2021-12-24,2.390000104904175,2.390000104904175,2.450000047683716,2.299999952316284,2.440000057220459,1594395
2021-12-27,2.490000009536743,2.490000009536743,2.5,2.3399999141693115,2.450000047683716,1557717
2021-12-28,2.609999895095825,2.609999895095825,2.609999895095825,2.369999885559082,2.5999999046325684,3071407
2021-12-29,2.740000009536743,2.740000009536743,2.740000009536743,2.6600000858306885,2.7300000190734863,4641235
2021-12-30,2.869999885559082,2.869999885559082,2.869999885559082,2.75,2.869999885559082,4501871
2021-12-31,3.009999990463257,3.009999990463257,3.009999990463257,3.009999990463257,3.009999990463257,1975593
2022-01-03,3.1600000858306885,3.1600000858306885,3.1600000858306885,3.1600000858306885,3.1600000858306885,1196335
2022-01-04,3.309999942779541,3.309999942779541,3.309999942779541,3.0299999713897705,3.309999942779541,33370670
2022-01-05,3.4700000286102295,3.4700000286102295,3.4700000286102295,3.309999942779541,3.4000000953674316,11089310
2022-01-06,3.640000104904175,3.640000104904175,3.640000104904175,3.559999942779541,3.630000114440918,6623722
2022-01-07,3.819999933242798,3.819999933242798,3.819999933242798,3.819999933242798,3.819999933242798,6524419
2022-01-10,4.010000228881836,4.010000228881836,4.010000228881836,3.950000047683716,4.010000228881836,6839866
2022-01-11,4.210000038146973,4.210000038146973,4.210000038146973,4.210000038146973,4.210000038146973,2102658
2022-01-12,4.380000114440918,4.380000114440918,4.420000076293945,4.0,4.420000076293945,32835930
2022-01-13,4.28000020980835,4.28000020980835,4.510000228881836,4.170000076293945,4.510000228881836,25255870
2022-01-14,4.489999771118164,4.489999771118164,4.489999771118164,4.409999847412109,4.429999828338623,4856530
2022-01-17,4.710000038146973,4.710000038146973,4.710000038146973,4.710000038146973,4.710000038146973,2301343
2022-01-18,4.940000057220459,4.940000057220459,4.940000057220459,4.940000057220459,4.940000057220459,2254992
2022-01-19,5.179999828338623,5.179999828338623,5.179999828338623,5.179999828338623,5.179999828338623,3984115
2022-01-20,5.429999828338623,5.429999828338623,5.429999828338623,5.429999828338623,5.429999828338623,1854962
2022-01-21,5.699999809265137,5.699999809265137,5.699999809265137,5.429999828338623,5.699999809265137,36887260
2022-01-24,5.96999979019165,5.96999979019165,5.980000019073486,5.420000076293945,5.889999866485596,44859000
2022-01-25,6.260000228881836,6.260000228881836,6.260000228881836,5.900000095367432,6.0,25641620
2022-01-27,6.539999961853027,6.539999961853027,6.570000171661377,6.090000152587891,6.300000190734863,34315970
2022-01-28,6.599999904632568,6.599999904632568,6.860000133514404,6.510000228881836,6.75,13817230
2022-01-31,6.269999980926514,6.269999980926514,6.900000095367432,6.269999980926514,6.849999904632568,3986547
2022-02-01,5.960000038146973,5.960000038146973,5.960000038146973,5.960000038146973,5.960000038146973,1199749
2022-02-02,5.670000076293945,5.670000076293945,5.670000076293945,5.670000076293945,5.670000076293945,1003709
2022-02-03,5.389999866485596,5.389999866485596,5.389999866485596,5.389999866485596,5.389999866485596,2501038
2022-02-04,5.650000095367432,5.650000095367432,5.650000095367432,5.170000076293945,5.170000076293945,1373853
2022-02-07,5.929999828338623,5.929999828338623,5.929999828338623,5.699999809265137,5.929999828338623,2199796
2022-02-08,5.639999866485596,5.639999866485596,6.21999979019165,5.639999866485596,6.21999979019165,5533896
2022-02-09,5.360000133514404,5.360000133514404,5.599999904632568,5.360000133514404,5.400000095367432,1669688
2022-02-10,5.619999885559082,5.619999885559082,5.619999885559082,5.099999904632568,5.199999809265137,3652727
2022-02-11,5.789999961853027,5.789999961853027,5.900000095367432,5.340000152587891,5.75,2689999
2022-02-15,5.559999942779541,5.559999942779541,5.769999980926514,5.239999771118164,5.239999771118164,2165737
2022-02-16,5.289999961853027,5.289999961853027,5.599999904632568,5.289999961853027,5.309999942779541,2027150
2022-02-17,5.03000020980835,5.03000020980835,5.349999904632568,5.03000020980835,5.039999961853027,2263044
2022-02-18,4.78000020980835,4.78000020980835,5.010000228881836,4.78000020980835,4.800000190734863,1514704
2022-02-21,5.010000228881836,5.010000228881836,5.010000228881836,4.550000190734863,5.010000228881836,1441290
2022-02-22,5.260000228881836,5.260000228881836,5.260000228881836,4.760000228881836,5.199999809265137,2433066
2022-02-23,5.519999980926514,5.519999980926514,5.519999980926514,5.519999980926514,5.519999980926514,513482
2022-02-24,5.25,5.25,5.5,5.25,5.5,1340543
2022-02-25,5.090000152587891,5.090000152587891,5.489999771118164,4.989999771118164,4.989999771118164,2278027
2022-02-28,5.300000190734863,5.300000190734863,5.340000152587891,4.840000152587891,4.949999809265137,2372766
2022-03-02,5.070000171661377,5.070000171661377,5.5,5.039999961853027,5.039999961853027,1752566
2022-03-03,5.119999885559082,5.119999885559082,5.289999961853027,4.940000057220459,4.940000057220459,1109771
2022-03-04,5.190000057220459,5.190000057220459,5.349999904632568,4.869999885559082,5.119999885559082,1705228
2022-03-07,5.010000228881836,5.010000228881836,5.179999828338623,4.960000038146973,5.0,692907
2022-03-08,5.039999961853027,5.039999961853027,5.150000095367432,4.809999942779541,4.940000057220459,1208243
2022-03-09,5.28000020980835,5.28000020980835,5.289999961853027,4.920000076293945,5.039999961853027,1867720
2022-03-10,5.53000020980835,5.53000020980835,5.539999961853027,5.309999942779541,5.489999771118164,2628977
2022-03-11,5.75,5.75,5.789999961853027,5.639999866485596,5.639999866485596,4911726
2022-03-14,5.949999809265137,5.949999809265137,6.03000020980835,5.800000190734863,5.849999904632568,5236112
2022-03-15,6.119999885559082,6.119999885559082,6.239999771118164,5.659999847412109,6.190000057220459,3011500
2022-03-16,5.820000171661377,5.820000171661377,5.900000095367432,5.820000171661377,5.820000171661377,2366991
2022-03-17,6.059999942779541,6.059999942779541,6.110000133514404,5.53000020980835,5.53000020980835,5114431
2022-03-21,5.760000228881836,5.760000228881836,6.110000133514404,5.760000228881836,6.0,2305235
2022-03-22,5.800000190734863,5.800000190734863,5.940000057220459,5.480000019073486,5.480000019073486,2325359
2022-03-23,5.559999942779541,5.559999942779541,5.989999771118164,5.510000228881836,5.889999866485596,2136930
2022-03-24,5.659999847412109,5.659999847412109,5.829999923706055,5.289999961853027,5.619999885559082,3285805
2022-03-25,5.820000171661377,5.820000171661377,5.940000057220459,5.699999809265137,5.940000057220459,5263164
2022-03-28,5.53000020980835,5.53000020980835,5.980000019073486,5.53000020980835,5.949999809265137,3647914
2022-03-29,5.659999847412109,5.659999847412109,5.800000190734863,5.599999904632568,5.690000057220459,6209157
2022-03-30,5.579999923706055,5.579999923706055,5.849999904632568,5.550000190734863,5.800000190734863,3448766
2022-03-31,5.309999942779541,5.309999942779541,5.75,5.309999942779541,5.599999904632568,4139630
2022-04-01,5.28000020980835,5.28000020980835,5.449999809265137,5.050000190734863,5.309999942779541,5646772
2022-04-04,5.309999942779541,5.309999942779541,5.409999847412109,5.199999809265137,5.400000095367432,4746819
2022-04-05,5.179999828338623,5.179999828338623,5.400000095367432,5.150000095367432,5.400000095367432,4422912
2022-04-06,5.329999923706055,5.329999923706055,5.429999828338623,5.070000171661377,5.199999809265137,4498308
2022-04-07,5.739999771118164,5.739999771118164,5.789999961853027,5.380000114440918,5.5,2973864
2022-04-08,5.659999847412109,5.659999847412109,5.980000019073486,5.599999904632568,5.980000019073486,2198674
2022-04-11,5.599999904632568,5.599999904632568,5.760000228881836,5.550000190734863,5.710000038146973,2465834
2022-04-12,5.420000076293945,5.420000076293945,5.559999942779541,5.25,5.420000076293945,2377973
2022-04-13,5.360000133514404,5.360000133514404,5.599999904632568,5.309999942779541,5.400000095367432,3211163
2022-04-18,5.269999980926514,5.269999980926514,5.360000133514404,5.179999828338623,5.320000171661377,2786215
2022-04-19,5.199999809265137,5.199999809265137,5.400000095367432,5.159999847412109,5.309999942779541,2333221
2022-04-20,5.170000076293945,5.170000076293945,5.320000171661377,5.099999904632568,5.320000171661377,2197618
2022-04-21,5.210000038146973,5.210000038146973,5.360000133514404,5.159999847412109,5.300000190734863,858384
2022-04-22,5.170000076293945,5.170000076293945,5.210000038146973,5.099999904632568,5.150000095367432,2329703
2022-04-25,5.440000057220459,5.440000057220459,5.599999904632568,4.860000133514404,5.099999904632568,5424032
2022-04-26,5.21999979019165,5.21999979019165,5.650000095367432,5.199999809265137,5.599999904632568,4381754
2022-04-27,5.019999980926514,5.019999980926514,5.28000020980835,4.949999809265137,5.099999904632568,2647718
2022-04-28,4.960000038146973,4.960000038146973,5.150000095367432,4.920000076293945,5.019999980926514,3286534
2022-04-29,5.0,5.0,5.099999904632568,4.960000038146973,4.96999979019165,2187336
2022-05-04,4.980000019073486,4.980000019073486,5.139999866485596,4.920000076293945,5.139999866485596,1587247
2022-05-05,4.96999979019165,4.96999979019165,5.150000095367432,4.909999847412109,5.059999942779541,1103847
2022-05-06,4.869999885559082,4.869999885559082,4.909999847412109,4.699999809265137,4.820000171661377,1806820
2022-05-09,4.389999866485596,4.389999866485596,4.650000095367432,4.389999866485596,4.650000095367432,6342424
2022-05-10,3.9600000381469727,3.9600000381469727,4.5,3.9600000381469727,4.03000020980835,10679460
2022-05-11,3.569999933242798,3.569999933242798,3.950000047683716,3.569999933242798,3.950000047683716,9617621
2022-05-12,3.4000000953674316,3.4000000953674316,3.5,3.4000000953674316,3.5,3085082
2022-05-13,3.490000009536743,3.490000009536743,3.569999933242798,3.240000009536743,3.240000009536743,4257422
2022-05-16,3.6600000858306885,3.6600000858306885,3.6600000858306885,3.4000000953674316,3.6500000953674316,11280460
2022-05-17,3.8399999141693115,3.8399999141693115,3.8399999141693115,3.75,3.7699999809265137,2245181
2022-05-18,4.03000020980835,4.03000020980835,4.03000020980835,4.03000020980835,4.03000020980835,1246181
2022-05-19,4.179999828338623,4.179999828338623,4.21999979019165,3.8299999237060547,3.9000000953674316,8113035
2022-05-20,4.380000114440918,4.380000114440918,4.380000114440918,4.300000190734863,4.340000152587891,3517473
2022-05-23,4.170000076293945,4.170000076293945,4.53000020980835,4.170000076293945,4.510000228881836,7190930
2022-05-24,3.9700000286102295,3.9700000286102295,4.099999904632568,3.9700000286102295,3.9700000286102295,2255490
2022-05-25,3.7799999713897705,3.7799999713897705,3.8499999046325684,3.7799999713897705,3.7799999713897705,605205
2022-05-26,3.5999999046325684,3.5999999046325684,3.6600000858306885,3.5999999046325684,3.5999999046325684,2271078
2022-05-27,3.7699999809265137,3.7699999809265137,3.7799999713897705,3.5,3.630000114440918,9025146
2022-05-30,3.869999885559082,3.869999885559082,3.950000047683716,3.7699999809265137,3.799999952316284,5825333
2022-05-31,3.8299999237060547,3.8299999237060547,4.059999942779541,3.809999942779541,3.950000047683716,5530626
2022-06-01,3.680000066757202,3.680000066757202,3.940000057220459,3.6600000858306885,3.940000057220459,4192520
2022-06-02,3.859999895095825,3.859999895095825,3.859999895095825,3.690000057220459,3.740000009536743,2638122
2022-06-03,3.7899999618530273,3.7899999618530273,3.940000057220459,3.700000047683716,3.859999895095825,4709124
2022-06-06,3.7100000381469727,3.7100000381469727,3.809999942779541,3.700000047683716,3.75,1178427
2022-06-07,3.680000066757202,3.680000066757202,3.740000009536743,3.5999999046325684,3.740000009536743,949530
2022-06-08,4.039999961853027,4.039999961853027,4.039999961853027,3.700000047683716,3.740000009536743,5545172
2022-06-09,4.400000095367432,4.400000095367432,4.440000057220459,4.039999961853027,4.039999961853027,10625950
2022-06-10,4.179999828338623,4.179999828338623,4.480000019073486,4.110000133514404,4.170000076293945,4943476
2022-06-13,3.9700000286102295,3.9700000286102295,4.139999866485596,3.8399999141693115,4.099999904632568,3859267
2022-06-14,4.110000133514404,4.110000133514404,4.25,3.890000104904175,3.9700000286102295,2746809
2022-06-15,4.190000057220459,4.190000057220459,4.380000114440918,4.010000228881836,4.179999828338623,5609048
2022-06-16,4.050000190734863,4.050000190734863,4.380000114440918,3.9600000381469727,4.210000038146973,2282353
2022-06-17,3.9800000190734863,3.9800000190734863,4.150000095367432,3.9000000953674316,4.050000190734863,1640917
2022-06-20,3.6600000858306885,3.6600000858306885,4.059999942779541,3.5899999141693115,4.0,1747853
2022-06-21,3.9200000762939453,3.9200000762939453,3.9800000190734863,3.740000009536743,3.8499999046325684,1430494
2022-06-22,3.8399999141693115,3.8399999141693115,4.0,3.799999952316284,4.0,735203
2022-06-23,3.799999952316284,3.799999952316284,3.950000047683716,3.759999990463257,3.799999952316284,1391269
2022-06-24,3.8299999237060547,3.8299999237060547,3.950000047683716,3.75,3.950000047683716,1097287
2022-06-27,3.7200000286102295,3.7200000286102295,3.9700000286102295,3.630000114440918,3.8499999046325684,1651632
2022-06-28,3.7300000190734863,3.7300000190734863,3.75,3.609999895095825,3.75,933978
2022-06-29,3.9200000762939453,3.9200000762939453,4.090000152587891,3.690000057220459,3.7300000190734863,3639955
2022-06-30,3.799999952316284,3.799999952316284,4.150000095367432,3.7699999809265137,4.090000152587891,1879954
2022-07-01,3.809999942779541,3.809999942779541,3.880000114440918,3.7100000381469727,3.880000114440918,799684
2022-07-04,3.7699999809265137,3.7699999809265137,3.890000104904175,3.740000009536743,3.880000114440918,585386
2022-07-05,3.759999990463257,3.759999990463257,3.9000000953674316,3.700000047683716,3.799999952316284,1527728
2022-07-06,3.890000104904175,3.890000104904175,3.990000009536743,3.690000057220459,3.8299999237060547,2253920
2022-07-07,3.75,3.75,3.990000009536743,3.7100000381469727,3.9800000190734863,1895634
2022-07-08,3.7200000286102295,3.7200000286102295,3.809999942779541,3.700000047683716,3.75,1024989
2022-07-11,3.7300000190734863,3.7300000190734863,3.759999990463257,3.640000104904175,3.7200000286102295,946834
2022-07-12,3.700000047683716,3.700000047683716,3.75,3.5999999046325684,3.690000057220459,1227703
2022-07-13,3.6500000953674316,3.6500000953674316,3.7799999713897705,3.619999885559082,3.7699999809265137,1388369
2022-07-14,3.609999895095825,3.609999895095825,3.740000009536743,3.5999999046325684,3.740000009536743,1213749
2022-07-15,3.630000114440918,3.630000114440918,3.6700000762939453,3.609999895095825,3.6500000953674316,803360
2022-07-18,3.7100000381469727,3.7100000381469727,3.75,3.6600000858306885,3.6600000858306885,769212
2022-07-19,3.759999990463257,3.759999990463257,3.799999952316284,3.7100000381469727,3.7300000190734863,1745912
2022-07-20,3.75,3.75,3.859999895095825,3.7200000286102295,3.799999952316284,1637563
2022-07-21,3.7100000381469727,3.7100000381469727,3.8299999237060547,3.700000047683716,3.8299999237060547,1703112
2022-07-22,3.7200000286102295,3.7200000286102295,3.7799999713897705,3.700000047683716,3.7799999713897705,1080193
2022-07-25,3.7799999713897705,3.7799999713897705,3.990000009536743,3.75,3.8499999046325684,2055573
2022-07-26,3.569999933242798,3.569999933242798,3.8399999141693115,3.549999952316284,3.7799999713897705,2964250
2022-07-27,3.509999990463257,3.509999990463257,3.549999952316284,3.4600000381469727,3.549999952316284,1100045
2022-07-28,3.700000047683716,3.700000047683716,3.740000009536743,3.509999990463257,3.5299999713897705,2191094
2022-07-29,3.609999895095825,3.609999895095825,3.75,3.5999999046325684,3.75,1780626
2022-08-01,3.559999942779541,3.559999942779541,3.6500000953674316,3.5,3.6500000953674316,1514758
2022-08-02,3.799999952316284,3.799999952316284,3.9100000858306885,3.509999990463257,3.559999942779541,3405645
2022-08-03,3.6500000953674316,3.6500000953674316,3.9800000190734863,3.619999885559082,3.8399999141693115,4316748
2022-08-04,3.5899999141693115,3.5899999141693115,3.799999952316284,3.559999942779541,3.6500000953674316,2747090
2022-08-05,3.609999895095825,3.609999895095825,3.740000009536743,3.5899999141693115,3.740000009536743,1380437
2022-08-08,3.5899999141693115,3.5899999141693115,3.6500000953674316,3.559999942779541,3.609999895095825,1318337
2022-08-10,3.559999942779541,3.559999942779541,3.6600000858306885,3.549999952316284,3.5999999046325684,907146
2022-08-11,3.549999952316284,3.549999952316284,3.6500000953674316,3.5299999713897705,3.5999999046325684,926337
2022-08-12,3.559999942779541,3.559999942779541,3.630000114440918,3.5399999618530273,3.630000114440918,2085003
2022-08-16,3.559999942779541,3.559999942779541,3.6500000953674316,3.5399999618530273,3.5999999046325684,1892254
2022-08-17,3.6600000858306885,3.6600000858306885,3.740000009536743,3.5399999618530273,3.630000114440918,3978555
2022-08-18,3.7699999809265137,3.7699999809265137,4.119999885559082,3.640000104904175,3.740000009536743,9102025
2022-08-19,3.75,3.75,3.880000114440918,3.7100000381469727,3.7699999809265137,2112185
2022-08-22,3.680000066757202,3.680000066757202,3.7799999713897705,3.6500000953674316,3.7100000381469727,1983790
2022-08-23,3.7200000286102295,3.7200000286102295,3.869999885559082,3.640000104904175,3.640000104904175,2948967
2022-08-24,3.6700000762939453,3.6700000762939453,3.7899999618530273,3.640000104904175,3.75,707538
2022-08-25,3.609999895095825,3.609999895095825,3.7300000190734863,3.5799999237060547,3.680000066757202,2063447
2022-08-26,3.619999885559082,3.619999885559082,3.680000066757202,3.559999942779541,3.6600000858306885,3417962
2022-08-29,3.5799999237060547,3.5799999237060547,3.609999895095825,3.490000009536743,3.559999942779541,1158921
2022-08-30,3.569999933242798,3.569999933242798,3.6500000953674316,3.549999952316284,3.5899999141693115,1597874
2022-09-01,3.5999999046325684,3.5999999046325684,3.680000066757202,3.5399999618530273,3.5399999618530273,1515182
2022-09-02,3.609999895095825,3.609999895095825,3.6500000953674316,3.569999933242798,3.5999999046325684,956198
2022-09-05,3.619999885559082,3.619999885559082,3.759999990463257,3.559999942779541,3.5999999046325684,4921713
2022-09-06,3.609999895095825,3.609999895095825,3.6600000858306885,3.569999933242798,3.630000114440918,1398180
2022-09-07,3.630000114440918,3.630000114440918,3.680000066757202,3.559999942779541,3.569999933242798,3198889
2022-09-08,3.6600000858306885,3.6600000858306885,3.7699999809265137,3.609999895095825,3.609999895095825,3496082
2022-09-09,3.619999885559082,3.619999885559082,3.690000057220459,3.5999999046325684,3.6600000858306885,2289667
2022-09-12,3.630000114440918,3.630000114440918,3.680000066757202,3.569999933242798,3.569999933242798,2556990
2022-09-13,3.619999885559082,3.619999885559082,3.690000057220459,3.609999895095825,3.640000104904175,2397725
2022-09-14,3.5299999713897705,3.5299999713897705,3.630000114440918,3.5199999809265137,3.5999999046325684,3590772
2022-09-15,3.5,3.5,3.5899999141693115,3.4800000190734863,3.5199999809265137,1828286
2022-09-16,3.4700000286102295,3.4700000286102295,3.549999952316284,3.430000066757202,3.490000009536743,1638436
2022-09-19,3.4100000858306885,3.4100000858306885,3.5,3.4000000953674316,3.4200000762939453,1185111
2022-09-20,3.4100000858306885,3.4100000858306885,3.450000047683716,3.3499999046325684,3.4200000762939453,2121004
2022-09-21,3.2699999809265137,3.2699999809265137,3.440000057220459,3.240000009536743,3.4100000858306885,2676685
2022-09-22,3.2799999713897705,3.2799999713897705,3.369999885559082,3.240000009536743,3.2699999809265137,1977369
2022-09-23,3.0999999046325684,3.0999999046325684,3.299999952316284,2.950000047683716,3.2799999713897705,3092300
2022-09-26,2.9700000286102295,2.9700000286102295,3.0999999046325684,2.940000057220459,3.059999942779541,2602842
2022-09-27,3.0799999237060547,3.0799999237060547,3.200000047683716,2.950000047683716,2.950000047683716,1873837
2022-09-28,3.009999990463257,3.009999990463257,3.109999895095825,2.990000009536743,3.0799999237060547,1152739
2022-09-29,3.0899999141693115,3.0899999141693115,3.200000047683716,3.049999952316284,3.049999952316284,1619613
2022-09-30,3.109999895095825,3.109999895095825,3.200000047683716,3.059999942779541,3.069999933242798,1832430
2022-10-03,3.2799999713897705,3.2799999713897705,3.3499999046325684,3.0899999141693115,3.119999885559082,1290203
2022-10-04,3.440000057220459,3.440000057220459,3.509999990463257,3.3399999141693115,3.4000000953674316,884103
2022-10-06,3.3299999237060547,3.3299999237060547,3.509999990463257,3.299999952316284,3.430000066757202,2341198
2022-10-07,3.309999942779541,3.309999942779541,3.4100000858306885,3.299999952316284,3.3499999046325684,1025574
2022-10-10,3.3399999141693115,3.3399999141693115,3.380000114440918,3.1500000953674316,3.2899999618530273,1850153
2022-10-11,3.2799999713897705,3.2799999713897705,3.4600000381469727,3.25,3.319999933242798,1012796
2022-10-12,3.319999933242798,3.319999933242798,3.430000066757202,3.2799999713897705,3.390000104904175,1180300
2022-10-13,3.359999895095825,3.359999895095825,3.450000047683716,3.309999942779541,3.319999933242798,2043227
2022-10-14,3.430000066757202,3.430000066757202,3.5399999618530273,3.390000104904175,3.4800000190734863,1549267
2022-10-17,3.5,3.5,3.5399999618530273,3.4600000381469727,3.490000009536743,1650159
2022-10-18,3.430000066757202,3.430000066757202,3.549999952316284,3.4100000858306885,3.509999990463257,1754769
2022-10-19,3.4000000953674316,3.4000000953674316,3.490000009536743,3.369999885559082,3.4100000858306885,1050562
2022-10-20,4.019999980926514,4.019999980926514,4.079999923706055,3.559999942779541,3.6600000858306885,16379750
2022-10-21,3.859999895095825,3.859999895095825,4.130000114440918,3.799999952316284,4.119999885559082,8041650
2022-10-24,3.8499999046325684,3.8499999046325684,3.990000009536743,3.75,3.950000047683716,1517332
2022-10-25,3.7100000381469727,3.7100000381469727,3.8299999237060547,3.6600000858306885,3.8299999237060547,1463493
2022-10-27,3.9600000381469727,3.9600000381469727,4.090000152587891,3.690000057220459,3.690000057220459,6398014
2022-10-28,3.9700000286102295,3.9700000286102295,4.059999942779541,3.940000057220459,4.0,3247926
2022-10-31,3.8399999141693115,3.8399999141693115,4.050000190734863,3.799999952316284,4.0,2828416
2022-11-01,3.7799999713897705,3.7799999713897705,3.9000000953674316,3.759999990463257,3.8499999046325684,1298212
2022-11-02,3.7200000286102295,3.7200000286102295,3.7699999809265137,3.690000057220459,3.759999990463257,1548658
2022-11-03,3.7300000190734863,3.7300000190734863,3.7799999713897705,3.700000047683716,3.740000009536743,1612305
2022-11-04,3.6700000762939453,3.6700000762939453,3.75,3.6600000858306885,3.75,1157328
2022-11-07,3.6500000953674316,3.6500000953674316,3.740000009536743,3.640000104904175,3.6600000858306885,1455151
2022-11-09,3.559999942779541,3.559999942779541,3.700000047683716,3.5,3.6500000953674316,2550978
2022-11-10,3.5199999809265137,3.5199999809265137,3.5799999237060547,3.450000047683716,3.559999942779541,2251502
2022-11-11,3.509999990463257,3.509999990463257,3.569999933242798,3.490000009536743,3.559999942779541,1093519
2022-11-14,3.440000057220459,3.440000057220459,3.549999952316284,3.4200000762939453,3.5199999809265137,1768858
2022-11-15,3.4100000858306885,3.4100000858306885,3.4800000190734863,3.4000000953674316,3.450000047683716,686894
2022-11-16,3.4800000190734863,3.4800000190734863,3.5,3.390000104904175,3.4000000953674316,1352604
2022-11-17,3.380000114440918,3.380000114440918,3.490000009536743,3.359999895095825,3.4100000858306885,1161763
2022-11-18,3.3499999046325684,3.3499999046325684,3.4000000953674316,3.3399999141693115,3.4000000953674316,1318612
2022-11-21,3.319999933242798,3.319999933242798,3.4000000953674316,3.259999990463257,3.4000000953674316,1321171
2022-11-22,3.299999952316284,3.299999952316284,3.3399999141693115,3.2899999618530273,3.319999933242798,765434
2022-11-23,3.640000104904175,3.640000104904175,3.740000009536743,3.299999952316284,3.3499999046325684,6368999
2022-11-24,3.619999885559082,3.619999885559082,3.890000104904175,3.5899999141693115,3.700000047683716,3803687
2022-11-25,3.5,3.5,3.609999895095825,3.4700000286102295,3.569999933242798,1942631
2022-11-28,3.4800000190734863,3.4800000190734863,3.5799999237060547,3.450000047683716,3.450000047683716,1829842
2022-11-29,3.490000009536743,3.490000009536743,3.5999999046325684,3.450000047683716,3.450000047683716,1016653
2022-11-30,3.509999990463257,3.509999990463257,3.5399999618530273,3.4800000190734863,3.5399999618530273,543912
2022-12-01,3.619999885559082,3.619999885559082,3.7699999809265137,3.5,3.509999990463257,3277255
2022-12-02,3.609999895095825,3.609999895095825,3.7200000286102295,3.569999933242798,3.609999895095825,1380946
2022-12-05,3.609999895095825,3.609999895095825,3.680000066757202,3.5999999046325684,3.609999895095825,1248359
2022-12-06,3.5999999046325684,3.5999999046325684,3.640000104904175,3.549999952316284,3.609999895095825,1034725
2022-12-07,3.5299999713897705,3.5299999713897705,3.640000104904175,3.509999990463257,3.630000114440918,739330
2022-12-08,3.559999942779541,3.559999942779541,3.630000114440918,3.4800000190734863,3.4800000190734863,932679
2022-12-09,3.5,3.5,3.5899999141693115,3.4700000286102295,3.5199999809265137,1632899
2022-12-12,3.5,3.5,3.549999952316284,3.5,3.5,868236
2022-12-13,3.559999942779541,3.559999942779541,3.7300000190734863,3.5,3.5,2378812
2022-12-14,3.609999895095825,3.609999895095825,3.700000047683716,3.5999999046325684,3.6500000953674316,991187
2022-12-15,3.5999999046325684,3.5999999046325684,3.690000057220459,3.5999999046325684,3.5999999046325684,1733673
2022-12-16,3.5899999141693115,3.5899999141693115,3.640000104904175,3.569999933242798,3.569999933242798,1337009
2022-12-19,3.619999885559082,3.619999885559082,3.7899999618530273,3.5,3.5899999141693115,2250255
2022-12-20,3.619999885559082,3.619999885559082,3.75,3.5899999141693115,3.630000114440918,1313523
2022-12-21,3.440000057220459,3.440000057220459,3.690000057220459,3.4000000953674316,3.640000104904175,1792098
2022-12-22,3.319999933242798,3.319999933242798,3.4700000286102295,3.200000047683716,3.440000057220459,1238026
2022-12-23,3.0399999618530273,3.0399999618530273,3.299999952316284,3.009999990463257,3.2899999618530273,1711718
2022-12-26,3.3399999141693115,3.3399999141693115,3.4000000953674316,3.0399999618530273,3.0399999618530273,1243238
2022-12-27,3.4100000858306885,3.4100000858306885,3.5,3.3499999046325684,3.490000009536743,489486
2022-12-28,3.359999895095825,3.359999895095825,3.430000066757202,3.3499999046325684,3.430000066757202,992908
2022-12-29,3.4000000953674316,3.4000000953674316,3.4600000381469727,3.309999942779541,3.309999942779541,775992
2022-12-30,3.4200000762939453,3.4200000762939453,3.490000009536743,3.4100000858306885,3.4100000858306885,705657
2023-01-02,3.4800000190734863,3.4800000190734863,3.5399999618530273,3.450000047683716,3.4700000286102295,1804195
2023-01-03,3.450000047683716,3.450000047683716,3.549999952316284,3.440000057220459,3.4800000190734863,1412478
2023-01-04,3.4200000762939453,3.4200000762939453,3.490000009536743,3.4000000953674316,3.4800000190734863,910247
2023-01-05,3.4100000858306885,3.4100000858306885,3.509999990463257,3.3499999046325684,3.430000066757202,1509150
2023-01-06,3.4100000858306885,3.4100000858306885,3.440000057220459,3.3499999046325684,3.4100000858306885,1200143
2023-01-09,3.369999885559082,3.369999885559082,3.450000047683716,3.259999990463257,3.359999895095825,757294
2023-01-10,3.319999933242798,3.319999933242798,3.4600000381469727,3.2899999618530273,3.380000114440918,1457118
2023-01-11,3.3499999046325684,3.3499999046325684,3.380000114440918,3.299999952316284,3.3399999141693115,1169895
2023-01-12,3.309999942779541,3.309999942779541,3.390000104904175,3.299999952316284,3.380000114440918,1315007
2023-01-13,3.309999942779541,3.309999942779541,3.3499999046325684,3.299999952316284,3.299999952316284,829565
2023-01-16,3.319999933242798,3.319999933242798,3.3499999046325684,3.2899999618530273,3.319999933242798,2132098
2023-01-17,3.359999895095825,3.359999895095825,3.4800000190734863,3.3399999141693115,3.3399999141693115,4060978
2023-01-18,3.5399999618530273,3.5399999618530273,3.559999942779541,3.3499999046325684,3.4000000953674316,4548149
2023-01-19,3.75,3.75,4.130000114440918,3.5799999237060547,3.5799999237060547,11482470
2023-01-20,3.6600000858306885,3.6600000858306885,3.9100000858306885,3.5999999046325684,3.8299999237060547,4308088
2023-01-23,3.5199999809265137,3.5199999809265137,3.7100000381469727,3.5,3.700000047683716,1330464
2023-01-24,3.4600000381469727,3.4600000381469727,3.5999999046325684,3.450000047683716,3.5299999713897705,1479729
2023-01-25,3.5299999713897705,3.5299999713897705,3.549999952316284,3.359999895095825,3.5,2069407
2023-01-27,3.440000057220459,3.440000057220459,3.5999999046325684,3.4000000953674316,3.509999990463257,1428391
2023-01-30,3.390000104904175,3.390000104904175,3.509999990463257,3.359999895095825,3.4100000858306885,5052587
2023-01-31,3.299999952316284,3.299999952316284,3.4000000953674316,3.2200000286102295,3.4000000953674316,2151165
2023-02-01,3.2799999713897705,3.2799999713897705,3.450000047683716,3.25,3.3299999237060547,1057975
2023-02-02,3.2100000381469727,3.2100000381469727,3.3499999046325684,3.200000047683716,3.259999990463257,983633
2023-02-03,3.180000066757202,3.180000066757202,3.240000009536743,3.0999999046325684,3.1600000858306885,1414839
2023-02-06,3.2300000190734863,3.2300000190734863,3.309999942779541,3.190000057220459,3.2100000381469727,721837
2023-02-07,3.130000114440918,3.130000114440918,3.3499999046325684,3.0999999046325684,3.3499999046325684,1697859
2023-02-08,3.1600000858306885,3.1600000858306885,3.2100000381469727,3.1500000953674316,3.1500000953674316,1034303
2023-02-09,3.109999895095825,3.109999895095825,3.190000057220459,3.0999999046325684,3.1500000953674316,1681886
2023-02-10,3.109999895095825,3.109999895095825,3.140000104904175,3.0999999046325684,3.0999999046325684,618870
2023-02-13,3.109999895095825,3.109999895095825,3.1600000858306885,3.049999952316284,3.109999895095825,1347692
2023-02-14,3.0899999141693115,3.0899999141693115,3.190000057220459,3.059999942779541,3.0999999046325684,5110662
2023-02-15,3.059999942779541,3.059999942779541,3.109999895095825,3.049999952316284,3.069999933242798,591007
2023-02-16,3.0799999237060547,3.0799999237060547,3.140000104904175,3.049999952316284,3.059999942779541,1337354
2023-02-17,3.059999942779541,3.059999942779541,3.0899999141693115,3.049999952316284,3.049999952316284,639620
2023-02-20,2.990000009536743,2.990000009536743,3.0999999046325684,2.9000000953674316,3.0299999713897705,2364937
2023-02-21,3.0,3.0,3.049999952316284,2.950000047683716,2.9600000381469727,930604
2023-02-22,2.940000057220459,2.940000057220459,3.009999990463257,2.9000000953674316,2.950000047683716,2495810
2023-02-23,2.9100000858306885,2.9100000858306885,2.990000009536743,2.9000000953674316,2.950000047683716,966567
2023-02-24,2.9100000858306885,2.9100000858306885,2.9800000190734863,2.9000000953674316,2.9000000953674316,651199
2023-02-27,2.9100000858306885,2.9100000858306885,2.9600000381469727,2.869999885559082,2.940000057220459,1440133
2023-02-28,2.809999942779541,2.809999942779541,2.9600000381469727,2.799999952316284,2.9100000858306885,1288985
2023-03-01,2.8399999141693115,2.8399999141693115,2.9800000190734863,2.7699999809265137,2.809999942779541,1733584
2023-03-02,3.0,3.0,3.1600000858306885,2.859999895095825,2.880000114440918,5064467
2023-03-03,2.940000057220459,2.940000057220459,3.1500000953674316,2.9000000953674316,3.0799999237060547,4348985
2023-03-06,2.940000057220459,2.940000057220459,3.0399999618530273,2.9100000858306885,2.940000057220459,1164277
2023-03-08,2.930000066757202,2.930000066757202,3.059999942779541,2.9000000953674316,2.9100000858306885,1174683
2023-03-09,2.9200000762939453,2.9200000762939453,3.009999990463257,2.859999895095825,3.0,610305
2023-03-10,2.9200000762939453,2.9200000762939453,2.950000047683716,2.8499999046325684,2.9200000762939453,944834
2023-03-13,2.819999933242798,2.819999933242798,2.950000047683716,2.799999952316284,2.9100000858306885,1215769
2023-03-14,2.809999942779541,2.809999942779541,2.8499999046325684,2.7799999713897705,2.819999933242798,946605
2023-03-15,2.7100000381469727,2.7100000381469727,2.8499999046325684,2.700000047683716,2.809999942779541,1409154
2023-03-16,2.690000057220459,2.690000057220459,2.7200000286102295,2.5899999141693115,2.6600000858306885,1358681
2023-03-17,2.690000057220459,2.690000057220459,2.869999885559082,2.6500000953674316,2.869999885559082,626070
2023-03-20,2.609999895095825,2.609999895095825,2.700000047683716,2.5899999141693115,2.6600000858306885,501323
2023-03-21,2.609999895095825,2.609999895095825,2.680000066757202,2.5999999046325684,2.619999885559082,5644734
2023-03-22,2.8499999046325684,2.8499999046325684,3.0999999046325684,2.609999895095825,2.630000114440918,2246556
2023-03-23,2.759999990463257,2.759999990463257,2.930000066757202,2.740000009536743,2.930000066757202,1121332
2023-03-24,2.7200000286102295,2.7200000286102295,2.8499999046325684,2.680000066757202,2.7699999809265137,838419
2023-03-27,2.5899999141693115,2.5899999141693115,2.680000066757202,2.549999952316284,2.680000066757202,1461750
2023-03-28,2.430000066757202,2.430000066757202,2.5999999046325684,2.380000114440918,2.549999952316284,783933
2023-03-29,2.490000009536743,2.490000009536743,2.5799999237060547,2.390000104904175,2.4100000858306885,1523360
2023-03-31,2.5,2.5,2.5899999141693115,2.440000057220459,2.5899999141693115,1639422
2023-04-03,2.6500000953674316,2.6500000953674316,2.8299999237060547,2.5,2.509999990463257,1365337
2023-04-05,2.880000114440918,2.880000114440918,2.950000047683716,2.7899999618530273,2.8299999237060547,1545384
2023-04-06,2.759999990463257,2.759999990463257,2.9100000858306885,2.75,2.869999885559082,1502412
2023-04-10,2.680000066757202,2.680000066757202,2.799999952316284,2.6500000953674316,2.7200000286102295,1222847
2023-04-11,2.740000009536743,2.740000009536743,2.809999942779541,2.700000047683716,2.700000047683716,639665
2023-04-12,2.7300000190734863,2.7300000190734863,2.799999952316284,2.700000047683716,2.759999990463257,394395
2023-04-13,2.7300000190734863,2.7300000190734863,2.8399999141693115,2.7100000381469727,2.7799999713897705,744964
2023-04-17,2.7300000190734863,2.7300000190734863,2.75,2.6600000858306885,2.7300000190734863,538078
2023-04-18,2.75,2.75,2.890000104904175,2.700000047683716,2.7300000190734863,826076
2023-04-19,2.690000057220459,2.690000057220459,2.809999942779541,2.6700000762939453,2.7799999713897705,919285
2023-04-20,2.7300000190734863,2.7300000190734863,2.759999990463257,2.680000066757202,2.7100000381469727,286404
2023-04-21,2.7200000286102295,2.7200000286102295,2.809999942779541,2.5999999046325684,2.75,995438
2023-04-24,2.7100000381469727,2.7100000381469727,2.809999942779541,2.6700000762939453,2.6700000762939453,657040
2023-04-25,2.7200000286102295,2.7200000286102295,2.759999990463257,2.700000047683716,2.740000009536743,654172
2023-04-26,2.690000057220459,2.690000057220459,2.740000009536743,2.680000066757202,2.7200000286102295,716807
2023-04-27,2.7100000381469727,2.7100000381469727,2.759999990463257,2.6600000858306885,2.690000057220459,513022
2023-04-28,2.680000066757202,2.680000066757202,2.7300000190734863,2.640000104904175,2.700000047683716,1337688
2023-05-02,2.700000047683716,2.700000047683716,2.740000009536743,2.680000066757202,2.680000066757202,844387
2023-05-03,2.8299999237060547,2.8299999237060547,2.859999895095825,2.700000047683716,2.700000047683716,1737368
2023-05-04,2.9800000190734863,2.9800000190734863,3.0999999046325684,2.880000114440918,2.880000114440918,1681356
2023-05-05,3.3499999046325684,3.3499999046325684,3.5,3.069999933242798,3.069999933242798,7767000
2023-05-08,3.369999885559082,3.369999885559082,3.5999999046325684,3.3499999046325684,3.440000057220459,7140961
2023-05-09,3.0899999141693115,3.0899999141693115,3.490000009536743,2.9800000190734863,3.390000104904175,2558185
2023-05-10,3.0199999809265137,3.0199999809265137,3.1500000953674316,3.0,3.0299999713897705,1449631
2023-05-11,3.0799999237060547,3.0799999237060547,3.109999895095825,3.0199999809265137,3.0299999713897705,583663
2023-05-12,3.140000104904175,3.140000104904175,3.1500000953674316,3.0399999618530273,3.069999933242798,770829
2023-05-15,2.9700000286102295,2.9700000286102295,3.0999999046325684,2.9200000762939453,3.0999999046325684,871226
2023-05-16,2.990000009536743,2.990000009536743,3.049999952316284,2.9600000381469727,2.9700000286102295,1260079
2023-05-17,2.9600000381469727,2.9600000381469727,3.0399999618530273,2.930000066757202,3.0399999618530273,971736
2023-05-19,2.9700000286102295,2.9700000286102295,3.049999952316284,2.950000047683716,3.0,871258
2023-05-22,2.930000066757202,2.930000066757202,3.130000114440918,2.9100000858306885,2.9600000381469727,2597309
2023-05-23,2.9100000858306885,2.9100000858306885,3.0,2.8499999046325684,2.950000047683716,1285075
2023-05-24,2.9100000858306885,2.9100000858306885,2.950000047683716,2.880000114440918,2.9200000762939453,812197
2023-05-25,2.9200000762939453,2.9200000762939453,2.9600000381469727,2.9000000953674316,2.9000000953674316,1519015
2023-05-26,2.9100000858306885,2.9100000858306885,2.950000047683716,2.8499999046325684,2.9000000953674316,1243718
2023-05-30,2.880000114440918,2.880000114440918,3.0399999618530273,2.8499999046325684,2.869999885559082,2209723
2023-05-31,2.9200000762939453,2.9200000762939453,2.950000047683716,2.8299999237060547,2.8299999237060547,723772
2023-06-01,2.950000047683716,2.950000047683716,2.990000009536743,2.9000000953674316,2.9100000858306885,1339292
2023-06-02,3.0199999809265137,3.0199999809265137,3.049999952316284,2.9700000286102295,2.990000009536743,1472174
2023-06-05,3.0399999618530273,3.0399999618530273,3.0999999046325684,3.009999990463257,3.009999990463257,1813006
2023-06-06,2.9600000381469727,2.9600000381469727,3.059999942779541,2.950000047683716,3.0,1281108
2023-06-07,2.9700000286102295,2.9700000286102295,3.0899999141693115,2.9600000381469727,3.0,2460432
2023-06-08,2.9700000286102295,2.9700000286102295,3.049999952316284,2.9700000286102295,3.009999990463257,1508931
2023-06-09,2.9600000381469727,2.9600000381469727,3.059999942779541,2.950000047683716,2.990000009536743,1584400
2023-06-12,2.9600000381469727,2.9600000381469727,3.0299999713897705,2.950000047683716,2.990000009536743,1735691
2023-06-13,2.950000047683716,2.950000047683716,3.0,2.9100000858306885,2.9700000286102295,1806886
2023-06-14,3.369999885559082,3.369999885559082,3.450000047683716,2.9600000381469727,3.0,9673258
2023-06-15,3.6700000762939453,3.6700000762939453,3.809999942779541,3.5199999809265137,3.5199999809265137,6958011
2023-06-16,3.4100000858306885,3.4100000858306885,3.799999952316284,3.390000104904175,3.700000047683716,5846641
2023-06-19,3.369999885559082,3.369999885559082,3.559999942779541,3.3499999046325684,3.4700000286102295,2019566
2023-06-20,3.5399999618530273,3.5399999618530273,3.559999942779541,3.430000066757202,3.430000066757202,3584787
2023-06-21,3.430000066757202,3.430000066757202,3.9000000953674316,3.299999952316284,3.5899999141693115,8423629
2023-06-22,3.3399999141693115,3.3399999141693115,3.4600000381469727,3.2100000381469727,3.430000066757202,2375095
2023-06-23,3.3399999141693115,3.3399999141693115,3.359999895095825,3.240000009536743,3.3399999141693115,7168128
2023-06-26,3.309999942779541,3.309999942779541,3.5399999618530273,3.2899999618530273,3.3299999237060547,7788761
2023-06-27,3.240000009536743,3.240000009536743,3.4000000953674316,3.180000066757202,3.369999885559082,2879406
2023-06-28,3.259999990463257,3.259999990463257,3.2899999618530273,3.25,3.2799999713897705,1542053
2023-06-30,3.240000009536743,3.240000009536743,3.299999952316284,3.1600000858306885,3.2699999809265137,3933485
2023-07-07,3.1500000953674316,3.1500000953674316,3.200000047683716,3.059999942779541,3.180000066757202,7139652
2023-07-10,3.1500000953674316,3.1500000953674316,3.25,3.0899999141693115,3.180000066757202,15015840
2023-07-14,3.119999885559082,3.119999885559082,3.1500000953674316,3.0799999237060547,3.109999895095825,1088855
2023-07-17,3.0999999046325684,3.0999999046325684,3.2100000381469727,3.0399999618530273,3.140000104904175,8957833
2023-07-19,3.359999895095825,3.359999895095825,3.390000104904175,3.309999942779541,3.359999895095825,3461680
2023-07-20,3.240000009536743,3.240000009536743,3.390000104904175,3.180000066757202,3.369999885559082,3820983
2023-07-21,3.240000009536743,3.240000009536743,3.309999942779541,3.190000057220459,3.25,1530669
2023-07-24,3.140000104904175,3.140000104904175,3.2899999618530273,3.119999885559082,3.259999990463257,1235384
2023-07-26,3.130000114440918,3.130000114440918,3.1500000953674316,3.0999999046325684,3.1500000953674316,2312468
2023-07-28,3.119999885559082,3.119999885559082,3.140000104904175,3.009999990463257,3.069999933242798,2769950
2023-08-03,3.049999952316284,3.049999952316284,3.0899999141693115,2.990000009536743,3.059999942779541,6881825
2023-08-04,3.069999933242798,3.069999933242798,3.190000057220459,3.0299999713897705,3.0299999713897705,7819080
2023-08-07,3.0899999141693115,3.0899999141693115,3.319999933242798,3.0799999237060547,3.1500000953674316,7770176
2023-08-08,3.0899999141693115,3.0899999141693115,3.200000047683716,3.0399999618530273,3.180000066757202,4303699
2023-08-09,3.0299999713897705,3.0299999713897705,3.1600000858306885,2.990000009536743,3.119999885559082,4785443
2023-08-10,3.0199999809265137,3.0199999809265137,3.130000114440918,2.9600000381469727,3.0299999713897705,7274776
2023-08-11,2.990000009536743,2.990000009536743,3.049999952316284,2.9600000381469727,3.0,6079065
2023-08-14,3.0,3.0,3.140000104904175,2.9800000190734863,3.0399999618530273,8898600
2023-08-16,2.990000009536743,2.990000009536743,3.0399999618530273,2.930000066757202,3.0,7415249
2023-08-17,2.990000009536743,2.990000009536743,3.0399999618530273,2.9700000286102295,2.990000009536743,5026316
2023-08-18,3.0,3.0,3.0399999618530273,2.9600000381469727,2.990000009536743,5901461
2023-08-21,2.9600000381469727,2.9600000381469727,3.0399999618530273,2.930000066757202,3.0199999809265137,6448028
2023-08-22,2.9600000381469727,2.9600000381469727,3.0,2.930000066757202,2.9600000381469727,4710114
2023-08-23,2.9000000953674316,2.9000000953674316,2.990000009536743,2.8499999046325684,2.990000009536743,8656891
2023-08-24,2.880000114440918,2.880000114440918,2.9200000762939453,2.8499999046325684,2.9100000858306885,6356367
2023-08-25,2.859999895095825,2.859999895095825,2.880000114440918,2.8399999141693115,2.869999885559082,5032667
2023-08-28,2.990000009536743,2.990000009536743,3.049999952316284,2.890000104904175,2.890000104904175,13324300
2023-08-29,2.859999895095825,2.859999895095825,3.130000114440918,2.819999933242798,3.049999952316284,20817800
2023-08-30,2.990000009536743,2.990000009536743,3.0,2.859999895095825,2.869999885559082,21418930
2023-08-31,2.9800000190734863,2.9800000190734863,3.059999942779541,2.9700000286102295,3.049999952316284,6039585
2023-09-01,3.0199999809265137,3.0199999809265137,3.069999933242798,3.0,3.0399999618530273,6035042
2023-09-04,3.140000104904175,3.140000104904175,3.2200000286102295,3.0199999809265137,3.0399999618530273,13496680
2023-09-05,3.25,3.25,3.359999895095825,3.180000066757202,3.180000066757202,8844069
2023-09-06,3.259999990463257,3.259999990463257,3.3299999237060547,3.2300000190734863,3.2799999713897705,6461968
2023-09-07,3.2899999618530273,3.2899999618530273,3.3299999237060547,3.259999990463257,3.2799999713897705,6257242
2023-09-08,3.869999885559082,3.869999885559082,3.9200000762939453,3.2899999618530273,3.3299999237060547,24153980
2023-09-11,4.639999866485596,4.639999866485596,4.639999866485596,3.9600000381469727,3.9600000381469727,40885740
2023-09-12,4.179999828338623,4.179999828338623,5.090000152587891,4.179999828338623,4.880000114440918,39475040
2023-09-13,4.03000020980835,4.03000020980835,4.21999979019165,3.7799999713897705,4.170000076293945,19022030
2023-09-14,4.429999828338623,4.429999828338623,4.429999828338623,4.130000114440918,4.130000114440918,12981430
2023-09-15,4.230000019073486,4.230000019073486,4.550000190734863,4.210000038146973,4.5,5433664
2023-09-18,4.239999771118164,4.239999771118164,4.400000095367432,4.019999980926514,4.050000190734863,7089969
2023-09-20,4.059999942779541,4.059999942779541,4.21999979019165,4.050000190734863,4.21999979019165,4209092
2023-09-21,3.990000009536743,3.990000009536743,4.190000057220459,3.869999885559082,4.050000190734863,3723731
2023-09-22,3.990000009536743,3.990000009536743,4.050000190734863,3.9000000953674316,3.950000047683716,1027540
2023-09-25,4.0,4.0,4.039999961853027,3.9700000286102295,3.9700000286102295,1836908
2023-09-26,3.940000057220459,3.940000057220459,4.050000190734863,3.9100000858306885,4.0,6330571
2023-09-27,3.869999885559082,3.869999885559082,3.9800000190734863,3.8399999141693115,3.950000047683716,6183616
2023-09-28,3.7699999809265137,3.7699999809265137,3.869999885559082,3.75,3.869999885559082,2201933
2023-09-29,3.7100000381469727,3.7100000381469727,3.8299999237060547,3.700000047683716,3.819999933242798,6525728
2023-10-03,3.5399999618530273,3.5399999618530273,3.740000009536743,3.5299999713897705,3.7100000381469727,3398491
2023-10-04,3.440000057220459,3.440000057220459,3.549999952316284,3.380000114440918,3.549999952316284,1206444
2023-10-05,3.609999895095825,3.609999895095825,3.609999895095825,3.4000000953674316,3.4000000953674316,2735367
2023-10-06,3.7799999713897705,3.7799999713897705,3.7899999618530273,3.609999895095825,3.690000057220459,3632085
2023-10-09,3.5999999046325684,3.5999999046325684,3.680000066757202,3.5999999046325684,3.680000066757202,923231
2023-10-10,3.5799999237060547,3.5799999237060547,3.700000047683716,3.4200000762939453,3.4200000762939453,1901430
2023-10-11,3.549999952316284,3.549999952316284,3.6500000953674316,3.5299999713897705,3.549999952316284,11728850
2023-10-12,3.5799999237060547,3.5799999237060547,3.5999999046325684,3.509999990463257,3.549999952316284,1141978
2023-10-13,3.5399999618530273,3.5399999618530273,3.569999933242798,3.5,3.5199999809265137,1476358
2023-10-16,3.559999942779541,3.559999942779541,3.5899999141693115,3.4100000858306885,3.4100000858306885,669037
2023-10-17,3.700000047683716,3.700000047683716,3.7300000190734863,3.630000114440918,3.640000104904175,8570102
2023-10-18,3.7300000190734863,3.7300000190734863,3.8399999141693115,3.700000047683716,3.7799999713897705,1987811
2023-10-19,3.6500000953674316,3.6500000953674316,3.7799999713897705,3.5999999046325684,3.7799999713897705,720890
2023-10-20,3.559999942779541,3.559999942779541,3.680000066757202,3.549999952316284,3.549999952316284,1148223
2023-10-23,3.4000000953674316,3.4000000953674316,3.5999999046325684,3.390000104904175,3.559999942779541,1743193
2023-10-25,3.369999885559082,3.369999885559082,3.4700000286102295,3.25,3.450000047683716,1558046
2023-10-26,3.2200000286102295,3.2200000286102295,3.369999885559082,3.2100000381469727,3.299999952316284,1357037
2023-10-27,3.380000114440918,3.380000114440918,3.380000114440918,3.25,3.25,534981
2023-10-30,3.3299999237060547,3.3299999237060547,3.390000104904175,3.25,3.380000114440918,484509
2023-10-31,3.3399999141693115,3.3399999141693115,3.380000114440918,3.2899999618530273,3.3499999046325684,743033
2023-11-01,3.490000009536743,3.490000009536743,3.5,3.4100000858306885,3.4800000190734863,968783
2023-11-02,3.6500000953674316,3.6500000953674316,3.6600000858306885,3.559999942779541,3.5999999046325684,1089075
2023-11-03,3.5999999046325684,3.5999999046325684,3.75,3.5799999237060547,3.700000047683716,1881398
2023-11-06,3.690000057220459,3.690000057220459,3.7100000381469727,3.5999999046325684,3.5999999046325684,1630021
2023-11-07,3.640000104904175,3.640000104904175,3.7300000190734863,3.5899999141693115,3.7100000381469727,944437
2023-11-08,3.690000057220459,3.690000057220459,3.7200000286102295,3.6500000953674316,3.700000047683716,819610
2023-11-09,3.549999952316284,3.549999952316284,3.619999885559082,3.509999990463257,3.5999999046325684,2387675
2023-11-10,3.569999933242798,3.569999933242798,3.5999999046325684,3.5,3.5299999713897705,828954
2023-11-13,3.609999895095825,3.609999895095825,3.6500000953674316,3.549999952316284,3.6500000953674316,1066427
2023-11-15,3.690000057220459,3.690000057220459,3.700000047683716,3.559999942779541,3.5999999046325684,2548744
2023-11-16,3.6600000858306885,3.6600000858306885,3.700000047683716,3.609999895095825,3.690000057220459,1069129
2023-11-17,3.619999885559082,3.619999885559082,3.690000057220459,3.5999999046325684,3.619999885559082,1262147
2023-11-20,3.630000114440918,3.630000114440918,3.690000057220459,3.5999999046325684,3.680000066757202,1161645
2023-11-21,3.5999999046325684,3.5999999046325684,3.690000057220459,3.5999999046325684,3.5999999046325684,6579473
2023-11-22,3.549999952316284,3.549999952316284,3.6500000953674316,3.5399999618530273,3.5999999046325684,854785
2023-11-23,3.5199999809265137,3.5199999809265137,3.5999999046325684,3.5,3.5,1193348
2023-11-24,3.5299999713897705,3.5299999713897705,3.569999933242798,3.509999990463257,3.5199999809265137,571025
2023-11-28,3.5199999809265137,3.5199999809265137,3.5399999618530273,3.4800000190734863,3.509999990463257,6420105
2023-11-29,3.4600000381469727,3.4600000381469727,3.509999990463257,3.4200000762939453,3.509999990463257,6263207
2023-11-30,3.4100000858306885,3.4100000858306885,3.4600000381469727,3.369999885559082,3.4600000381469727,4938139
2023-12-01,3.430000066757202,3.430000066757202,3.5,3.4000000953674316,3.4100000858306885,845570
2023-12-04,3.4600000381469727,3.4600000381469727,3.4800000190734863,3.4200000762939453,3.450000047683716,5646795
2023-12-05,3.4200000762939453,3.4200000762939453,3.490000009536743,3.4000000953674316,3.490000009536743,1316256
2023-12-06,3.4100000858306885,3.4100000858306885,3.450000047683716,3.390000104904175,3.4100000858306885,1506730
2023-12-07,3.3399999141693115,3.3399999141693115,3.4000000953674316,3.2799999713897705,3.4000000953674316,4094415
2023-12-08,3.299999952316284,3.299999952316284,3.3499999046325684,3.2100000381469727,3.309999942779541,5024727
2023-12-11,3.359999895095825,3.359999895095825,3.4600000381469727,3.299999952316284,3.3499999046325684,7057794
2023-12-12,3.3499999046325684,3.3499999046325684,3.450000047683716,3.2899999618530273,3.380000114440918,6534512
2023-12-13,3.3299999237060547,3.3299999237060547,3.430000066757202,3.2899999618530273,3.4100000858306885,6388616
2023-12-14,3.259999990463257,3.259999990463257,3.4000000953674316,3.240000009536743,3.390000104904175,9837609
2023-12-15,3.240000009536743,3.240000009536743,3.3399999141693115,3.200000047683716,3.3299999237060547,6938281
2023-12-18,3.559999942779541,3.559999942779541,3.559999942779541,3.3499999046325684,3.3499999046325684,25671040
2023-12-19,3.7300000190734863,3.7300000190734863,3.890000104904175,3.6500000953674316,3.7300000190734863,22735930
2023-12-20,3.8299999237060547,3.8299999237060547,4.099999904632568,3.7100000381469727,3.799999952316284,24847630
2023-12-21,4.090000152587891,4.090000152587891,4.130000114440918,3.7899999618530273,3.799999952316284,17888920
2023-12-22,3.940000057220459,3.940000057220459,4.210000038146973,3.9000000953674316,4.179999828338623,11200300
2023-12-26,3.8299999237060547,3.8299999237060547,3.990000009536743,3.799999952316284,3.9600000381469727,7823953
2023-12-27,3.7899999618530273,3.7899999618530273,3.8499999046325684,3.759999990463257,3.819999933242798,5830361
2023-12-28,3.7699999809265137,3.7699999809265137,3.8399999141693115,3.75,3.809999942779541,4683634
2023-12-29,3.6700000762939453,3.6700000762939453,3.7899999618530273,3.6500000953674316,3.7899999618530273,7318450
2024-01-01,3.6700000762939453,3.6700000762939453,3.7100000381469727,3.619999885559082,3.6700000762939453,6341475
2024-01-02,3.759999990463257,3.759999990463257,3.809999942779541,3.6700000762939453,3.7300000190734863,4881738
2024-01-03,3.940000057220459,3.940000057220459,3.940000057220459,3.7799999713897705,3.8399999141693115,12945270
2024-01-04,4.130000114440918,4.130000114440918,4.130000114440918,4.090000152587891,4.090000152587891,9055546
2024-01-05,4.150000095367432,4.150000095367432,4.300000190734863,4.039999961853027,4.28000020980835,15228430
2024-01-08,4.329999923706055,4.329999923706055,4.349999904632568,4.150000095367432,4.199999809265137,14704530
2024-01-09,4.21999979019165,4.21999979019165,4.510000228881836,4.159999847412109,4.420000076293945,12366140
2024-01-10,4.190000057220459,4.190000057220459,4.25,4.099999904632568,4.25,6135509
2024-01-11,4.269999980926514,4.269999980926514,4.300000190734863,4.210000038146973,4.21999979019165,5960034
2024-01-12,4.170000076293945,4.170000076293945,4.320000171661377,4.159999847412109,4.289999961853027,7282416
2024-01-15,4.260000228881836,4.260000228881836,4.349999904632568,4.179999828338623,4.210000038146973,8281210
2024-01-16,4.059999942779541,4.059999942779541,4.300000190734863,4.050000190734863,4.300000190734863,10033120
2024-01-17,3.9800000190734863,3.9800000190734863,4.03000020980835,3.930000066757202,4.019999980926514,5943258
2024-01-19,4.090000152587891,4.090000152587891,4.139999866485596,4.059999942779541,4.110000133514404,5120458
2024-01-23,4.159999847412109,4.159999847412109,4.239999771118164,4.099999904632568,4.119999885559082,11548430
2024-01-24,4.239999771118164,4.239999771118164,4.300000190734863,4.199999809265137,4.210000038146973,5827821
2024-01-25,4.239999771118164,4.239999771118164,4.300000190734863,4.210000038146973,4.300000190734863,4565257
2024-01-29,4.440000057220459,4.440000057220459,4.449999809265137,4.25,4.25,18971140
2024-01-30,4.639999866485596,4.639999866485596,4.659999847412109,4.449999809265137,4.550000190734863,22125610
2024-01-31,4.409999847412109,4.409999847412109,4.579999923706055,4.409999847412109,4.579999923706055,7786426
2024-02-01,4.190000057220459,4.190000057220459,4.25,4.190000057220459,4.199999809265137,7891963
2024-02-02,4.380000114440918,4.380000114440918,4.389999866485596,4.019999980926514,4.059999942779541,11465230
2024-02-05,4.440000057220459,4.440000057220459,4.590000152587891,4.420000076293945,4.449999809265137,16443620
2024-02-06,4.46999979019165,4.46999979019165,4.599999904632568,4.449999809265137,4.539999961853027,6291628
2024-02-07,4.909999847412109,4.909999847412109,4.909999847412109,4.590000152587891,4.599999904632568,24134360
2024-02-08,5.400000095367432,5.400000095367432,5.400000095367432,5.190000057220459,5.28000020980835,23870350
2024-02-09,5.170000076293945,5.170000076293945,5.630000114440918,4.860000133514404,5.630000114440918,35106460
2024-02-12,4.659999847412109,4.659999847412109,4.949999809265137,4.659999847412109,4.920000076293945,15407780
2024-02-13,4.239999771118164,4.239999771118164,4.329999923706055,4.199999809265137,4.260000228881836,19971410
2024-02-14,4.659999847412109,4.659999847412109,4.659999847412109,4.039999961853027,4.099999904632568,7048195
2024-02-15,4.920000076293945,4.920000076293945,5.050000190734863,4.699999809265137,4.929999828338623,13336230
2024-02-16,4.809999942779541,4.809999942779541,5.050000190734863,4.78000020980835,5.019999980926514,4566966
2024-02-19,4.670000076293945,4.670000076293945,4.849999904632568,4.599999904632568,4.809999942779541,7830694
2024-02-20,4.630000114440918,4.630000114440918,4.71999979019165,4.590000152587891,4.699999809265137,5002207
2024-02-21,4.510000228881836,4.510000228881836,4.659999847412109,4.460000038146973,4.639999866485596,7279040
2024-02-22,4.769999980926514,4.769999980926514,4.889999866485596,4.420000076293945,4.519999980926514,9771695
2024-02-23,4.639999866485596,4.639999866485596,4.889999866485596,4.599999904632568,4.880000114440918,4856436
2024-02-26,4.71999979019165,4.71999979019165,4.849999904632568,4.690000057220459,4.690000057220459,4224963
2024-02-27,4.690000057220459,4.690000057220459,4.789999961853027,4.659999847412109,4.75,4878503
2024-02-28,4.519999980926514,4.519999980926514,4.71999979019165,4.460000038146973,4.71999979019165,4019154
2024-02-29,4.46999979019165,4.46999979019165,4.519999980926514,4.389999866485596,4.5,4043698
2024-03-01,4.489999771118164,4.489999771118164,4.550000190734863,4.449999809265137,4.46999979019165,3545594
2024-03-04,4.409999847412109,4.409999847412109,4.539999961853027,4.389999866485596,4.539999961853027,2584997
2024-03-05,4.28000020980835,4.28000020980835,4.440000057220459,4.239999771118164,4.409999847412109,3387194
2024-03-06,4.139999866485596,4.139999866485596,4.269999980926514,4.070000171661377,4.25,3445782
2024-03-07,4.360000133514404,4.360000133514404,4.449999809265137,4.150000095367432,4.159999847412109,3256868
2024-03-11,4.019999980926514,4.019999980926514,4.369999885559082,4.0,4.369999885559082,8376680
2024-03-12,3.7699999809265137,3.7699999809265137,4.019999980926514,3.700000047683716,3.9800000190734863,9309131
2024-03-13,3.4600000381469727,3.4600000381469727,3.9100000858306885,3.4200000762939453,3.75,7736859
2024-03-14,3.799999952316284,3.799999952316284,3.799999952316284,3.130000114440918,3.4100000858306885,7659274
2024-03-15,3.7300000190734863,3.7300000190734863,3.940000057220459,3.609999895095825,3.940000057220459,4318052
2024-03-18,3.75,3.75,3.869999885559082,3.700000047683716,3.7200000286102295,4080689
2024-03-19,3.640000104904175,3.640000104904175,3.7899999618530273,3.5999999046325684,3.7899999618530273,3070532
2024-03-20,3.5899999141693115,3.5899999141693115,3.6500000953674316,3.549999952316284,3.6500000953674316,2719256
2024-03-21,3.680000066757202,3.680000066757202,3.759999990463257,3.6600000858306885,3.6700000762939453,2036295
2024-03-22,3.690000057220459,3.690000057220459,3.7100000381469727,3.6500000953674316,3.680000066757202,1563862
2024-03-26,3.6700000762939453,3.6700000762939453,3.75,3.619999885559082,3.7300000190734863,2575701
2024-03-27,3.619999885559082,3.619999885559082,3.700000047683716,3.5999999046325684,3.630000114440918,4575169
2024-03-28,3.6700000762939453,3.6700000762939453,3.75,3.619999885559082,3.690000057220459,4334028
2024-04-01,3.9800000190734863,3.9800000190734863,4.019999980926514,3.700000047683716,3.7200000286102295,6533944
2024-04-02,4.28000020980835,4.28000020980835,4.349999904632568,4.0,4.03000020980835,4370341
2024-04-03,4.260000228881836,4.260000228881836,4.449999809265137,4.230000019073486,4.28000020980835,3600713
2024-04-04,4.150000095367432,4.150000095367432,4.300000190734863,4.099999904632568,4.260000228881836,5453031
2024-04-05,4.210000038146973,4.210000038146973,4.300000190734863,4.159999847412109,4.21999979019165,2841546
2024-04-08,4.150000095367432,4.150000095367432,4.289999961853027,4.119999885559082,4.239999771118164,2813573
2024-04-09,3.9700000286102295,3.9700000286102295,4.199999809265137,3.950000047683716,4.190000057220459,3916356
2024-04-10,4.079999923706055,4.079999923706055,4.190000057220459,3.940000057220459,4.0,3906882
2024-04-12,4.03000020980835,4.03000020980835,4.090000152587891,3.990000009536743,4.090000152587891,2973270
2024-04-15,3.9200000762939453,3.9200000762939453,3.940000057220459,3.740000009536743,3.9200000762939453,4524391
2024-04-16,3.9800000190734863,3.9800000190734863,4.050000190734863,3.869999885559082,3.9000000953674316,1453279
2024-04-18,3.930000066757202,3.930000066757202,4.099999904632568,3.9000000953674316,4.0,2864823
2024-04-19,3.9100000858306885,3.9100000858306885,3.950000047683716,3.809999942779541,3.9100000858306885,1590026
2024-04-22,3.9700000286102295,3.9700000286102295,4.079999923706055,3.950000047683716,3.990000009536743,1708167
2024-04-23,4.010000228881836,4.010000228881836,4.050000190734863,3.9700000286102295,4.0,3428067
2024-04-24,4.059999942779541,4.059999942779541,4.130000114440918,4.03000020980835,4.050000190734863,3813923
2024-04-25,4.010000228881836,4.010000228881836,4.079999923706055,4.0,4.079999923706055,2699993
2024-04-26,3.9600000381469727,3.9600000381469727,3.990000009536743,3.950000047683716,3.990000009536743,3566667
2024-04-29,3.9600000381469727,3.9600000381469727,4.039999961853027,3.950000047683716,4.0,2495128
2024-04-30,3.9100000858306885,3.9100000858306885,3.9800000190734863,3.9000000953674316,3.9800000190734863,2559818
2024-05-02,3.9100000858306885,3.9100000858306885,3.940000057220459,3.859999895095825,3.9100000858306885,2900908
2024-05-03,3.9200000762939453,3.9200000762939453,4.0,3.9100000858306885,3.940000057220459,2541319
2024-05-06,3.859999895095825,3.859999895095825,3.990000009536743,3.8499999046325684,3.9600000381469727,2517645
2024-05-07,3.819999933242798,3.819999933242798,3.869999885559082,3.7899999618530273,3.869999885559082,3368980
2024-05-08,3.8299999237060547,3.8299999237060547,3.8499999046325684,3.75,3.809999942779541,2875065
2024-05-09,3.7200000286102295,3.7200000286102295,3.8499999046325684,3.690000057220459,3.8499999046325684,2993658
2024-05-10,3.7200000286102295,3.7200000286102295,3.799999952316284,3.6700000762939453,3.740000009536743,2598517
2024-05-13,3.7699999809265137,3.7699999809265137,3.799999952316284,3.75,3.7799999713897705,1683879
2024-05-14,3.809999942779541,3.809999942779541,3.8499999046325684,3.7699999809265137,3.7699999809265137,3113989
2024-05-15,3.9000000953674316,3.9000000953674316,3.9600000381469727,3.799999952316284,3.809999942779541,4519367
2024-05-16,3.9700000286102295,3.9700000286102295,4.090000152587891,3.930000066757202,3.930000066757202,3886780
2024-05-17,3.9200000762939453,3.9200000762939453,4.0,3.9000000953674316,4.0,2599647
2024-05-21,3.9100000858306885,3.9100000858306885,3.990000009536743,3.9000000953674316,3.990000009536743,3267590
2024-05-22,3.9800000190734863,3.9800000190734863,3.990000009536743,3.950000047683716,3.950000047683716,3651967
2024-05-23,3.869999885559082,3.869999885559082,4.090000152587891,3.8499999046325684,4.019999980926514,5183257
2024-05-24,3.9000000953674316,3.9000000953674316,3.9100000858306885,3.809999942779541,3.880000114440918,4285829
2024-05-27,3.890000104904175,3.890000104904175,3.990000009536743,3.869999885559082,3.9000000953674316,3596451
2024-05-28,3.809999942779541,3.809999942779541,3.950000047683716,3.7699999809265137,3.950000047683716,2861338
2024-05-29,3.7799999713897705,3.7799999713897705,3.809999942779541,3.75,3.809999942779541,2247902
2024-05-30,3.759999990463257,3.759999990463257,3.8499999046325684,3.740000009536743,3.809999942779541,1317399
2024-05-31,3.7100000381469727,3.7100000381469727,3.8299999237060547,3.700000047683716,3.7899999618530273,5512506
2024-06-03,3.7899999618530273,3.7899999618530273,3.890000104904175,3.3399999141693115,3.799999952316284,7026900
2024-06-04,3.630000114440918,3.630000114440918,3.8399999141693115,3.450000047683716,3.799999952316284,6940732
2024-06-05,3.630000114440918,3.630000114440918,3.7100000381469727,3.549999952316284,3.640000104904175,3819958
2024-06-06,3.7200000286102295,3.7200000286102295,3.799999952316284,3.609999895095825,3.609999895095825,3301950
2024-06-07,3.759999990463257,3.759999990463257,3.799999952316284,3.7100000381469727,3.75,2417825
2024-06-10,3.759999990463257,3.759999990463257,3.859999895095825,3.7200000286102295,3.819999933242798,1178103
2024-06-11,3.75,3.75,3.7899999618530273,3.7200000286102295,3.7899999618530273,2363252
2024-06-12,3.8299999237060547,3.8299999237060547,3.890000104904175,3.75,3.7799999713897705,4258476
2024-06-13,3.7799999713897705,3.7799999713897705,3.880000114440918,3.7699999809265137,3.880000114440918,2090123
2024-06-14,3.7699999809265137,3.7699999809265137,3.799999952316284,3.7300000190734863,3.799999952316284,3699734
2024-06-18,3.7300000190734863,3.7300000190734863,3.809999942779541,3.7200000286102295,3.7899999618530273,4118960
2024-06-19,3.680000066757202,3.680000066757202,3.7699999809265137,3.6700000762939453,3.759999990463257,3184506
2024-06-20,3.940000057220459,3.940000057220459,4.119999885559082,3.680000066757202,3.680000066757202,11630180
2024-06-21,4.079999923706055,4.079999923706055,4.21999979019165,3.9600000381469727,3.9800000190734863,15100820
2024-06-24,3.9700000286102295,3.9700000286102295,4.090000152587891,3.940000057220459,4.090000152587891,4730869
2024-06-25,3.9200000762939453,3.9200000762939453,4.070000171661377,3.880000114440918,4.059999942779541,4549410
2024-06-26,3.950000047683716,3.950000047683716,4.03000020980835,3.930000066757202,3.9600000381469727,1765548
2024-06-27,3.880000114440918,3.880000114440918,3.9800000190734863,3.859999895095825,3.9800000190734863,1869167
2024-06-28,3.8499999046325684,3.8499999046325684,3.930000066757202,3.8299999237060547,3.880000114440918,1715149
2024-07-01,3.9000000953674316,3.9000000953674316,3.9600000381469727,3.8299999237060547,3.8499999046325684,3434625
2024-07-02,3.880000114440918,3.880000114440918,3.940000057220459,3.859999895095825,3.9000000953674316,2145188
2024-07-03,3.869999885559082,3.869999885559082,3.9100000858306885,3.859999895095825,3.890000104904175,2122183
2024-07-04,4.039999961853027,4.039999961853027,4.090000152587891,3.859999895095825,3.9000000953674316,8802928
2024-07-05,3.990000009536743,3.990000009536743,4.150000095367432,3.9600000381469727,4.050000190734863,5705144
2024-07-08,3.890000104904175,3.890000104904175,4.019999980926514,3.880000114440918,3.9800000190734863,3159955
2024-07-09,3.869999885559082,3.869999885559082,3.930000066757202,3.859999895095825,3.9000000953674316,2848013
2024-07-10,3.8299999237060547,3.8299999237060547,3.9000000953674316,3.799999952316284,3.869999885559082,3132292
2024-07-11,3.819999933242798,3.819999933242798,3.880000114440918,3.809999942779541,3.8399999141693115,2401187
2024-07-12,3.7899999618530273,3.7899999618530273,3.8499999046325684,3.7699999809265137,3.8299999237060547,2303123
2024-07-15,3.809999942779541,3.809999942779541,3.8499999046325684,3.7799999713897705,3.819999933242798,1761976
2024-07-16,3.819999933242798,3.819999933242798,3.880000114440918,3.799999952316284,3.809999942779541,2050434
2024-07-18,3.7899999618530273,3.7899999618530273,3.880000114440918,3.7799999713897705,3.8499999046325684,3176816
2024-07-19,3.7300000190734863,3.7300000190734863,3.799999952316284,3.700000047683716,3.799999952316284,1963354
2024-07-22,3.680000066757202,3.680000066757202,3.75,3.6600000858306885,3.7300000190734863,2181952
2024-07-23,3.7100000381469727,3.7100000381469727,3.740000009536743,3.630000114440918,3.690000057220459,2974366
2024-07-24,3.7300000190734863,3.7300000190734863,3.8299999237060547,3.7100000381469727,3.740000009536743,4143877
2024-07-25,3.7699999809265137,3.7699999809265137,3.890000104904175,3.7200000286102295,3.740000009536743,3693963
2024-07-26,3.759999990463257,3.759999990463257,3.819999933242798,3.75,3.7899999618530273,1728083
2024-07-29,3.7300000190734863,3.7300000190734863,3.799999952316284,3.700000047683716,3.759999990463257,3154182
2024-07-30,3.799999952316284,3.799999952316284,3.8299999237060547,3.7100000381469727,3.75,2734332
2024-07-31,3.7799999713897705,3.7799999713897705,3.8399999141693115,3.75,3.8399999141693115,1545542
2024-08-01,4.03000020980835,4.03000020980835,4.340000152587891,3.9200000762939453,4.25,15884770
2024-08-02,4.0,4.0,4.150000095367432,3.9600000381469727,4.03000020980835,7049819
2024-08-05,3.7699999809265137,3.7699999809265137,3.9000000953674316,3.740000009536743,3.809999942779541,5164630
2024-08-06,3.700000047683716,3.700000047683716,3.880000114440918,3.680000066757202,3.75,4629606
2024-08-07,3.8299999237060547,3.8299999237060547,3.8499999046325684,3.7300000190734863,3.7799999713897705,3199227
2024-08-08,3.9100000858306885,3.9100000858306885,4.099999904632568,3.8399999141693115,3.869999885559082,9380800
2024-08-09,3.950000047683716,3.950000047683716,4.019999980926514,3.9200000762939453,3.930000066757202,2974673
2024-08-12,3.940000057220459,3.940000057220459,4.03000020980835,3.9200000762939453,3.930000066757202,3667599
2024-08-13,3.859999895095825,3.859999895095825,4.039999961853027,3.8399999141693115,3.9600000381469727,3219021
2024-08-14,3.819999933242798,3.819999933242798,3.930000066757202,3.809999942779541,3.9100000858306885,759682
2024-08-16,3.799999952316284,3.799999952316284,3.890000104904175,3.7799999713897705,3.869999885559082,2340717
2024-08-19,3.8399999141693115,3.8399999141693115,3.880000114440918,3.799999952316284,3.8499999046325684,2618538
2024-08-20,3.819999933242798,3.819999933242798,3.869999885559082,3.799999952316284,3.8499999046325684,1915012
2024-08-21,3.869999885559082,3.869999885559082,3.890000104904175,3.799999952316284,3.799999952316284,2896136
2024-08-22,3.930000066757202,3.930000066757202,4.059999942779541,3.890000104904175,3.9000000953674316,6950201
2024-08-23,3.9200000762939453,3.9200000762939453,4.0,3.890000104904175,3.9800000190734863,3032315
2024-08-26,3.880000114440918,3.880000114440918,3.9800000190734863,3.859999895095825,3.9700000286102295,2702070
2024-08-28,3.809999942779541,3.809999942779541,3.880000114440918,3.799999952316284,3.819999933242798,1748772
2024-08-29,3.7799999713897705,3.7799999713897705,3.8299999237060547,3.759999990463257,3.809999942779541,1834071
2024-08-30,3.7799999713897705,3.7799999713897705,3.8299999237060547,3.7699999809265137,3.8299999237060547,1825299
2024-09-02,3.809999942779541,3.809999942779541,3.819999933242798,3.7699999809265137,3.819999933242798,2220953
2024-09-03,3.7699999809265137,3.7699999809265137,3.8299999237060547,3.759999990463257,3.819999933242798,1716021
2024-09-04,3.759999990463257,3.759999990463257,3.7899999618530273,3.7300000190734863,3.7300000190734863,1606508
2024-09-05,3.759999990463257,3.759999990463257,3.7899999618530273,3.75,3.759999990463257,1532767
2024-09-06,3.7300000190734863,3.7300000190734863,3.819999933242798,3.7200000286102295,3.7799999713897705,3787458
2024-09-09,3.690000057220459,3.690000057220459,3.7699999809265137,3.690000057220459,3.7699999809265137,1581418
2024-09-10,3.700000047683716,3.700000047683716,3.740000009536743,3.680000066757202,3.700000047683716,1675464
2024-09-11,3.6700000762939453,3.6700000762939453,3.7300000190734863,3.6500000953674316,3.680000066757202,1879121
2024-09-12,3.6700000762939453,3.6700000762939453,3.700000047683716,3.6500000953674316,3.6700000762939453,1748859
2024-09-13,3.740000009536743,3.740000009536743,3.75,3.6700000762939453,3.700000047683716,1449703
2024-09-16,3.680000066757202,3.680000066757202,3.759999990463257,3.6700000762939453,3.740000009536743,2968278
2024-09-17,3.6600000858306885,3.6600000858306885,3.7100000381469727,3.640000104904175,3.680000066757202,1444526
2024-09-18,3.609999895095825,3.609999895095825,3.680000066757202,3.5999999046325684,3.6700000762939453,2162505
2024-09-19,3.4800000190734863,3.4800000190734863,3.6500000953674316,3.450000047683716,3.5899999141693115,2885479
2024-09-20,3.5399999618530273,3.5399999618530273,3.549999952316284,3.4600000381469727,3.4700000286102295,1646675
2024-09-23,3.640000104904175,3.640000104904175,3.6500000953674316,3.5399999618530273,3.569999933242798,2285509
2024-09-24,3.5899999141693115,3.5899999141693115,3.680000066757202,3.5399999618530273,3.680000066757202,1837355
2024-09-25,3.549999952316284,3.549999952316284,3.5999999046325684,3.5199999809265137,3.5899999141693115,3124890
2024-09-26,3.490000009536743,3.490000009536743,3.549999952316284,3.4700000286102295,3.5199999809265137,1985176
2024-09-27,3.5199999809265137,3.5199999809265137,3.549999952316284,3.490000009536743,3.5299999713897705,1795803
2024-09-30,3.5,3.5,3.5399999618530273,3.450000047683716,3.5399999618530273,1330038
2024-10-01,3.740000009536743,3.740000009536743,3.7899999618530273,3.490000009536743,3.490000009536743,6859093
2024-10-03,3.619999885559082,3.619999885559082,3.690000057220459,3.559999942779541,3.680000066757202,3477101
2024-10-04,3.5399999618530273,3.5399999618530273,3.630000114440918,3.509999990463257,3.609999895095825,2515052
2024-10-07,3.440000057220459,3.440000057220459,3.569999933242798,3.4000000953674316,3.5199999809265137,2139922
2024-10-08,3.5,3.5,3.549999952316284,3.1600000858306885,3.1600000858306885,2534626
2024-10-09,3.5199999809265137,3.5199999809265137,3.5999999046325684,3.5,3.5799999237060547,866230
2024-10-10,3.509999990463257,3.509999990463257,3.5999999046325684,3.5,3.509999990463257,1734299
2024-10-11,3.5299999713897705,3.5299999713897705,3.5899999141693115,3.4800000190734863,3.509999990463257,1860941
2024-10-14,3.509999990463257,3.509999990463257,3.569999933242798,3.490000009536743,3.559999942779541,1000571
2024-10-15,3.509999990463257,3.509999990463257,3.559999942779541,3.450000047683716,3.490000009536743,1246210
2024-10-16,3.5,3.5,3.5899999141693115,3.4800000190734863,3.5299999713897705,1415613
2024-10-17,3.4800000190734863,3.4800000190734863,3.5299999713897705,3.4600000381469727,3.490000009536743,1199177
2024-10-18,3.4600000381469727,3.4600000381469727,3.5,3.430000066757202,3.4700000286102295,1356901
2024-10-21,3.380000114440918,3.380000114440918,3.5,3.309999942779541,3.430000066757202,1587239
2024-10-22,3.240000009536743,3.240000009536743,3.380000114440918,3.049999952316284,3.3399999141693115,1781636
2024-10-23,3.2699999809265137,3.2699999809265137,3.369999885559082,3.1700000762939453,3.1700000762939453,2258736
2024-10-24,3.309999942779541,3.309999942779541,3.369999885559082,3.2699999809265137,3.2899999618530273,826286
2024-10-25,3.190000057220459,3.190000057220459,3.3399999141693115,3.049999952316284,3.3399999141693115,3532686
2024-10-28,3.200000047683716,3.200000047683716,3.3499999046325684,3.119999885559082,3.1700000762939453,2458427
2024-10-29,3.190000057220459,3.190000057220459,3.319999933242798,3.0799999237060547,3.2300000190734863,1633853
2024-10-31,3.4800000190734863,3.4800000190734863,3.5199999809265137,3.359999895095825,3.4200000762939453,2654023
2024-11-01,3.5199999809265137,3.5199999809265137,3.549999952316284,3.5,3.549999952316284,454062
2024-11-04,3.4700000286102295,3.4700000286102295,3.559999942779541,3.450000047683716,3.559999942779541,1632175
2024-11-06,3.5399999618530273,3.5399999618530273,3.569999933242798,3.4800000190734863,3.5299999713897705,1415694
2024-11-07,3.5399999618530273,3.5399999618530273,3.6500000953674316,3.5299999713897705,3.5399999618530273,1782062
2024-11-08,3.5299999713897705,3.5299999713897705,3.6500000953674316,3.380000114440918,3.6500000953674316,2008015
2024-11-11,3.4200000762939453,3.4200000762939453,3.549999952316284,3.4200000762939453,3.549999952316284,1663034
2024-11-12,3.4000000953674316,3.4000000953674316,3.4700000286102295,3.3499999046325684,3.4700000286102295,1114029
2024-11-13,3.299999952316284,3.299999952316284,3.440000057220459,3.25,3.369999885559082,1651550
2024-11-14,3.319999933242798,3.319999933242798,3.359999895095825,3.2799999713897705,3.299999952316284,917662
2024-11-18,3.2100000381469727,3.2100000381469727,3.3399999141693115,3.200000047683716,3.3399999141693115,2108002
2024-11-19,3.2799999713897705,3.2799999713897705,3.3399999141693115,3.2100000381469727,3.2100000381469727,1157280
2024-11-21,3.2200000286102295,3.2200000286102295,3.309999942779541,3.190000057220459,3.2699999809265137,1545019
2024-11-22,3.2200000286102295,3.2200000286102295,3.2699999809265137,3.200000047683716,3.240000009536743,361122
2024-11-25,3.2699999809265137,3.2699999809265137,3.319999933242798,3.240000009536743,3.319999933242798,963471
2024-11-26,3.2799999713897705,3.2799999713897705,3.319999933242798,3.259999990463257,3.2699999809265137,957624
2024-11-27,3.3399999141693115,3.3399999141693115,3.369999885559082,3.25,3.309999942779541,1299107
2024-11-28,3.390000104904175,3.390000104904175,3.430000066757202,3.3399999141693115,3.369999885559082,1047009
2024-11-29,3.319999933242798,3.319999933242798,3.4200000762939453,3.299999952316284,3.4100000858306885,928119
2024-12-02,3.309999942779541,3.309999942779541,3.390000104904175,3.259999990463257,3.3299999237060547,1287944
2024-12-03,3.319999933242798,3.319999933242798,3.359999895095825,3.2799999713897705,3.309999942779541,916610
2024-12-04,3.359999895095825,3.359999895095825,3.4200000762939453,3.2899999618530273,3.3499999046325684,1611917
2024-12-05,3.390000104904175,3.390000104904175,3.4200000762939453,3.3399999141693115,3.4200000762939453,1208909
2024-12-06,3.430000066757202,3.430000066757202,3.5199999809265137,3.390000104904175,3.430000066757202,1862778
2024-12-09,3.430000066757202,3.430000066757202,3.490000009536743,3.4000000953674316,3.490000009536743,1145332
2024-12-10,3.4100000858306885,3.4100000858306885,3.450000047683716,3.390000104904175,3.4000000953674316,1235704
2024-12-11,3.359999895095825,3.359999895095825,3.4200000762939453,3.3499999046325684,3.4200000762939453,1370044
2024-12-12,3.3399999141693115,3.3399999141693115,3.380000114440918,3.3299999237060547,3.380000114440918,947701
2024-12-13,3.319999933242798,3.319999933242798,3.380000114440918,3.299999952316284,3.3399999141693115,1187986
2024-12-16,3.3499999046325684,3.3499999046325684,3.380000114440918,3.3299999237060547,3.3299999237060547,1361567
2024-12-17,3.4100000858306885,3.4100000858306885,3.5,3.369999885559082,3.4200000762939453,2245941
2024-12-18,3.430000066757202,3.430000066757202,3.4700000286102295,3.359999895095825,3.4000000953674316,1590587
2024-12-19,3.380000114440918,3.380000114440918,3.4700000286102295,3.25,3.430000066757202,2272396
2024-12-20,3.2899999618530273,3.2899999618530273,3.440000057220459,3.259999990463257,3.380000114440918,1085701
2024-12-23,3.240000009536743,3.240000009536743,3.359999895095825,3.140000104904175,3.359999895095825,1988612
2024-12-24,3.25,3.25,3.2899999618530273,3.2100000381469727,3.2699999809265137,802793
2024-12-26,3.200000047683716,3.200000047683716,3.3399999141693115,3.190000057220459,3.2899999618530273,2934003
2024-12-27,3.2100000381469727,3.2100000381469727,3.259999990463257,3.190000057220459,3.259999990463257,1089916
2024-12-30,3.190000057220459,3.190000057220459,3.2699999809265137,3.1500000953674316,3.2699999809265137,1345961
2024-12-31,3.180000066757202,3.180000066757202,3.2100000381469727,3.140000104904175,3.190000057220459,1292279
2025-01-01,3.2699999809265137,3.2699999809265137,3.3399999141693115,3.180000066757202,3.190000057220459,1944536
2025-01-02,3.299999952316284,3.299999952316284,3.4200000762939453,3.2699999809265137,3.2699999809265137,1388378
2025-01-03,3.359999895095825,3.359999895095825,3.4000000953674316,3.319999933242798,3.3299999237060547,1826323
2025-01-06,3.2100000381469727,3.2100000381469727,3.430000066757202,3.190000057220459,3.359999895095825,2073355
2025-01-07,3.2100000381469727,3.2100000381469727,3.25,3.190000057220459,3.2100000381469727,743747
2025-01-08,3.1700000762939453,3.1700000762939453,3.25,3.1500000953674316,3.25,1118380
2025-01-09,3.1700000762939453,3.1700000762939453,3.240000009536743,3.140000104904175,3.140000104904175,1011870
2025-01-10,3.069999933242798,3.069999933242798,3.190000057220459,3.0399999618530273,3.190000057220459,1237460
2025-01-13,2.940000057220459,2.940000057220459,3.0899999141693115,2.9100000858306885,2.9100000858306885,2563558
2025-01-14,3.059999942779541,3.059999942779541,3.069999933242798,2.950000047683716,2.9800000190734863,259331
2025-01-15,3.0899999141693115,3.0899999141693115,3.1700000762939453,3.059999942779541,3.1700000762939453,695772
2025-01-16,3.140000104904175,3.140000104904175,3.1700000762939453,3.0999999046325684,3.119999885559082,825328
2025-01-17,3.0999999046325684,3.0999999046325684,3.1500000953674316,3.069999933242798,3.140000104904175,755333
2025-01-20,3.119999885559082,3.119999885559082,3.130000114440918,3.069999933242798,3.069999933242798,839036
2025-01-21,3.059999942779541,3.059999942779541,3.1600000858306885,3.0399999618530273,3.140000104904175,1219375
2025-01-22,3.0399999618530273,3.0399999618530273,3.0899999141693115,2.990000009536743,3.049999952316284,1047477
2025-01-23,3.0,3.0,3.069999933242798,2.9800000190734863,3.0299999713897705,1690000
2025-01-24,2.940000057220459,2.940000057220459,3.0299999713897705,2.9000000953674316,3.009999990463257,864781
2025-01-27,2.880000114440918,2.880000114440918,2.950000047683716,2.8499999046325684,2.9100000858306885,1731690
2025-01-28,2.9000000953674316,2.9000000953674316,2.940000057220459,2.880000114440918,2.9200000762939453,746526
2025-01-29,2.9100000858306885,2.9100000858306885,2.9700000286102295,2.890000104904175,2.890000104904175,1297028
2025-01-30,2.9100000858306885,2.9100000858306885,2.9800000190734863,2.9000000953674316,2.9700000286102295,471480
2025-01-31,2.950000047683716,2.950000047683716,2.9700000286102295,2.9200000762939453,2.940000057220459,759480
2025-02-01,3.0,3.0,3.0299999713897705,2.890000104904175,3.0199999809265137,517202
2025-02-03,2.930000066757202,2.930000066757202,2.990000009536743,2.9100000858306885,2.9800000190734863,674531
2025-02-04,2.930000066757202,2.930000066757202,2.990000009536743,2.9200000762939453,2.9600000381469727,803891
2025-02-05,2.9700000286102295,2.9700000286102295,2.9800000190734863,2.940000057220459,2.9600000381469727,632214
2025-02-06,2.950000047683716,2.950000047683716,3.0,2.930000066757202,3.0,1179122
2025-02-07,2.9200000762939453,2.9200000762939453,2.9700000286102295,2.9000000953674316,2.9700000286102295,789901
2025-02-10,2.9000000953674316,2.9000000953674316,2.940000057220459,2.880000114440918,2.940000057220459,806208
2025-02-11,2.7799999713897705,2.7799999713897705,2.9200000762939453,2.7200000286102295,2.890000104904175,2173112
2025-02-12,2.690000057220459,2.690000057220459,2.7899999618530273,2.5899999141693115,2.7100000381469727,2268160
2025-02-13,2.680000066757202,2.680000066757202,2.7899999618530273,2.6700000762939453,2.680000066757202,2188318
2025-02-14,2.609999895095825,2.609999895095825,2.759999990463257,2.569999933242798,2.759999990463257,2018025
2025-02-17,2.4200000762939453,2.4200000762939453,2.5399999618530273,2.3499999046325684,2.5399999618530273,3079517
2025-02-18,2.2699999809265137,2.2699999809265137,2.430000066757202,2.2300000190734863,2.3499999046325684,2360539
2025-02-19,2.4700000286102295,2.4700000286102295,2.5,2.2100000381469727,2.2100000381469727,1456201
2025-02-20,2.490000009536743,2.490000009536743,2.549999952316284,2.4200000762939453,2.4700000286102295,1596092
2025-02-21,2.509999990463257,2.509999990463257,2.5999999046325684,2.4800000190734863,2.5,1274293
2025-02-24,2.4600000381469727,2.4600000381469727,2.5799999237060547,2.4200000762939453,2.509999990463257,2516946
2025-02-25,2.4700000286102295,2.4700000286102295,2.5199999809265137,2.4000000953674316,2.4000000953674316,1126495
2025-02-27,2.440000057220459,2.440000057220459,2.549999952316284,2.4200000762939453,2.509999990463257,1748001
2025-02-28,2.380000114440918,2.380000114440918,2.4800000190734863,2.3499999046325684,2.4800000190734863,1739844
2025-03-03,2.3299999237060547,2.3299999237060547,2.440000057220459,2.299999952316284,2.440000057220459,2781517
2025-03-04,2.319999933242798,2.319999933242798,2.440000057220459,2.259999990463257,2.299999952316284,2622633
2025-03-05,2.4000000953674316,2.4000000953674316,2.440000057220459,2.3399999141693115,2.369999885559082,1386057
2025-03-06,2.509999990463257,2.509999990463257,2.549999952316284,2.4200000762939453,2.450000047683716,1126190
2025-03-07,2.549999952316284,2.549999952316284,2.640000104904175,2.5,2.5199999809265137,2542448
2025-03-10,2.4800000190734863,2.4800000190734863,2.5799999237060547,2.450000047683716,2.5799999237060547,3319918
2025-03-11,2.4200000762939453,2.4200000762939453,2.4800000190734863,2.4000000953674316,2.430000066757202,1082946
2025-03-12,2.4700000286102295,2.4700000286102295,2.5299999713897705,2.450000047683716,2.4600000381469727,2801086
2025-03-13,2.509999990463257,2.509999990463257,2.549999952316284,2.490000009536743,2.5399999618530273,1326699
2025-03-17,2.369999885559082,2.369999885559082,2.5799999237060547,2.3499999046325684,2.5199999809265137,3928690
2025-03-18,2.369999885559082,2.369999885559082,2.440000057220459,2.359999895095825,2.4000000953674316,536069
2025-03-19,2.490000009536743,2.490000009536743,2.5199999809265137,2.390000104904175,2.390000104904175,3375661
2025-03-20,2.450000047683716,2.450000047683716,2.569999933242798,2.200000047683716,2.509999990463257,3216066
2025-03-21,2.4200000762939453,2.4200000762939453,2.509999990463257,2.380000114440918,2.450000047683716,4479992
2025-03-24,2.4600000381469727,2.4600000381469727,2.5199999809265137,2.430000066757202,2.4800000190734863,2081468
2025-03-25,2.4000000953674316,2.4000000953674316,2.4800000190734863,2.369999885559082,2.4600000381469727,1656901
2025-03-26,2.3499999046325684,2.3499999046325684,2.430000066757202,2.3399999141693115,2.4200000762939453,1461407
2025-03-27,2.309999942779541,2.309999942779541,2.440000057220459,2.2699999809265137,2.319999933242798,4545194
2025-03-28,2.2300000190734863,2.2300000190734863,2.359999895095825,2.200000047683716,2.299999952316284,2739966
2025-04-01,2.4100000858306885,2.4100000858306885,2.4700000286102295,2.2300000190734863,2.240000009536743,4323785
2025-04-02,2.440000057220459,2.440000057220459,2.4800000190734863,2.369999885559082,2.4600000381469727,2274349
2025-04-03,2.4600000381469727,2.4600000381469727,2.5399999618530273,2.4000000953674316,2.440000057220459,4128222
2025-04-04,2.4000000953674316,2.4000000953674316,2.509999990463257,2.3499999046325684,2.490000009536743,4862178
2025-04-07,2.319999933242798,2.319999933242798,2.4100000858306885,2.2300000190734863,2.2300000190734863,4681937
2025-04-08,2.369999885559082,2.369999885559082,2.450000047683716,2.3399999141693115,2.3399999141693115,4986211
2025-04-09,2.359999895095825,2.359999895095825,2.4200000762939453,2.3399999141693115,2.369999885559082,1801207
2025-04-11,2.380000114440918,2.380000114440918,2.440000057220459,2.369999885559082,2.4200000762939453,2278824
2025-04-15,2.4200000762939453,2.4200000762939453,2.490000009536743,2.4100000858306885,2.4100000858306885,2784464
2025-04-16,2.440000057220459,2.440000057220459,2.4800000190734863,2.380000114440918,2.430000066757202,5026168
2025-04-17,2.430000066757202,2.430000066757202,2.4600000381469727,2.369999885559082,2.450000047683716,2338841
2025-04-21,2.440000057220459,2.440000057220459,2.490000009536743,2.4000000953674316,2.430000066757202,2788808
2025-04-22,2.5399999618530273,2.5399999618530273,2.569999933242798,2.4800000190734863,2.5199999809265137,2934315
2025-04-23,2.549999952316284,2.549999952316284,2.609999895095825,2.490000009536743,2.5199999809265137,2953426
2025-04-24,2.569999933242798,2.569999933242798,2.5999999046325684,2.5199999809265137,2.549999952316284,2394288
2025-04-25,2.430000066757202,2.430000066757202,2.5999999046325684,2.4100000858306885,2.569999933242798,4809517
2025-04-28,2.359999895095825,2.359999895095825,2.440000057220459,2.319999933242798,2.4100000858306885,3863315
2025-04-29,2.3499999046325684,2.3499999046325684,2.4000000953674316,2.3399999141693115,2.359999895095825,945759
2025-04-30,2.2899999618530273,2.2899999618530273,2.359999895095825,2.2200000286102295,2.2200000286102295,3735220
2025-05-02,2.2699999809265137,2.2699999809265137,2.319999933242798,2.25,2.2799999713897705,1190058
2025-05-05,2.2799999713897705,2.2799999713897705,2.309999942779541,2.2200000286102295,2.2200000286102295,3114400
2025-05-06,2.2200000286102295,2.2200000286102295,2.319999933242798,2.2100000381469727,2.299999952316284,1877708
2025-05-07,2.2100000381469727,2.2100000381469727,2.259999990463257,2.200000047683716,2.200000047683716,2030693
2025-05-08,2.190000057220459,2.190000057220459,2.240000009536743,2.180000066757202,2.2200000286102295,1405554
2025-05-09,2.180000066757202,2.180000066757202,2.190000057220459,2.119999885559082,2.1500000953674316,2694013
2025-05-12,2.309999942779541,2.309999942779541,2.3299999237060547,2.2200000286102295,2.2699999809265137,1629282
2025-05-13,2.3499999046325684,2.3499999046325684,2.369999885559082,2.2899999618530273,2.319999933242798,1031763
2025-05-14,2.369999885559082,2.369999885559082,2.390000104904175,2.319999933242798,2.319999933242798,1337211
2025-05-15,2.4100000858306885,2.4100000858306885,2.4200000762939453,2.369999885559082,2.390000104904175,921377
2025-05-16,2.390000104904175,2.390000104904175,2.440000057220459,2.3399999141693115,2.4000000953674316,1848726
2025-05-19,2.4000000953674316,2.4000000953674316,2.440000057220459,2.359999895095825,2.359999895095825,1405327
2025-05-20,2.3499999046325684,2.3499999046325684,2.440000057220459,2.319999933242798,2.4000000953674316,2136459
2025-05-21,2.3499999046325684,2.3499999046325684,2.369999885559082,2.319999933242798,2.3499999046325684,654544
2025-05-22,2.3499999046325684,2.3499999046325684,2.369999885559082,2.3299999237060547,2.3299999237060547,478600
2025-05-23,2.3299999237060547,2.3299999237060547,2.3499999046325684,2.319999933242798,2.319999933242798,551128
2025-05-26,2.3299999237060547,2.3299999237060547,2.3499999046325684,2.319999933242798,2.3499999046325684,858301
2025-05-27,2.3299999237060547,2.3299999237060547,2.3399999141693115,2.309999942779541,2.3299999237060547,619842
2025-05-28,2.430000066757202,2.430000066757202,2.5199999809265137,2.319999933242798,2.319999933242798,3261202
2025-05-29,2.380000114440918,2.380000114440918,2.450000047683716,2.359999895095825,2.440000057220459,1326244
2025-05-30,2.4100000858306885,2.4100000858306885,2.450000047683716,2.380000114440918,2.440000057220459,1569842
2025-06-02,2.4100000858306885,2.4100000858306885,2.4800000190734863,2.4000000953674316,2.430000066757202,1586092
2025-06-03,2.380000114440918,2.380000114440918,2.440000057220459,2.359999895095825,2.390000104904175,917812
2025-06-04,2.369999885559082,2.369999885559082,2.390000104904175,2.359999895095825,2.369999885559082,536107
2025-06-05,2.380000114440918,2.380000114440918,2.4100000858306885,2.359999895095825,2.359999895095825,1245073
2025-06-06,2.369999885559082,2.369999885559082,2.390000104904175,2.359999895095825,2.380000114440918,740709
2025-06-09,2.4200000762939453,2.4200000762939453,2.4600000381469727,2.369999885559082,2.369999885559082,1329016
2025-06-10,2.4800000190734863,2.4800000190734863,2.509999990463257,2.430000066757202,2.430000066757202,1484082
2025-06-11,2.700000047683716,2.700000047683716,2.759999990463257,2.4800000190734863,2.490000009536743,1677725
2025-06-12,2.5899999141693115,2.5899999141693115,2.7699999809265137,2.569999933242798,2.75,2275158
2025-06-13,2.5799999237060547,2.5799999237060547,2.7100000381469727,2.5,2.5799999237060547,1324152
2025-06-16,2.5,2.5,2.619999885559082,2.4700000286102295,2.5799999237060547,2762138
2025-06-17,2.509999990463257,2.509999990463257,2.559999942779541,2.4700000286102295,2.5,1364696
2025-06-18,2.4800000190734863,2.4800000190734863,2.559999942779541,2.4700000286102295,2.5199999809265137,2070327
2025-06-19,2.430000066757202,2.430000066757202,2.5399999618530273,2.4100000858306885,2.509999990463257,2692080
2025-06-20,2.4600000381469727,2.4600000381469727,2.509999990463257,2.4200000762939453,2.4200000762939453,1165032
2025-06-23,2.4600000381469727,2.4600000381469727,2.490000009536743,2.4200000762939453,2.450000047683716,327847
2025-06-24,2.4800000190734863,2.4800000190734863,2.5399999618530273,2.4700000286102295,2.5,426361
2025-06-25,2.5,2.5,2.5199999809265137,2.4800000190734863,2.4800000190734863,659026
2025-06-26,2.5,2.5,2.559999942779541,2.5,2.509999990463257,757948
2025-06-27,2.5299999713897705,2.5299999713897705,2.549999952316284,2.490000009536743,2.509999990463257,1648486
2025-06-30,2.5199999809265137,2.5199999809265137,2.559999942779541,2.4800000190734863,2.5399999618530273,761547
2025-07-01,2.5299999713897705,2.5299999713897705,2.549999952316284,2.5,2.509999990463257,695595
2025-07-02,2.5299999713897705,2.5299999713897705,2.609999895095825,2.5199999809265137,2.5299999713897705,1803244
2025-07-03,2.5199999809265137,2.5199999809265137,2.549999952316284,2.509999990463257,2.5399999618530273,910021
2025-07-04,2.5,2.5,2.549999952316284,2.490000009536743,2.5199999809265137,1226368
2025-07-07,2.4600000381469727,2.4600000381469727,2.5299999713897705,2.4600000381469727,2.5,1281253
2025-07-08,2.4700000286102295,2.4700000286102295,2.5,2.450000047683716,2.450000047683716,365585
2025-07-09,2.450000047683716,2.450000047683716,2.4800000190734863,2.440000057220459,2.450000047683716,853867
2025-07-10,2.450000047683716,2.450000047683716,2.4600000381469727,2.430000066757202,2.440000057220459,482237
2025-07-11,2.390000104904175,2.390000104904175,2.4600000381469727,2.380000114440918,2.4600000381469727,919303
2025-07-14,2.4000000953674316,2.4000000953674316,2.4200000762939453,2.359999895095825,2.359999895095825,1137223
2025-07-15,2.4000000953674316,2.4000000953674316,2.430000066757202,2.390000104904175,2.4100000858306885,1143774
2025-07-16,2.4100000858306885,2.4100000858306885,2.4200000762939453,2.390000104904175,2.4000000953674316,714483
2025-07-17,2.390000104904175,2.390000104904175,2.4200000762939453,2.380000114440918,2.4000000953674316,845697
2025-07-18,2.380000114440918,2.380000114440918,2.4200000762939453,2.369999885559082,2.390000104904175,574639
2025-07-21,2.4000000953674316,2.4000000953674316,2.4700000286102295,2.390000104904175,2.4000000953674316,1182740
2025-07-22,2.3499999046325684,2.3499999046325684,2.430000066757202,2.3299999237060547,2.4100000858306885,1819741
2025-07-23,2.3499999046325684,2.3499999046325684,2.369999885559082,2.3299999237060547,2.3499999046325684,816851
2025-07-24,2.3499999046325684,2.3499999046325684,2.369999885559082,2.309999942779541,2.309999942779541,628059
2025-07-25,2.3299999237060547,2.3299999237060547,2.3499999046325684,2.309999942779541,2.3299999237060547,685915
2025-07-28,2.2799999713897705,2.2799999713897705,2.3299999237060547,2.2799999713897705,2.2799999713897705,2009977
2025-07-29,2.2899999618530273,2.2899999618530273,2.309999942779541,2.2699999809265137,2.2799999713897705,631524
2025-07-30,2.2899999618530273,2.2899999618530273,2.299999952316284,2.2799999713897705,2.2899999618530273,369078
2025-07-31,2.240000009536743,2.240000009536743,2.2799999713897705,2.2300000190734863,2.2300000190734863,1736079
2025-08-01,2.2300000190734863,2.2300000190734863,2.259999990463257,2.2300000190734863,2.240000009536743,444979
2025-08-04,2.2300000190734863,2.2300000190734863,2.25,2.2200000286102295,2.240000009536743,937045
2025-08-05,2.25,2.25,2.259999990463257,2.200000047683716,2.240000009536743,758228
2025-08-06,2.2200000286102295,2.2200000286102295,2.259999990463257,2.2100000381469727,2.240000009536743,646066
2025-08-07,2.180000066757202,2.180000066757202,2.2100000381469727,2.1500000953674316,2.200000047683716,1192057
2025-08-08,2.1700000762939453,2.1700000762939453,2.200000047683716,2.130000114440918,2.200000047683716,681685
2025-08-11,2.1700000762939453,2.1700000762939453,2.190000057220459,2.1600000858306885,2.190000057220459,495526
2025-08-12,2.2200000286102295,2.2200000286102295,2.240000009536743,2.130000114440918,2.130000114440918,718615
2025-08-13,2.180000066757202,2.180000066757202,2.240000009536743,2.1700000762939453,2.2200000286102295,901505
2025-08-14,2.130000114440918,2.130000114440918,2.200000047683716,2.0899999141693115,2.190000057220459,1905028
2025-08-18,2.109999895095825,2.109999895095825,2.1600000858306885,2.0999999046325684,2.130000114440918,940292
2025-08-19,2.0799999237060547,2.0799999237060547,2.119999885559082,2.069999933242798,2.119999885559082,1929297
2025-08-20,2.1600000858306885,2.1600000858306885,2.1700000762939453,2.0799999237060547,2.0899999141693115,2175970
2025-08-21,2.2100000381469727,2.2100000381469727,2.240000009536743,2.180000066757202,2.180000066757202,1482744
2025-08-22,2.190000057220459,2.190000057220459,2.240000009536743,2.1700000762939453,2.240000009536743,659228
2025-08-25,2.140000104904175,2.140000104904175,2.2200000286102295,2.119999885559082,2.2200000286102295,946891
2025-08-26,2.0999999046325684,2.0999999046325684,2.1500000953674316,2.0999999046325684,2.140000104904175,844830
2025-08-28,2.0799999237060547,2.0799999237060547,2.130000114440918,2.069999933242798,2.0899999141693115,1368550
2025-08-29,2.0799999237060547,2.0799999237060547,2.0999999046325684,2.049999952316284,2.0999999046325684,1340167
2025-09-01,2.0799999237060547,2.0799999237060547,2.109999895095825,2.059999942779541,2.069999933242798,810719
2025-09-02,2.0899999141693115,2.0899999141693115,2.109999895095825,2.0299999713897705,2.0799999237060547,3099361
2025-09-03,2.0799999237060547,2.0799999237060547,2.109999895095825,2.069999933242798,2.0999999046325684,684386
2025-09-04,2.0799999237060547,2.0799999237060547,2.109999895095825,2.059999942779541,2.0799999237060547,733851
2025-09-05,2.0799999237060547,2.0799999237060547,2.119999885559082,2.059999942779541,2.069999933242798,852195
2025-09-08,2.109999895095825,2.109999895095825,2.140000104904175,2.069999933242798,2.0899999141693115,1234697
2025-09-09,2.0799999237060547,2.0799999237060547,2.140000104904175,2.069999933242798,2.119999885559082,1013557
2025-09-10,2.069999933242798,2.069999933242798,2.0999999046325684,2.059999942779541,2.0899999141693115,776873
2025-09-11,2.059999942779541,2.059999942779541,2.0899999141693115,2.059999942779541,2.069999933242798,755430
2025-09-12,2.069999933242798,2.069999933242798,2.0799999237060547,2.059999942779541,2.069999933242798,841629
2025-09-15,2.059999942779541,2.059999942779541,2.0799999237060547,2.049999952316284,2.0799999237060547,821203
2025-09-16,2.049999952316284,2.049999952316284,2.069999933242798,2.049999952316284,2.049999952316284,1218117
2025-09-17,2.059999942779541,2.059999942779541,2.0999999046325684,2.049999952316284,2.049999952316284,822052
2025-09-18,2.0799999237060547,2.0799999237060547,2.0999999046325684,2.049999952316284,2.0999999046325684,932068
2025-09-19,2.0899999141693115,2.0899999141693115,2.0999999046325684,2.069999933242798,2.0799999237060547,1353938
2025-09-22,2.069999933242798,2.069999933242798,2.109999895095825,2.059999942779541,2.109999895095825,1020536
2025-09-23,2.049999952316284,2.049999952316284,2.0999999046325684,2.049999952316284,2.069999933242798,893175
2025-09-24,2.0399999618530273,2.0399999618530273,2.0799999237060547,2.0299999713897705,2.059999942779541,554173
2025-09-25,2.0199999809265137,2.0199999809265137,2.069999933242798,2.009999990463257,2.0399999618530273,1164029
2025-09-26,2.009999990463257,2.009999990463257,2.0299999713897705,2.0,2.009999990463257,892228
2025-09-29,1.9800000190734863,1.9800000190734863,2.0199999809265137,1.9800000190734863,1.9900000095367432,288552
2025-09-30,1.9800000190734863,1.9800000190734863,2.0,1.9700000286102295,1.9800000190734863,220443
2025-10-01,1.9700000286102295,1.9700000286102295,2.0,1.9299999475479126,2.0,456826
2025-10-03,2.0199999809265137,2.0199999809265137,2.0399999618530273,1.9600000381469727,1.9800000190734863,412988
2025-10-06,1.9800000190734863,1.9800000190734863,2.0399999618530273,1.9700000286102295,2.0199999809265137,703720
2025-10-07,1.9800000190734863,1.9800000190734863,2.0,1.9500000476837158,2.0,796928
2025-10-08,1.9600000381469727,1.9600000381469727,2.0,1.940000057220459,1.9500000476837158,237898
2025-10-09,1.940000057220459,1.940000057220459,1.9800000190734863,1.9299999475479126,1.9600000381469727,563796
2025-10-10,1.9500000476837158,1.9500000476837158,1.9700000286102295,1.899999976158142,1.899999976158142,860340
2025-10-13,1.9600000381469727,1.9600000381469727,1.9700000286102295,1.9199999570846558,1.9500000476837158,604697
2025-10-14,1.899999976158142,1.899999976158142,1.9600000381469727,1.899999976158142,1.940000057220459,586097
2025-10-15,1.909999966621399,1.909999966621399,1.9199999570846558,1.8899999856948853,1.8899999856948853,102181
2025-10-16,1.909999966621399,1.909999966621399,1.940000057220459,1.899999976158142,1.940000057220459,422098
2025-10-17,1.940000057220459,1.940000057220459,1.9600000381469727,1.909999966621399,1.9199999570846558,211179
2025-10-20,1.940000057220459,1.940000057220459,1.9700000286102295,1.909999966621399,1.940000057220459,206911
2025-10-21,1.9500000476837158,1.9500000476837158,1.9600000381469727,1.9299999475479126,1.9299999475479126,83511
2025-10-23,1.9600000381469727,1.9600000381469727,1.9700000286102295,1.940000057220459,1.9500000476837158,223273
2025-10-24,1.940000057220459,1.940000057220459,1.9500000476837158,1.9199999570846558,1.9500000476837158,222931
2025-10-27,1.940000057220459,1.940000057220459,1.9500000476837158,1.9199999570846558,1.9199999570846558,152828
2025-10-28,1.9299999475479126,1.9299999475479126,1.9500000476837158,1.909999966621399,1.909999966621399,118858
2025-10-29,1.9199999570846558,1.9199999570846558,1.940000057220459,1.909999966621399,1.9299999475479126,148376
2025-10-30,1.899999976158142,1.899999976158142,1.940000057220459,1.5800000429153442,1.9199999570846558,294455
2025-10-31,1.909999966621399,1.909999966621399,1.940000057220459,1.8899999856948853,1.8899999856948853,205776
2025-11-03,1.899999976158142,1.899999976158142,1.9199999570846558,1.8899999856948853,1.909999966621399,149751
2025-11-04,1.899999976158142,1.899999976158142,1.9199999570846558,1.840000033378601,1.840000033378601,194911
2025-11-06,1.8600000143051147,1.8600000143051147,1.8899999856948853,1.850000023841858,1.8700000047683716,176113
2025-11-07,1.809999942779541,1.809999942779541,1.8600000143051147,1.809999942779541,1.8600000143051147,237413
2025-11-10,1.809999942779541,1.809999942779541,1.850000023841858,1.7899999618530273,1.7899999618530273,400135
2025-11-11,1.8200000524520874,1.8200000524520874,1.850000023841858,1.7699999809265137,1.850000023841858,272262
2025-11-12,1.8200000524520874,1.8200000524520874,1.8300000429153442,1.7999999523162842,1.8200000524520874,108507
2025-11-13,1.8200000524520874,1.8200000524520874,1.850000023841858,1.7999999523162842,1.7999999523162842,226073
2025-11-14,1.809999942779541,1.809999942779541,1.8200000524520874,1.7999999523162842,1.7999999523162842,234412
2025-11-17,1.7000000476837158,1.7000000476837158,1.7799999713897705,1.6799999475479126,1.7699999809265137,787770
2025-11-18,1.659999966621399,1.659999966621399,1.7100000381469727,1.659999966621399,1.6799999475479126,322972
2025-11-19,1.600000023841858,1.600000023841858,1.690000057220459,1.600000023841858,1.690000057220459,541049
2025-11-20,1.590000033378601,1.590000033378601,1.6299999952316284,1.5800000429153442,1.6100000143051147,571590
2025-11-21,1.5800000429153442,1.5800000429153442,1.600000023841858,1.559999942779541,1.590000033378601,209771
2025-11-24,1.5199999809265137,1.5199999809265137,1.600000023841858,1.5099999904632568,1.5800000429153442,337834
2025-11-25,1.4800000190734863,1.4800000190734863,1.5299999713897705,1.4800000190734863,1.5199999809265137,662081
2025-11-26,1.7100000381469727,1.7100000381469727,1.7300000190734863,1.4600000381469727,1.4600000381469727,1630697
2025-11-27,1.649999976158142,1.649999976158142,1.7699999809265137,1.6299999952316284,1.7599999904632568,526442
2025-11-28,1.600000023841858,1.600000023841858,1.649999976158142,1.5800000429153442,1.649999976158142,673482
2025-12-01,1.5800000429153442,1.5800000429153442,1.6200000047683716,1.5800000429153442,1.600000023841858,284513
2025-12-02,1.600000023841858,1.600000023841858,1.6200000047683716,1.559999942779541,1.600000023841858,170892
2025-12-03,1.600000023841858,1.600000023841858,1.6200000047683716,1.5800000429153442,1.5800000429153442,140387
2025-12-04,1.5800000429153442,1.5800000429153442,1.6100000143051147,1.5700000524520874,1.6100000143051147,186263
2025-12-05,1.6100000143051147,1.6100000143051147,1.6200000047683716,1.5499999523162842,1.5700000524520874,223801
2025-12-08,1.5800000429153442,1.5800000429153442,1.6100000143051147,1.559999942779541,1.600000023841858,296251
2025-12-09,1.600000023841858,1.600000023841858,1.600000023841858,1.5299999713897705,1.600000023841858,401632
2025-12-10,1.600000023841858,1.600000023841858,1.6200000047683716,1.590000033378601,1.600000023841858,245859
2025-12-11,1.600000023841858,1.600000023841858,1.6100000143051147,1.5800000429153442,1.600000023841858,171838
2025-12-12,1.600000023841858,1.600000023841858,1.6200000047683716,1.5800000429153442,1.6100000143051147,126864
2025-12-15,1.7000000476837158,1.7000000476837158,1.7400000095367432,1.590000033378601,1.600000023841858,331550
2025-12-16,1.6399999856948853,1.6399999856948853,1.7699999809265137,1.6200000047683716,1.7000000476837158,246536
2025-12-17,1.6299999952316284,1.6299999952316284,1.6699999570846558,1.5800000429153442,1.649999976158142,320902
2025-12-18,1.600000023841858,1.600000023841858,1.649999976158142,1.5700000524520874,1.649999976158142,205408
2025-12-19,1.6399999856948853,1.6399999856948853,1.649999976158142,1.5700000524520874,1.5700000524520874,226427
2025-12-22,1.6399999856948853,1.6399999856948853,1.6699999570846558,1.6200000047683716,1.6399999856948853,301805
2025-12-23,1.7000000476837158,1.7000000476837158,1.7400000095367432,1.6200000047683716,1.7400000095367432,323089
2025-12-24,1.7999999523162842,1.7999999523162842,1.850000023841858,1.6799999475479126,1.7300000190734863,1321389
2025-12-26,1.7799999713897705,1.7799999713897705,1.8300000429153442,1.75,1.8200000524520874,316913
2025-12-29,1.690000057220459,1.690000057220459,1.8200000524520874,1.5499999523162842,1.5499999523162842,523736
2025-12-30,1.690000057220459,1.690000057220459,1.7300000190734863,1.6799999475479126,1.7000000476837158,132231
2025-12-31,1.6799999475479126,1.6799999475479126,1.7300000190734863,1.6799999475479126,1.7000000476837158,715323
2026-01-01,1.690000057220459,1.690000057220459,1.7200000286102295,1.6799999475479126,1.7100000381469727,262976
2026-01-02,1.7799999713897705,1.7799999713897705,1.809999942779541,1.7000000476837158,1.7000000476837158,663471
2026-01-05,1.7200000286102295,1.7200000286102295,1.809999942779541,1.7200000286102295,1.809999942779541,228043
2026-01-06,1.7200000286102295,1.7200000286102295,1.7300000190734863,1.6799999475479126,1.7200000286102295,156478
2026-01-07,1.6699999570846558,1.6699999570846558,1.7200000286102295,1.659999966621399,1.7100000381469727,735562
2026-01-08,1.649999976158142,1.649999976158142,1.690000057220459,1.6200000047683716,1.649999976158142,236065
2026-01-09,1.6200000047683716,1.6200000047683716,1.6399999856948853,1.6100000143051147,1.6399999856948853,428745
2026-01-12,1.6100000143051147,1.6100000143051147,1.6200000047683716,1.5499999523162842,1.600000023841858,310555
2026-01-13,1.590000033378601,1.590000033378601,1.6399999856948853,1.5800000429153442,1.600000023841858,203893
2026-01-14,1.6299999952316284,1.6299999952316284,1.6699999570846558,1.5800000429153442,1.5800000429153442,178744
2026-01-16,1.600000023841858,1.600000023841858,1.6799999475479126,1.5800000429153442,1.6799999475479126,725681
2026-01-19,1.5499999523162842,1.5499999523162842,1.6200000047683716,1.5199999809265137,1.6100000143051147,416481
2026-01-20,1.5,1.5,1.5299999713897705,1.5,1.5199999809265137,399306
2026-01-21,1.5,1.5,1.600000023841858,1.4199999570846558,1.5,581844
2026-01-22,1.4900000095367432,1.4900000095367432,1.5299999713897705,1.4800000190734863,1.5299999713897705,365209
2026-01-23,1.4900000095367432,1.4900000095367432,1.5099999904632568,1.4500000476837158,1.4900000095367432,411806
2026-01-27,1.4700000286102295,1.4700000286102295,1.5,1.4600000381469727,1.4600000381469727,245857
2026-01-28,1.5099999904632568,1.5099999904632568,1.5299999713897705,1.4199999570846558,1.4800000190734863,324877
2026-01-29,1.4900000095367432,1.4900000095367432,1.5399999618530273,1.4800000190734863,1.5299999713897705,517783
2026-01-30,1.5299999713897705,1.5299999713897705,1.5399999618530273,1.4700000286102295,1.5,409842
2026-02-02,1.5,1.5,1.559999942779541,1.4600000381469727,1.5,450064
2026-02-03,1.5700000524520874,1.5700000524520874,1.6200000047683716,1.5199999809265137,1.5199999809265137,448513
2026-02-04,1.649999976158142,1.649999976158142,1.6699999570846558,1.5800000429153442,1.600000023841858,279755
2026-02-05,1.6100000143051147,1.6100000143051147,1.659999966621399,1.590000033378601,1.649999976158142,408024
2026-02-06,1.5099999904632568,1.5099999904632568,1.590000033378601,1.4800000190734863,1.590000033378601,409233
2026-02-09,1.5399999618530273,1.5399999618530273,1.5499999523162842,1.4900000095367432,1.5199999809265137,329476
2026-02-10,1.559999942779541,1.559999942779541,1.600000023841858,1.5399999618530273,1.5399999618530273,144151
2026-02-11,1.5399999618530273,1.5399999618530273,1.5800000429153442,1.5299999713897705,1.5700000524520874,132077
2026-02-12,1.5199999809265137,1.5199999809265137,1.5399999618530273,1.5099999904632568,1.5299999713897705,208617
2026-02-13,1.5,1.5,1.5199999809265137,1.4800000190734863,1.5099999904632568,459204
2026-02-16,1.5199999809265137,1.5199999809265137,1.5299999713897705,1.4900000095367432,1.5099999904632568,242835
2026-02-17,1.5099999904632568,1.5099999904632568,1.5299999713897705,1.5,1.5299999713897705,209983
2026-02-18,1.5099999904632568,1.5099999904632568,1.5299999713897705,1.5,1.5199999809265137,232969
2026-02-19,1.5,1.5,1.5199999809265137,1.4900000095367432,1.5099999904632568,202245
2026-02-20,1.4900000095367432,1.4900000095367432,1.5099999904632568,1.4800000190734863,1.5099999904632568,87233
2026-02-23,1.4700000286102295,1.4700000286102295,1.5099999904632568,1.4600000381469727,1.4900000095367432,228110
2026-02-24,1.4800000190734863,1.4800000190734863,1.5,1.4500000476837158,1.4500000476837158,233974
2026-02-25,1.4700000286102295,1.4700000286102295,1.5199999809265137,1.4700000286102295,1.5199999809265137,185856
2026-02-26,1.399999976158142,1.399999976158142,1.4900000095367432,1.3700000047683716,1.4700000286102295,685407
2026-02-27,1.399999976158142,1.399999976158142,1.4199999570846558,1.3700000047683716,1.409999966621399,477129
2026-03-02,1.340000033378601,1.340000033378601,1.3700000047683716,1.309999942779541,1.3300000429153442,361052
2026-03-04,1.3200000524520874,1.3200000524520874,1.340000033378601,1.2799999713897705,1.340000033378601,419813
2026-03-05,1.3300000429153442,1.3300000429153442,1.350000023841858,1.2999999523162842,1.309999942779541,415552
2026-03-06,1.340000033378601,1.340000033378601,1.3799999952316284,1.3200000524520874,1.3300000429153442,249891
2026-03-09,1.2999999523162842,1.2999999523162842,1.3300000429153442,1.2799999713897705,1.3300000429153442,475891
2026-03-10,1.3200000524520874,1.3200000524520874,1.3300000429153442,1.2699999809265137,1.309999942779541,774691
2026-03-11,1.309999942779541,1.309999942779541,1.3300000429153442,1.2999999523162842,1.3200000524520874,562691
2026-03-12,1.2999999523162842,1.2999999523162842,1.3300000429153442,1.2599999904632568,1.2899999618530273,432874
2026-03-13,1.309999942779541,1.309999942779541,1.350000023841858,1.2899999618530273,1.2899999618530273,463726
2026-03-16,1.2400000095367432,1.2400000095367432,1.309999942779541,1.2000000476837158,1.2899999618530273,857598
2026-03-17,1.2699999809265137,1.2699999809265137,1.2899999618530273,1.2100000381469727,1.2400000095367432,572345
2026-03-18,1.3200000524520874,1.3200000524520874,1.350000023841858,1.25,1.25,546383
2026-03-19,1.2599999904632568,1.2599999904632568,1.2999999523162842,1.2200000286102295,1.2999999523162842,631351
2026-03-20,1.2599999904632568,1.2599999904632568,1.2799999713897705,1.25,1.25,461990
2026-03-23,1.2100000381469727,1.2100000381469727,1.2599999904632568,1.159999966621399,1.2599999904632568,840669
2026-03-24,1.2100000381469727,1.2100000381469727,1.25,1.159999966621399,1.1799999475479126,713033
2026-03-25,1.2000000476837158,1.2000000476837158,1.2400000095367432,1.159999966621399,1.2000000476837158,681578
2026-03-27,1.090000033378601,1.090000033378601,1.2100000381469727,1.0299999713897705,1.190000057220459,1598535
2026-03-30,0.9900000095367432,0.9900000095367432,1.0800000429153442,0.949999988079071,1.0800000429153442,2051090
2026-04-01,1.1299999952316284,1.1299999952316284,1.1699999570846558,0.9900000095367432,0.9900000095367432,806814
2026-04-02,1.190000057220459,1.190000057220459,1.2000000476837158,1.0,1.1200000047683716,966463
2026-04-06,1.2400000095367432,1.2400000095367432,1.25,1.190000057220459,1.25,700475
